esco_skill_id,esco_skill_label,onet_element_id,onet_element_name,onet_element_type,similarity,rank,confident
esco_0,literacy and numeracy,2.C.4.a,Mathematics,knowledge,0.5618957281112671,1,True
esco_0,literacy and numeracy,2.A.1.e,Mathematics,skill,0.528012752532959,2,True
esco_0,literacy and numeracy,1.A.1.c.2,Number Facility,ability,0.443168580532074,3,False
esco_1,education,2.C.6,Education and Training,knowledge,0.5805906653404236,1,True
esco_1,education,2.C.4.e,Psychology,knowledge,0.44292742013931274,2,False
esco_1,education,2.B.1.e,Instructing,skill,0.4361838698387146,3,False
esco_2,music and performing arts,2.C.7.c,Fine Arts,knowledge,0.43323349952697754,1,False
esco_2,music and performing arts,2.C.7.d,History and Archeology,knowledge,0.2730872929096222,2,False
esco_2,music and performing arts,2.C.3.a,Computers and Electronics,knowledge,0.2702676057815552,3,False
esco_3,languages,2.C.7.b,Foreign Language,knowledge,0.48859524726867676,1,True
esco_3,languages,2.B.3.e,Programming,skill,0.4440270960330963,2,False
esco_3,languages,2.C.7.a,English Language,knowledge,0.4370877742767334,3,False
esco_4,journalism and information,2.C.9.b,Communications and Media,knowledge,0.518124520778656,1,True
esco_4,journalism and information,2.A.1.c,Writing,skill,0.4153744578361511,2,False
esco_4,journalism and information,2.C.9.a,Telecommunications,knowledge,0.37454769015312195,3,False
esco_5,journalism and reporting,2.C.9.b,Communications and Media,knowledge,0.4638049602508545,1,True
esco_5,journalism and reporting,2.C.8.b,Law and Government,knowledge,0.3770650327205658,2,False
esco_5,journalism and reporting,2.C.4.f,Sociology and Anthropology,knowledge,0.3652915954589844,3,False
esco_6,accounting and taxation,2.C.1.c,Economics and Accounting,knowledge,0.5846236944198608,1,True
esco_6,accounting and taxation,2.B.5.b,Management of Financial Resources,skill,0.47522544860839844,2,True
esco_6,accounting and taxation,2.C.4.a,Mathematics,knowledge,0.388200044631958,3,False
esco_7,"finance, banking and insurance",2.C.1.c,Economics and Accounting,knowledge,0.4969298839569092,1,True
esco_7,"finance, banking and insurance",2.B.5.b,Management of Financial Resources,skill,0.3479269742965698,2,False
esco_7,"finance, banking and insurance",2.C.4.a,Mathematics,knowledge,0.30168262124061584,3,False
esco_8,management and administration,2.C.1.a,Administration and Management,knowledge,0.656721830368042,1,True
esco_8,management and administration,2.B.5.d,Management of Personnel Resources,skill,0.5537062883377075,2,True
esco_8,management and administration,2.C.1.f,Personnel and Human Resources,knowledge,0.5426740646362305,3,True
esco_9,marketing and advertising,2.C.1.d,Sales and Marketing,knowledge,0.5358704328536987,1,True
esco_9,marketing and advertising,2.C.2.a,Production and Processing,knowledge,0.3417761027812958,2,False
esco_9,marketing and advertising,2.C.1.e,Customer and Personal Service,knowledge,0.3327801823616028,3,False
esco_10,secretarial and office work,2.C.1.b,Administrative,knowledge,0.509701132774353,1,True
esco_10,secretarial and office work,2.C.1.f,Personnel and Human Resources,knowledge,0.47465527057647705,2,True
esco_10,secretarial and office work,2.B.5.d,Management of Personnel Resources,skill,0.4600096046924591,3,True
esco_11,wholesale and retail sales,2.C.1.d,Sales and Marketing,knowledge,0.520465612411499,1,True
esco_11,wholesale and retail sales,2.C.2.a,Production and Processing,knowledge,0.44531843066215515,2,False
esco_11,wholesale and retail sales,2.C.1.a,Administration and Management,knowledge,0.36681926250457764,3,False
esco_12,law,2.C.8.b,Law and Government,knowledge,0.566103994846344,1,True
esco_12,law,2.A.1.f,Science,skill,0.3828582763671875,2,False
esco_12,law,1.A.1.b.4,Deductive Reasoning,ability,0.2937033772468567,3,False
esco_13,environment,2.B.5.a,Time Management,skill,0.3268973231315613,1,False
esco_13,environment,2.B.5.c,Management of Material Resources,skill,0.3141193389892578,2,False
esco_13,environment,2.B.4.g,Systems Analysis,skill,0.3114015460014343,3,False
esco_14,environmental sciences,2.C.4.d,Biology,knowledge,0.5184612274169922,1,True
esco_14,environmental sciences,2.C.4.g,Geography,knowledge,0.48409464955329895,2,True
esco_14,environmental sciences,2.A.1.f,Science,skill,0.4495680034160614,3,False
esco_15,mathematics and statistics,2.C.4.a,Mathematics,knowledge,0.6769410371780396,1,True
esco_15,mathematics and statistics,2.A.1.e,Mathematics,skill,0.5887415409088135,2,True
esco_15,mathematics and statistics,2.A.1.f,Science,skill,0.4600994884967804,3,True
esco_16,mathematics,2.A.1.e,Mathematics,skill,0.6476845741271973,1,True
esco_16,mathematics,2.C.4.a,Mathematics,knowledge,0.5750893950462341,2,True
esco_16,mathematics,1.A.1.c.1,Mathematical Reasoning,ability,0.5044612288475037,3,True
esco_17,statistics,2.C.4.a,Mathematics,knowledge,0.48399949073791504,1,True
esco_17,statistics,2.A.1.f,Science,skill,0.4292038083076477,2,False
esco_17,statistics,1.A.1.b.4,Deductive Reasoning,ability,0.3992099463939667,3,False
esco_18,information and communication technologies (icts),2.C.9.a,Telecommunications,knowledge,0.48093181848526,1,True
esco_18,information and communication technologies (icts),2.C.9.b,Communications and Media,knowledge,0.4502311050891876,2,True
esco_18,information and communication technologies (icts),2.C.3.a,Computers and Electronics,knowledge,0.43084654211997986,3,False
esco_19,computer use,2.C.3.a,Computers and Electronics,knowledge,0.5130611658096313,1,True
esco_19,computer use,2.B.3.e,Programming,skill,0.4734002351760864,2,True
esco_19,computer use,2.C.9.a,Telecommunications,knowledge,0.34314587712287903,3,False
esco_20,database and network design and administration,2.C.1.a,Administration and Management,knowledge,0.4119764566421509,1,False
esco_20,database and network design and administration,2.B.3.a,Operations Analysis,skill,0.392342746257782,2,False
esco_20,database and network design and administration,2.B.4.g,Systems Analysis,skill,0.3720030188560486,3,False
esco_21,software and applications development and analysis,2.B.3.e,Programming,skill,0.5269788503646851,1,True
esco_21,software and applications development and analysis,2.B.3.a,Operations Analysis,skill,0.4621334671974182,2,True
esco_21,software and applications development and analysis,2.C.3.a,Computers and Electronics,knowledge,0.43957746028900146,3,False
esco_22,engineering and engineering trades,2.C.3.b,Engineering and Technology,knowledge,0.5751120448112488,1,True
esco_22,engineering and engineering trades,2.C.3.a,Computers and Electronics,knowledge,0.5515532493591309,2,True
esco_22,engineering and engineering trades,2.C.3.d,Building and Construction,knowledge,0.40742188692092896,3,False
esco_23,chemical engineering and processes,2.C.4.c,Chemistry,knowledge,0.5334324836730957,1,True
esco_23,chemical engineering and processes,2.C.2.a,Production and Processing,knowledge,0.4675903022289276,2,True
esco_23,chemical engineering and processes,2.C.3.b,Engineering and Technology,knowledge,0.39533644914627075,3,False
esco_24,architecture and construction,2.C.3.d,Building and Construction,knowledge,0.6870326399803162,1,True
esco_24,architecture and construction,2.C.3.c,Design,knowledge,0.45734864473342896,2,True
esco_24,architecture and construction,2.C.7.d,History and Archeology,knowledge,0.3785453140735626,3,False
esco_25,architecture and town planning,2.C.3.d,Building and Construction,knowledge,0.5154964923858643,1,True
esco_25,architecture and town planning,2.C.3.c,Design,knowledge,0.4086255431175232,2,False
esco_25,architecture and town planning,2.C.4.g,Geography,knowledge,0.3633306920528412,3,False
esco_26,building and civil engineering,2.C.3.d,Building and Construction,knowledge,0.6530776023864746,1,True
esco_26,building and civil engineering,2.C.3.c,Design,knowledge,0.4407370686531067,2,False
esco_26,building and civil engineering,2.C.3.b,Engineering and Technology,knowledge,0.3904009461402893,3,False
esco_27,horticulture,2.C.4.d,Biology,knowledge,0.5071960687637329,1,True
esco_27,horticulture,2.C.2.b,Food Production,knowledge,0.47588562965393066,2,True
esco_27,horticulture,2.C.2.a,Production and Processing,knowledge,0.3535308539867401,3,False
esco_28,nursing and midwifery,2.C.5.a,Medicine and Dentistry,knowledge,0.32638055086135864,1,False
esco_28,nursing and midwifery,2.C.6,Education and Training,knowledge,0.3202899098396301,2,False
esco_28,nursing and midwifery,2.A.2.c,Learning Strategies,skill,0.31847554445266724,3,False
esco_29,therapy and rehabilitation,2.C.5.b,Therapy and Counseling,knowledge,0.7155554294586182,1,True
esco_29,therapy and rehabilitation,2.C.6,Education and Training,knowledge,0.46184515953063965,2,True
esco_29,therapy and rehabilitation,2.C.4.e,Psychology,knowledge,0.45813995599746704,3,True
esco_30,pharmacy,2.C.5.a,Medicine and Dentistry,knowledge,0.4017479419708252,1,False
esco_30,pharmacy,2.C.4.c,Chemistry,knowledge,0.35590898990631104,2,False
esco_30,pharmacy,2.C.2.a,Production and Processing,knowledge,0.35355114936828613,3,False
esco_31,welfare,2.B.1.f,Service Orientation,skill,0.2956121265888214,1,False
esco_31,welfare,2.C.4.f,Sociology and Anthropology,knowledge,0.255421906709671,2,False
esco_31,welfare,2.C.5.b,Therapy and Counseling,knowledge,0.23064859211444855,3,False
esco_32,services,2.B.1.f,Service Orientation,skill,0.5382125973701477,1,True
esco_32,services,2.C.1.e,Customer and Personal Service,knowledge,0.4987827241420746,2,True
esco_32,services,2.B.3.l,Repairing,skill,0.33254989981651306,3,False
esco_33,occupational health and safety,2.B.3.j,Equipment Maintenance,skill,0.5216330885887146,1,True
esco_33,occupational health and safety,2.C.1.f,Personnel and Human Resources,knowledge,0.47843462228775024,2,True
esco_33,occupational health and safety,2.C.5.a,Medicine and Dentistry,knowledge,0.43274733424186707,3,False
esco_34,security services,2.C.8.a,Public Safety and Security,knowledge,0.5903035998344421,1,True
esco_34,security services,2.C.1.e,Customer and Personal Service,knowledge,0.4025542736053467,2,False
esco_34,security services,2.B.3.j,Equipment Maintenance,skill,0.35015857219696045,3,False
esco_35,apply anti-oppressive practices,2.B.1.f,Service Orientation,skill,0.4363594055175781,1,False
esco_35,apply anti-oppressive practices,2.B.1.e,Instructing,skill,0.3599780201911926,2,False
esco_35,apply anti-oppressive practices,2.C.5.b,Therapy and Counseling,knowledge,0.35485726594924927,3,False
esco_36,show initiative,2.B.1.e,Instructing,skill,0.4166962206363678,1,False
esco_36,show initiative,2.B.2.i,Complex Problem Solving,skill,0.3893556594848633,2,False
esco_36,show initiative,2.B.5.d,Management of Personnel Resources,skill,0.3790091872215271,3,False
esco_37,lead police investigations,2.C.4.e,Psychology,knowledge,0.4396878182888031,1,False
esco_37,lead police investigations,2.C.8.a,Public Safety and Security,knowledge,0.4224628508090973,2,False
esco_37,lead police investigations,2.B.5.d,Management of Personnel Resources,skill,0.40063127875328064,3,False
esco_38,influence public policies,2.B.1.d,Negotiation,skill,0.4360804557800293,1,False
esco_38,influence public policies,2.C.8.b,Law and Government,knowledge,0.42800480127334595,2,False
esco_38,influence public policies,2.B.1.c,Persuasion,skill,0.4279578924179077,3,False
esco_39,draft scientific or academic papers and technical documentation,2.A.1.c,Writing,skill,0.4466801881790161,1,False
esco_39,draft scientific or academic papers and technical documentation,1.A.1.a.4,Written Expression,ability,0.44277796149253845,2,False
esco_39,draft scientific or academic papers and technical documentation,2.A.1.f,Science,skill,0.36392489075660706,3,False
esco_40,incremental development,2.B.3.b,Technology Design,skill,0.3929320275783539,1,False
esco_40,incremental development,2.B.3.e,Programming,skill,0.39182916283607483,2,False
esco_40,incremental development,2.B.4.g,Systems Analysis,skill,0.3653189539909363,3,False
esco_41,develop a rehabilitation programme,2.C.5.b,Therapy and Counseling,knowledge,0.6097190976142883,1,True
esco_41,develop a rehabilitation programme,2.B.1.f,Service Orientation,skill,0.44987061619758606,2,False
esco_41,develop a rehabilitation programme,2.C.6,Education and Training,knowledge,0.4464569091796875,3,False
esco_42,advise on construction materials,2.C.3.d,Building and Construction,knowledge,0.5616191625595093,1,True
esco_42,advise on construction materials,2.B.5.c,Management of Material Resources,skill,0.4413604736328125,2,False
esco_42,advise on construction materials,2.B.3.c,Equipment Selection,skill,0.4314025342464447,3,False
esco_43,keep up to date on product knowledge,2.C.3.a,Computers and Electronics,knowledge,0.40165790915489197,1,False
esco_43,keep up to date on product knowledge,2.A.2.b,Active Learning,skill,0.3756789565086365,2,False
esco_43,keep up to date on product knowledge,2.C.1.d,Sales and Marketing,knowledge,0.3300914168357849,3,False
esco_44,network engineering,2.C.3.b,Engineering and Technology,knowledge,0.39115023612976074,1,False
esco_44,network engineering,2.C.9.a,Telecommunications,knowledge,0.38934460282325745,2,False
esco_44,network engineering,2.B.3.a,Operations Analysis,skill,0.38298630714416504,3,False
esco_45,migrate existing data,2.B.3.l,Repairing,skill,0.2837587594985962,1,False
esco_45,migrate existing data,2.C.3.a,Computers and Electronics,knowledge,0.27453967928886414,2,False
esco_45,migrate existing data,2.B.3.c,Equipment Selection,skill,0.2576638460159302,3,False
esco_46,self-management skills and competences,2.B.5.a,Time Management,skill,0.5523449182510376,1,True
esco_46,self-management skills and competences,2.B.5.d,Management of Personnel Resources,skill,0.5037419199943542,2,True
esco_46,self-management skills and competences,2.C.1.a,Administration and Management,knowledge,0.45145493745803833,3,True
esco_47,define database physical structure,2.B.3.e,Programming,skill,0.35845738649368286,1,False
esco_47,define database physical structure,2.C.3.a,Computers and Electronics,knowledge,0.34022942185401917,2,False
esco_47,define database physical structure,2.B.3.d,Installation,skill,0.3329737186431885,3,False
esco_48,geomatics,2.C.4.g,Geography,knowledge,0.5018031001091003,1,True
esco_48,geomatics,2.C.4.a,Mathematics,knowledge,0.40809351205825806,2,False
esco_48,geomatics,2.A.1.e,Mathematics,skill,0.4040936231613159,3,False
esco_49,follow procedures to control substances hazardous to health,2.C.8.a,Public Safety and Security,knowledge,0.43397656083106995,1,False
esco_49,follow procedures to control substances hazardous to health,2.B.3.j,Equipment Maintenance,skill,0.39048686623573303,2,False
esco_49,follow procedures to control substances hazardous to health,2.A.1.f,Science,skill,0.3670438230037689,3,False
esco_50,ensure infrastructure accessibility,2.C.3.d,Building and Construction,knowledge,0.3892377018928528,1,False
esco_50,ensure infrastructure accessibility,2.C.8.a,Public Safety and Security,knowledge,0.3801429867744446,2,False
esco_50,ensure infrastructure accessibility,2.B.5.c,Management of Material Resources,skill,0.37105250358581543,3,False
esco_51,configure electronic equipment,2.B.3.j,Equipment Maintenance,skill,0.6054418683052063,1,True
esco_51,configure electronic equipment,2.B.3.c,Equipment Selection,skill,0.5208184719085693,2,True
esco_51,configure electronic equipment,2.B.3.d,Installation,skill,0.5180174112319946,3,True
esco_52,collaborating in teams and networks,2.A.1.d,Speaking,skill,0.45469844341278076,1,True
esco_52,collaborating in teams and networks,2.B.1.b,Coordination,skill,0.4186587631702423,2,False
esco_52,collaborating in teams and networks,2.B.1.d,Negotiation,skill,0.3813340663909912,3,False
esco_53,carry out event management,2.C.1.a,Administration and Management,knowledge,0.5061113834381104,1,True
esco_53,carry out event management,2.B.5.d,Management of Personnel Resources,skill,0.4942114055156708,2,True
esco_53,carry out event management,2.B.5.a,Time Management,skill,0.4213644564151764,3,False
esco_54,keep sheet records,2.B.5.b,Management of Financial Resources,skill,0.29319825768470764,1,False
esco_54,keep sheet records,1.A.1.c.2,Number Facility,ability,0.2770077586174011,2,False
esco_54,keep sheet records,2.B.3.g,Operations Monitoring,skill,0.27012985944747925,3,False
esco_55,create solutions to problems,2.A.2.a,Critical Thinking,skill,0.5865581035614014,1,True
esco_55,create solutions to problems,2.B.2.i,Complex Problem Solving,skill,0.5491642951965332,2,True
esco_55,create solutions to problems,2.A.1.e,Mathematics,skill,0.5267547369003296,3,True
esco_56,"installing, maintaining and repairing mechanical equipment",2.B.3.j,Equipment Maintenance,skill,0.6298176050186157,1,True
esco_56,"installing, maintaining and repairing mechanical equipment",2.B.3.l,Repairing,skill,0.6163966655731201,2,True
esco_56,"installing, maintaining and repairing mechanical equipment",2.B.3.d,Installation,skill,0.5838117003440857,3,True
esco_57,criminology,2.C.4.f,Sociology and Anthropology,knowledge,0.42301511764526367,1,False
esco_57,criminology,2.C.8.a,Public Safety and Security,knowledge,0.3559369444847107,2,False
esco_57,criminology,2.C.4.e,Psychology,knowledge,0.33833158016204834,3,False
esco_58,test materials,2.A.2.c,Learning Strategies,skill,0.5320310592651367,1,True
esco_58,test materials,1.A.1.a.2,Written Comprehension,ability,0.5034756660461426,2,True
esco_58,test materials,1.A.1.d.1,Memorization,ability,0.5003534555435181,3,True
esco_59,forensic pathology,2.C.5.a,Medicine and Dentistry,knowledge,0.38713008165359497,1,False
esco_59,forensic pathology,2.C.7.d,History and Archeology,knowledge,0.2913781702518463,2,False
esco_59,forensic pathology,2.C.4.e,Psychology,knowledge,0.23815301060676575,3,False
esco_60,advise others,2.A.1.d,Speaking,skill,0.46691542863845825,1,True
esco_60,advise others,2.B.1.e,Instructing,skill,0.4667876362800598,2,True
esco_60,advise others,2.B.1.f,Service Orientation,skill,0.43180346488952637,3,False
esco_61,SAS language,2.B.3.e,Programming,skill,0.4772574305534363,1,True
esco_61,SAS language,2.C.3.a,Computers and Electronics,knowledge,0.4219905734062195,2,False
esco_61,SAS language,2.C.9.a,Telecommunications,knowledge,0.35602664947509766,3,False
esco_62,use an application-specific interface,2.B.3.b,Technology Design,skill,0.32283759117126465,1,False
esco_62,use an application-specific interface,2.B.3.e,Programming,skill,0.31542858481407166,2,False
esco_62,use an application-specific interface,2.C.3.a,Computers and Electronics,knowledge,0.28507596254348755,3,False
esco_63,audit contractors,2.C.1.f,Personnel and Human Resources,knowledge,0.41113123297691345,1,False
esco_63,audit contractors,2.B.5.b,Management of Financial Resources,skill,0.4077463746070862,2,False
esco_63,audit contractors,2.C.1.c,Economics and Accounting,knowledge,0.4039570689201355,3,False
esco_64,continuous improvement philosophies,2.B.5.d,Management of Personnel Resources,skill,0.44363486766815186,1,False
esco_64,continuous improvement philosophies,2.B.4.g,Systems Analysis,skill,0.42327210307121277,2,False
esco_64,continuous improvement philosophies,2.B.5.b,Management of Financial Resources,skill,0.4144541025161743,3,False
esco_65,produce materials for decision making,2.B.5.c,Management of Material Resources,skill,0.5002689957618713,1,True
esco_65,produce materials for decision making,2.A.2.b,Active Learning,skill,0.4973524212837219,2,True
esco_65,produce materials for decision making,2.C.2.a,Production and Processing,knowledge,0.49358469247817993,3,True
esco_66,perform online data analysis,2.B.3.e,Programming,skill,0.4169372022151947,1,False
esco_66,perform online data analysis,2.C.3.a,Computers and Electronics,knowledge,0.3397555947303772,2,False
esco_66,perform online data analysis,2.B.3.a,Operations Analysis,skill,0.337406188249588,3,False
esco_67,manage land resources permits,2.B.5.c,Management of Material Resources,skill,0.46254247426986694,1,True
esco_67,manage land resources permits,2.C.8.b,Law and Government,knowledge,0.4075350761413574,2,False
esco_67,manage land resources permits,2.B.5.d,Management of Personnel Resources,skill,0.3934735655784607,3,False
esco_68,manage IT security compliances,2.C.3.a,Computers and Electronics,knowledge,0.37538278102874756,1,False
esco_68,manage IT security compliances,2.B.3.j,Equipment Maintenance,skill,0.3681941628456116,2,False
esco_68,manage IT security compliances,2.C.8.a,Public Safety and Security,knowledge,0.360219269990921,3,False
esco_69,identify statistical patterns,1.A.1.b.4,Deductive Reasoning,ability,0.44948258996009827,1,False
esco_69,identify statistical patterns,1.A.1.e.1,Speed of Closure,ability,0.4383719563484192,2,False
esco_69,identify statistical patterns,1.A.1.b.5,Inductive Reasoning,ability,0.4248427748680115,3,False
esco_70,program management,2.B.5.b,Management of Financial Resources,skill,0.5092587471008301,1,True
esco_70,program management,2.B.5.d,Management of Personnel Resources,skill,0.5063858032226562,2,True
esco_70,program management,2.B.3.e,Programming,skill,0.4833582639694214,3,True
esco_71,legal studies,2.C.8.b,Law and Government,knowledge,0.6044877171516418,1,True
esco_71,legal studies,2.C.1.a,Administration and Management,knowledge,0.4508841633796692,2,True
esco_71,legal studies,2.C.1.c,Economics and Accounting,knowledge,0.43468332290649414,3,False
esco_72,domain name service,2.C.9.a,Telecommunications,knowledge,0.2811642587184906,1,False
esco_72,domain name service,2.C.1.e,Customer and Personal Service,knowledge,0.22125597298145294,2,False
esco_72,domain name service,2.B.3.b,Technology Design,skill,0.21115583181381226,3,False
esco_73,use experience map,2.C.3.a,Computers and Electronics,knowledge,0.458438515663147,1,True
esco_73,use experience map,2.B.3.e,Programming,skill,0.38599953055381775,2,False
esco_73,use experience map,2.B.5.d,Management of Personnel Resources,skill,0.3350090980529785,3,False
esco_74,mathematical modelling,2.A.1.e,Mathematics,skill,0.5208744406700134,1,True
esco_74,mathematical modelling,2.C.4.a,Mathematics,knowledge,0.4516167640686035,2,True
esco_74,mathematical modelling,2.A.1.f,Science,skill,0.4438680410385132,3,False
esco_75,manage government-funded programmes,2.B.5.d,Management of Personnel Resources,skill,0.5425992608070374,1,True
esco_75,manage government-funded programmes,2.B.5.b,Management of Financial Resources,skill,0.5098719000816345,2,True
esco_75,manage government-funded programmes,2.C.1.a,Administration and Management,knowledge,0.5076305270195007,3,True
esco_76,"organising, planning and scheduling work and activities",2.B.5.a,Time Management,skill,0.613446056842804,1,True
esco_76,"organising, planning and scheduling work and activities",2.B.5.d,Management of Personnel Resources,skill,0.5118666887283325,2,True
esco_76,"organising, planning and scheduling work and activities",2.B.5.c,Management of Material Resources,skill,0.45659559965133667,3,True
esco_77,normalise data,2.B.3.e,Programming,skill,0.31365883350372314,1,False
esco_77,normalise data,1.A.1.c.2,Number Facility,ability,0.2970718741416931,2,False
esco_77,normalise data,2.B.3.j,Equipment Maintenance,skill,0.2957726716995239,3,False
esco_78,work in an international environment,2.B.1.d,Negotiation,skill,0.3762616217136383,1,False
esco_78,work in an international environment,2.B.5.d,Management of Personnel Resources,skill,0.37250202894210815,2,False
esco_78,work in an international environment,2.A.1.d,Speaking,skill,0.3631652593612671,3,False
esco_79,respect publication formats,2.A.1.c,Writing,skill,0.4649163484573364,1,True
esco_79,respect publication formats,1.A.1.a.4,Written Expression,ability,0.39147937297821045,2,False
esco_79,respect publication formats,2.C.9.b,Communications and Media,knowledge,0.37735623121261597,3,False
esco_80,create prototype of user experience solutions,2.B.3.a,Operations Analysis,skill,0.3974016308784485,1,False
esco_80,create prototype of user experience solutions,2.B.3.b,Technology Design,skill,0.389157772064209,2,False
esco_80,create prototype of user experience solutions,2.B.3.e,Programming,skill,0.35167396068573,3,False
esco_81,apply system organisational policies,2.B.5.d,Management of Personnel Resources,skill,0.5199947953224182,1,True
esco_81,apply system organisational policies,2.B.1.f,Service Orientation,skill,0.4991198480129242,2,True
esco_81,apply system organisational policies,2.C.1.f,Personnel and Human Resources,knowledge,0.496764600276947,3,True
esco_82,property management software,2.B.5.b,Management of Financial Resources,skill,0.31189483404159546,1,False
esco_82,property management software,2.B.3.j,Equipment Maintenance,skill,0.3069990277290344,2,False
esco_82,property management software,2.B.5.c,Management of Material Resources,skill,0.29953640699386597,3,False
esco_83,interpret scientific data to assess water quality,2.A.1.f,Science,skill,0.41210412979125977,1,False
esco_83,interpret scientific data to assess water quality,2.C.4.d,Biology,knowledge,0.35043567419052124,2,False
esco_83,interpret scientific data to assess water quality,1.A.1.a.2,Written Comprehension,ability,0.3444489538669586,3,False
esco_84,interviewing,2.B.5.d,Management of Personnel Resources,skill,0.46032074093818665,1,True
esco_84,interviewing,2.A.1.d,Speaking,skill,0.4439990520477295,2,False
esco_84,interviewing,2.C.4.e,Psychology,knowledge,0.42208510637283325,3,False
esco_85,typography,2.A.1.c,Writing,skill,0.4498366117477417,1,False
esco_85,typography,2.A.1.a,Reading Comprehension,skill,0.3527994751930237,2,False
esco_85,typography,1.A.1.a.4,Written Expression,ability,0.3238242268562317,3,False
esco_86,national population census,2.C.4.f,Sociology and Anthropology,knowledge,0.4213590621948242,1,False
esco_86,national population census,2.C.4.a,Mathematics,knowledge,0.24142934381961823,2,False
esco_86,national population census,2.C.4.e,Psychology,knowledge,0.21849742531776428,3,False
esco_87,environmental policy,2.A.1.f,Science,skill,0.4190688729286194,1,False
esco_87,environmental policy,2.B.4.g,Systems Analysis,skill,0.37640470266342163,2,False
esco_87,environmental policy,2.A.1.e,Mathematics,skill,0.3672763407230377,3,False
esco_88,computer simulation,2.B.3.e,Programming,skill,0.41167569160461426,1,False
esco_88,computer simulation,2.C.3.a,Computers and Electronics,knowledge,0.39772576093673706,2,False
esco_88,computer simulation,2.B.4.g,Systems Analysis,skill,0.38533973693847656,3,False
esco_89,cooperate with colleagues,2.A.1.d,Speaking,skill,0.5387440323829651,1,True
esco_89,cooperate with colleagues,2.B.5.d,Management of Personnel Resources,skill,0.5088067650794983,2,True
esco_89,cooperate with colleagues,2.B.1.d,Negotiation,skill,0.5008774399757385,3,True
esco_90,administer ICT system,2.C.1.b,Administrative,knowledge,0.4388374090194702,1,False
esco_90,administer ICT system,2.B.5.c,Management of Material Resources,skill,0.4079761505126953,2,False
esco_90,administer ICT system,2.C.1.a,Administration and Management,knowledge,0.3763706088066101,3,False
esco_91,warehouse operations,2.B.3.a,Operations Analysis,skill,0.4339211583137512,1,False
esco_91,warehouse operations,2.C.2.a,Production and Processing,knowledge,0.4134216010570526,2,False
esco_91,warehouse operations,2.B.5.c,Management of Material Resources,skill,0.4048764705657959,3,False
esco_92,ensure compliance with environmental legislation,2.B.3.j,Equipment Maintenance,skill,0.35090386867523193,1,False
esco_92,ensure compliance with environmental legislation,2.C.8.b,Law and Government,knowledge,0.339042067527771,2,False
esco_92,ensure compliance with environmental legislation,2.B.5.c,Management of Material Resources,skill,0.3202882409095764,3,False
esco_93,manage research data,1.A.1.b.7,Category Flexibility,ability,0.3525988459587097,1,False
esco_93,manage research data,2.A.2.b,Active Learning,skill,0.3442007899284363,2,False
esco_93,manage research data,2.B.2.i,Complex Problem Solving,skill,0.34350791573524475,3,False
esco_94,combine business technology with user experience,2.C.3.a,Computers and Electronics,knowledge,0.40189841389656067,1,False
esco_94,combine business technology with user experience,2.B.3.b,Technology Design,skill,0.35556507110595703,2,False
esco_94,combine business technology with user experience,2.B.3.a,Operations Analysis,skill,0.34859439730644226,3,False
esco_95,preventive medicine,2.C.5.a,Medicine and Dentistry,knowledge,0.40561437606811523,1,False
esco_95,preventive medicine,2.C.4.e,Psychology,knowledge,0.2683614194393158,2,False
esco_95,preventive medicine,2.C.5.b,Therapy and Counseling,knowledge,0.25798219442367554,3,False
esco_96,prepare audit activities,2.B.5.b,Management of Financial Resources,skill,0.49661463499069214,1,True
esco_96,prepare audit activities,2.A.2.d,Monitoring,skill,0.45109617710113525,2,True
esco_96,prepare audit activities,2.C.1.c,Economics and Accounting,knowledge,0.4311489462852478,3,False
esco_97,educate on the prevention of illness,2.B.1.c,Persuasion,skill,0.40405333042144775,1,False
esco_97,educate on the prevention of illness,2.C.6,Education and Training,knowledge,0.40191012620925903,2,False
esco_97,educate on the prevention of illness,2.B.1.f,Service Orientation,skill,0.39878958463668823,3,False
esco_98,systems development life-cycle,2.B.4.g,Systems Analysis,skill,0.5436195135116577,1,True
esco_98,systems development life-cycle,2.B.3.b,Technology Design,skill,0.43551474809646606,2,False
esco_98,systems development life-cycle,2.B.3.a,Operations Analysis,skill,0.4234616756439209,3,False
esco_99,operate automated process control,2.B.3.h,Operation and Control,skill,0.5971348881721497,1,True
esco_99,operate automated process control,2.B.3.j,Equipment Maintenance,skill,0.5841906070709229,2,True
esco_99,operate automated process control,2.B.3.g,Operations Monitoring,skill,0.5671695470809937,3,True
esco_100,manage ICT change request process,2.B.3.b,Technology Design,skill,0.4102373719215393,1,False
esco_100,manage ICT change request process,2.B.5.d,Management of Personnel Resources,skill,0.4098536968231201,2,False
esco_100,manage ICT change request process,2.B.2.i,Complex Problem Solving,skill,0.3838628828525543,3,False
esco_101,providing health care or medical treatments,2.B.1.f,Service Orientation,skill,0.5414725542068481,1,True
esco_101,providing health care or medical treatments,2.C.5.b,Therapy and Counseling,knowledge,0.49820566177368164,2,True
esco_101,providing health care or medical treatments,2.C.5.a,Medicine and Dentistry,knowledge,0.4933217167854309,3,True
esco_102,apply company policies,2.B.1.f,Service Orientation,skill,0.48876693844795227,1,True
esco_102,apply company policies,2.B.5.d,Management of Personnel Resources,skill,0.4043649733066559,2,False
esco_102,apply company policies,2.C.1.e,Customer and Personal Service,knowledge,0.3829406201839447,3,False
esco_103,business management principles,2.C.1.a,Administration and Management,knowledge,0.5712011456489563,1,True
esco_103,business management principles,2.B.5.d,Management of Personnel Resources,skill,0.5586072206497192,2,True
esco_103,business management principles,2.A.1.d,Speaking,skill,0.5030534267425537,3,True
esco_104,advocating for individual or community needs,2.B.1.f,Service Orientation,skill,0.5648062825202942,1,True
esco_104,advocating for individual or community needs,2.B.5.d,Management of Personnel Resources,skill,0.45032790303230286,2,True
esco_104,advocating for individual or community needs,2.B.1.c,Persuasion,skill,0.439866840839386,3,False
esco_105,develop urban transport studies,2.C.10,Transportation,knowledge,0.5480313897132874,1,True
esco_105,develop urban transport studies,2.B.4.g,Systems Analysis,skill,0.33823907375335693,2,False
esco_105,develop urban transport studies,2.C.4.f,Sociology and Anthropology,knowledge,0.3248281180858612,3,False
esco_106,send summons,2.B.5.d,Management of Personnel Resources,skill,0.37445491552352905,1,False
esco_106,send summons,2.C.1.b,Administrative,knowledge,0.3389805257320404,2,False
esco_106,send summons,2.C.1.f,Personnel and Human Resources,knowledge,0.31145840883255005,3,False
esco_107,Agile project management,2.B.5.b,Management of Financial Resources,skill,0.5155730247497559,1,True
esco_107,Agile project management,2.C.1.a,Administration and Management,knowledge,0.49678564071655273,2,True
esco_107,Agile project management,2.B.5.d,Management of Personnel Resources,skill,0.43898332118988037,3,False
esco_108,carry out strategic research,2.A.2.c,Learning Strategies,skill,0.4541512429714203,1,True
esco_108,carry out strategic research,2.B.2.i,Complex Problem Solving,skill,0.4438822865486145,2,False
esco_108,carry out strategic research,2.B.5.d,Management of Personnel Resources,skill,0.4276186227798462,3,False
esco_109,network management system tools,2.C.9.a,Telecommunications,knowledge,0.38329413533210754,1,False
esco_109,network management system tools,2.B.3.h,Operation and Control,skill,0.3643924593925476,2,False
esco_109,network management system tools,2.B.3.k,Troubleshooting,skill,0.35188794136047363,3,False
esco_110,communicate regulations,2.A.1.d,Speaking,skill,0.43002593517303467,1,False
esco_110,communicate regulations,2.C.8.b,Law and Government,knowledge,0.4226664900779724,2,False
esco_110,communicate regulations,2.B.1.d,Negotiation,skill,0.4057738184928894,3,False
esco_111,use markup languages,2.B.3.e,Programming,skill,0.47023165225982666,1,True
esco_111,use markup languages,2.C.3.a,Computers and Electronics,knowledge,0.298666775226593,2,False
esco_111,use markup languages,2.A.1.c,Writing,skill,0.2557332217693329,3,False
esco_112,participate in governmental tenders,2.B.1.d,Negotiation,skill,0.40772780776023865,1,False
esco_112,participate in governmental tenders,2.B.5.b,Management of Financial Resources,skill,0.3988434076309204,2,False
esco_112,participate in governmental tenders,2.B.5.d,Management of Personnel Resources,skill,0.365339457988739,3,False
esco_113,perform multiple tasks at the same time,2.B.5.a,Time Management,skill,0.5470051765441895,1,True
esco_113,perform multiple tasks at the same time,2.B.1.b,Coordination,skill,0.4639711380004883,2,True
esco_113,perform multiple tasks at the same time,2.B.5.d,Management of Personnel Resources,skill,0.44391578435897827,3,False
esco_114,monitor utility equipment,2.B.3.g,Operations Monitoring,skill,0.587007999420166,1,True
esco_114,monitor utility equipment,2.B.3.j,Equipment Maintenance,skill,0.5562111735343933,2,True
esco_114,monitor utility equipment,2.B.3.c,Equipment Selection,skill,0.49554920196533203,3,True
esco_115,investigate human rights violations,2.C.8.b,Law and Government,knowledge,0.4545382857322693,1,True
esco_115,investigate human rights violations,2.C.4.f,Sociology and Anthropology,knowledge,0.40225425362586975,2,False
esco_115,investigate human rights violations,2.C.1.f,Personnel and Human Resources,knowledge,0.3492801785469055,3,False
esco_116,report on grants,2.B.1.f,Service Orientation,skill,0.4189167618751526,1,False
esco_116,report on grants,2.A.1.d,Speaking,skill,0.38703492283821106,2,False
esco_116,report on grants,2.C.5.b,Therapy and Counseling,knowledge,0.36718031764030457,3,False
esco_117,perform laboratory tests,2.B.3.j,Equipment Maintenance,skill,0.5766806602478027,1,True
esco_117,perform laboratory tests,2.B.3.g,Operations Monitoring,skill,0.5405343174934387,2,True
esco_117,perform laboratory tests,2.B.3.c,Equipment Selection,skill,0.4826453626155853,3,True
esco_118,microbiology-bacteriology,2.A.1.f,Science,skill,0.22785323858261108,1,False
esco_118,microbiology-bacteriology,2.C.4.d,Biology,knowledge,0.1784508377313614,2,False
esco_118,microbiology-bacteriology,2.B.3.m,Quality Control Analysis,skill,0.17567496001720428,3,False
esco_119,develop management plans,2.C.1.a,Administration and Management,knowledge,0.5991420745849609,1,True
esco_119,develop management plans,2.B.5.d,Management of Personnel Resources,skill,0.5965331792831421,2,True
esco_119,develop management plans,2.C.1.f,Personnel and Human Resources,knowledge,0.4687696099281311,3,True
esco_120,financial products,2.C.1.c,Economics and Accounting,knowledge,0.3706015944480896,1,False
esco_120,financial products,2.B.5.b,Management of Financial Resources,skill,0.3520553708076477,2,False
esco_120,financial products,2.C.1.d,Sales and Marketing,knowledge,0.28965091705322266,3,False
esco_121,monitor logging operations,2.B.3.g,Operations Monitoring,skill,0.5120795369148254,1,True
esco_121,monitor logging operations,2.A.2.d,Monitoring,skill,0.46068382263183594,2,True
esco_121,monitor logging operations,2.B.3.k,Troubleshooting,skill,0.40085214376449585,3,False
esco_122,rehearse role,2.B.1.b,Coordination,skill,0.4652100205421448,1,True
esco_122,rehearse role,2.A.1.d,Speaking,skill,0.4524837136268616,2,True
esco_122,rehearse role,2.B.1.e,Instructing,skill,0.43777841329574585,3,False
esco_123,liaise with specialist contractors for well operations,2.B.3.c,Equipment Selection,skill,0.37459683418273926,1,False
esco_123,liaise with specialist contractors for well operations,2.C.3.d,Building and Construction,knowledge,0.34533196687698364,2,False
esco_123,liaise with specialist contractors for well operations,2.B.3.a,Operations Analysis,skill,0.3044692277908325,3,False
esco_124,gather data for forensic purposes,2.C.7.d,History and Archeology,knowledge,0.31969520449638367,1,False
esco_124,gather data for forensic purposes,2.A.1.f,Science,skill,0.30311548709869385,2,False
esco_124,gather data for forensic purposes,2.B.3.c,Equipment Selection,skill,0.28185081481933594,3,False
esco_125,using more than one language,2.C.7.b,Foreign Language,knowledge,0.4451053738594055,1,False
esco_125,using more than one language,2.B.3.e,Programming,skill,0.33836036920547485,2,False
esco_125,using more than one language,2.C.7.a,English Language,knowledge,0.3370755910873413,3,False
esco_126,Ruby (computer programming),2.B.3.e,Programming,skill,0.5223184823989868,1,True
esco_126,Ruby (computer programming),2.C.9.a,Telecommunications,knowledge,0.2933865785598755,2,False
esco_126,Ruby (computer programming),2.C.3.a,Computers and Electronics,knowledge,0.2798050343990326,3,False
esco_127,procedural law,2.C.8.b,Law and Government,knowledge,0.4312189221382141,1,False
esco_127,procedural law,2.C.1.f,Personnel and Human Resources,knowledge,0.31669458746910095,2,False
esco_127,procedural law,2.B.5.b,Management of Financial Resources,skill,0.3158795237541199,3,False
esco_128,communicate health and safety measures,2.C.8.a,Public Safety and Security,knowledge,0.4927016496658325,1,True
esco_128,communicate health and safety measures,2.B.3.j,Equipment Maintenance,skill,0.41340184211730957,2,False
esco_128,communicate health and safety measures,2.C.1.f,Personnel and Human Resources,knowledge,0.360047847032547,3,False
esco_129,Apache Maven,2.B.3.e,Programming,skill,0.31051841378211975,1,False
esco_129,Apache Maven,2.B.3.k,Troubleshooting,skill,0.2541026473045349,2,False
esco_129,Apache Maven,2.C.3.a,Computers and Electronics,knowledge,0.24913793802261353,3,False
esco_130,conduct literature research,2.A.1.c,Writing,skill,0.49117976427078247,1,True
esco_130,conduct literature research,1.A.1.a.2,Written Comprehension,ability,0.49033066630363464,2,True
esco_130,conduct literature research,2.A.1.d,Speaking,skill,0.4209953546524048,3,False
esco_131,gather data,1.A.1.b.4,Deductive Reasoning,ability,0.32214483618736267,1,False
esco_131,gather data,1.A.1.e.1,Speed of Closure,ability,0.3171834349632263,2,False
esco_131,gather data,2.A.1.f,Science,skill,0.3165144920349121,3,False
esco_132,marine engineering,2.C.3.b,Engineering and Technology,knowledge,0.39715903997421265,1,False
esco_132,marine engineering,2.C.3.d,Building and Construction,knowledge,0.39101073145866394,2,False
esco_132,marine engineering,2.C.3.c,Design,knowledge,0.3677752912044525,3,False
esco_133,deliver online training,2.C.6,Education and Training,knowledge,0.5108910202980042,1,True
esco_133,deliver online training,2.A.1.d,Speaking,skill,0.5108787417411804,2,True
esco_133,deliver online training,2.B.1.e,Instructing,skill,0.4897492229938507,3,True
esco_134,negotiating and managing contracts and agreements,2.B.1.d,Negotiation,skill,0.5913519859313965,1,True
esco_134,negotiating and managing contracts and agreements,2.C.1.f,Personnel and Human Resources,knowledge,0.39766162633895874,2,False
esco_134,negotiating and managing contracts and agreements,2.C.8.b,Law and Government,knowledge,0.38109755516052246,3,False
esco_135,operate cutting equipment,2.B.3.c,Equipment Selection,skill,0.5138691663742065,1,True
esco_135,operate cutting equipment,2.B.3.j,Equipment Maintenance,skill,0.42692849040031433,2,False
esco_135,operate cutting equipment,2.B.3.l,Repairing,skill,0.39618244767189026,3,False
esco_136,social work theory,2.C.4.f,Sociology and Anthropology,knowledge,0.4831876754760742,1,True
esco_136,social work theory,2.B.1.f,Service Orientation,skill,0.47676411271095276,2,True
esco_136,social work theory,2.C.5.b,Therapy and Counseling,knowledge,0.4577869772911072,3,True
esco_137,communicate with customers,2.C.1.e,Customer and Personal Service,knowledge,0.5180756449699402,1,True
esco_137,communicate with customers,2.A.1.d,Speaking,skill,0.48386603593826294,2,True
esco_137,communicate with customers,2.C.1.d,Sales and Marketing,knowledge,0.401864618062973,3,False
esco_138,ICT network routing,2.C.9.a,Telecommunications,knowledge,0.3703239858150482,1,False
esco_138,ICT network routing,2.C.10,Transportation,knowledge,0.3420640826225281,2,False
esco_138,ICT network routing,2.B.3.h,Operation and Control,skill,0.2454817295074463,3,False
esco_139,assess ICT knowledge,2.B.5.d,Management of Personnel Resources,skill,0.44964879751205444,1,False
esco_139,assess ICT knowledge,2.C.1.a,Administration and Management,knowledge,0.42488065361976624,2,False
esco_139,assess ICT knowledge,2.C.1.b,Administrative,knowledge,0.40023207664489746,3,False
esco_140,discern written communication,2.A.1.c,Writing,skill,0.6093326210975647,1,True
esco_140,discern written communication,1.A.1.a.4,Written Expression,ability,0.5441199541091919,2,True
esco_140,discern written communication,2.A.1.d,Speaking,skill,0.5169671773910522,3,True
esco_141,manage schedule of tasks,2.B.5.a,Time Management,skill,0.6767216920852661,1,True
esco_141,manage schedule of tasks,2.B.5.d,Management of Personnel Resources,skill,0.479046106338501,2,True
esco_141,manage schedule of tasks,2.C.1.a,Administration and Management,knowledge,0.42104092240333557,3,False
esco_142,work in outdoor conditions,2.B.5.a,Time Management,skill,0.44746166467666626,1,False
esco_142,work in outdoor conditions,2.B.5.d,Management of Personnel Resources,skill,0.4305756688117981,2,False
esco_142,work in outdoor conditions,2.B.5.c,Management of Material Resources,skill,0.396134614944458,3,False
esco_143,building systems monitoring technology,2.B.3.g,Operations Monitoring,skill,0.46026161313056946,1,True
esco_143,building systems monitoring technology,2.C.3.d,Building and Construction,knowledge,0.4069540798664093,2,False
esco_143,building systems monitoring technology,2.B.3.c,Equipment Selection,skill,0.36690929532051086,3,False
esco_144,write research proposals,2.A.1.c,Writing,skill,0.4557908773422241,1,True
esco_144,write research proposals,2.B.1.d,Negotiation,skill,0.4132813811302185,2,False
esco_144,write research proposals,2.C.4.e,Psychology,knowledge,0.39525100588798523,3,False
esco_145,business requirements techniques,2.B.3.a,Operations Analysis,skill,0.5866086483001709,1,True
esco_145,business requirements techniques,2.B.5.b,Management of Financial Resources,skill,0.45373913645744324,2,True
esco_145,business requirements techniques,2.B.2.i,Complex Problem Solving,skill,0.440125972032547,3,False
esco_146,interact verbally in English,2.A.1.d,Speaking,skill,0.6536975502967834,1,True
esco_146,interact verbally in English,1.A.1.a.3,Oral Expression,ability,0.5129729509353638,2,True
esco_146,interact verbally in English,2.A.1.c,Writing,skill,0.46641892194747925,3,True
esco_147,make legal decisions,2.C.8.b,Law and Government,knowledge,0.5225380659103394,1,True
esco_147,make legal decisions,2.B.4.e,Judgment and Decision Making,skill,0.5097916126251221,2,True
esco_147,make legal decisions,2.B.5.a,Time Management,skill,0.47646164894104004,3,True
esco_148,interpret customer non-verbal communication,2.A.1.d,Speaking,skill,0.5369438529014587,1,True
esco_148,interpret customer non-verbal communication,2.A.1.b,Active Listening,skill,0.4528989791870117,2,True
esco_148,interpret customer non-verbal communication,2.C.1.e,Customer and Personal Service,knowledge,0.4447892904281616,3,False
esco_149,use questioning techniques,2.A.2.a,Critical Thinking,skill,0.5114908218383789,1,True
esco_149,use questioning techniques,2.A.1.d,Speaking,skill,0.4958100914955139,2,True
esco_149,use questioning techniques,2.B.1.d,Negotiation,skill,0.4541010856628418,3,True
esco_150,communicate verbal instructions,2.A.1.d,Speaking,skill,0.6950001120567322,1,True
esco_150,communicate verbal instructions,2.B.1.e,Instructing,skill,0.569512665271759,2,True
esco_150,communicate verbal instructions,1.A.1.a.3,Oral Expression,ability,0.5658473968505859,3,True
esco_151,use clinical assessment techniques,2.C.5.b,Therapy and Counseling,knowledge,0.45160749554634094,1,True
esco_151,use clinical assessment techniques,2.C.5.a,Medicine and Dentistry,knowledge,0.4460819363594055,2,False
esco_151,use clinical assessment techniques,2.C.4.e,Psychology,knowledge,0.4413270950317383,3,False
esco_152,interact verbally in Spanish,2.A.1.d,Speaking,skill,0.5702992677688599,1,True
esco_152,interact verbally in Spanish,1.A.1.a.3,Oral Expression,ability,0.46487364172935486,2,True
esco_152,interact verbally in Spanish,1.A.4.b.4,Speech Recognition,ability,0.4349055886268616,3,False
esco_153,occupational medicine,2.C.5.a,Medicine and Dentistry,knowledge,0.47087913751602173,1,True
esco_153,occupational medicine,2.C.5.b,Therapy and Counseling,knowledge,0.4581512212753296,2,True
esco_153,occupational medicine,2.B.3.j,Equipment Maintenance,skill,0.34882208704948425,3,False
esco_154,negotiating,2.B.1.d,Negotiation,skill,0.7223820686340332,1,True
esco_154,negotiating,2.A.1.d,Speaking,skill,0.40008658170700073,2,False
esco_154,negotiating,2.B.1.c,Persuasion,skill,0.3774704039096832,3,False
esco_155,systems thinking,2.B.4.g,Systems Analysis,skill,0.5935035943984985,1,True
esco_155,systems thinking,2.B.2.i,Complex Problem Solving,skill,0.5167550444602966,2,True
esco_155,systems thinking,2.A.1.e,Mathematics,skill,0.4552765488624573,3,True
esco_156,Apache Tomcat,2.B.3.e,Programming,skill,0.3349986672401428,1,False
esco_156,Apache Tomcat,2.B.3.k,Troubleshooting,skill,0.24609386920928955,2,False
esco_156,Apache Tomcat,2.B.3.b,Technology Design,skill,0.24429035186767578,3,False
esco_157,perform ideation activities,2.A.1.d,Speaking,skill,0.47755223512649536,1,True
esco_157,perform ideation activities,2.B.1.e,Instructing,skill,0.4585069417953491,2,True
esco_157,perform ideation activities,1.A.1.b.1,Fluency of Ideas,ability,0.44290053844451904,3,False
esco_158,respond to inquiries in written form,2.A.1.c,Writing,skill,0.4975903332233429,1,True
esco_158,respond to inquiries in written form,2.A.1.d,Speaking,skill,0.4817509651184082,2,True
esco_158,respond to inquiries in written form,1.A.1.a.4,Written Expression,ability,0.44545304775238037,3,False
esco_159,assist in developing practices for well being of employees,2.B.5.d,Management of Personnel Resources,skill,0.679466187953949,1,True
esco_159,assist in developing practices for well being of employees,2.B.1.f,Service Orientation,skill,0.5432723760604858,2,True
esco_159,assist in developing practices for well being of employees,2.C.1.f,Personnel and Human Resources,knowledge,0.5208478569984436,3,True
esco_160,lead process optimisation,2.B.5.d,Management of Personnel Resources,skill,0.46550512313842773,1,True
esco_160,lead process optimisation,2.C.1.a,Administration and Management,knowledge,0.42590415477752686,2,False
esco_160,lead process optimisation,2.B.2.i,Complex Problem Solving,skill,0.3772147595882416,3,False
esco_161,provide professional care in nursing,2.C.5.b,Therapy and Counseling,knowledge,0.4495524764060974,1,False
esco_161,provide professional care in nursing,2.B.1.f,Service Orientation,skill,0.4000381827354431,2,False
esco_161,provide professional care in nursing,2.C.6,Education and Training,knowledge,0.38308969140052795,3,False
esco_162,documenting and recording information,2.A.1.c,Writing,skill,0.4602746069431305,1,True
esco_162,documenting and recording information,2.B.3.e,Programming,skill,0.44371479749679565,2,False
esco_162,documenting and recording information,1.A.1.a.4,Written Expression,ability,0.4350505471229553,3,False
esco_163,childbirth,2.C.5.a,Medicine and Dentistry,knowledge,0.26603254675865173,1,False
esco_163,childbirth,2.C.4.f,Sociology and Anthropology,knowledge,0.2436627745628357,2,False
esco_163,childbirth,2.C.5.b,Therapy and Counseling,knowledge,0.2106342762708664,3,False
esco_164,advising and consulting,2.B.5.d,Management of Personnel Resources,skill,0.4813271164894104,1,True
esco_164,advising and consulting,2.C.5.b,Therapy and Counseling,knowledge,0.47540906071662903,2,True
esco_164,advising and consulting,2.C.6,Education and Training,knowledge,0.43295228481292725,3,False
esco_165,sustainable technologies,2.C.3.b,Engineering and Technology,knowledge,0.4059506952762604,1,False
esco_165,sustainable technologies,2.B.3.c,Equipment Selection,skill,0.36227840185165405,2,False
esco_165,sustainable technologies,2.B.3.b,Technology Design,skill,0.3556083142757416,3,False
esco_166,provide psychological support to patients,2.C.5.b,Therapy and Counseling,knowledge,0.5543422102928162,1,True
esco_166,provide psychological support to patients,2.C.4.e,Psychology,knowledge,0.4466898739337921,2,False
esco_166,provide psychological support to patients,2.B.1.f,Service Orientation,skill,0.43941012024879456,3,False
esco_167,inspect pipelines,2.C.2.a,Production and Processing,knowledge,0.2800082266330719,1,False
esco_167,inspect pipelines,2.C.3.d,Building and Construction,knowledge,0.2729133069515228,2,False
esco_167,inspect pipelines,2.B.3.m,Quality Control Analysis,skill,0.2714844346046448,3,False
esco_168,manage psychotherapeutic relationships,2.C.5.b,Therapy and Counseling,knowledge,0.5050090551376343,1,True
esco_168,manage psychotherapeutic relationships,2.B.1.d,Negotiation,skill,0.43677759170532227,2,False
esco_168,manage psychotherapeutic relationships,2.C.4.e,Psychology,knowledge,0.39613285660743713,3,False
esco_169,meet commitments,2.B.1.d,Negotiation,skill,0.4103747606277466,1,False
esco_169,meet commitments,2.B.1.f,Service Orientation,skill,0.3948020040988922,2,False
esco_169,meet commitments,2.B.5.d,Management of Personnel Resources,skill,0.38800686597824097,3,False
esco_170,design cloud architecture,2.C.3.c,Design,knowledge,0.4315429925918579,1,False
esco_170,design cloud architecture,2.B.3.a,Operations Analysis,skill,0.407539427280426,2,False
esco_170,design cloud architecture,2.B.3.b,Technology Design,skill,0.34101852774620056,3,False
esco_171,develop waste management processes,2.B.5.c,Management of Material Resources,skill,0.493437796831131,1,True
esco_171,develop waste management processes,2.C.2.a,Production and Processing,knowledge,0.41696232557296753,2,False
esco_171,develop waste management processes,2.B.5.d,Management of Personnel Resources,skill,0.4142390489578247,3,False
esco_172,hardware platforms,2.C.3.a,Computers and Electronics,knowledge,0.4492815136909485,1,False
esco_172,hardware platforms,2.B.3.b,Technology Design,skill,0.32275402545928955,2,False
esco_172,hardware platforms,2.C.9.a,Telecommunications,knowledge,0.3092934489250183,3,False
esco_173,quality assurance procedures,2.B.3.m,Quality Control Analysis,skill,0.6728459000587463,1,True
esco_173,quality assurance procedures,2.B.3.a,Operations Analysis,skill,0.47052106261253357,2,True
esco_173,quality assurance procedures,2.C.2.a,Production and Processing,knowledge,0.458881676197052,3,True
esco_174,computer forensics,2.B.3.k,Troubleshooting,skill,0.2820450961589813,1,False
esco_174,computer forensics,2.C.3.a,Computers and Electronics,knowledge,0.2617519795894623,2,False
esco_174,computer forensics,2.B.3.c,Equipment Selection,skill,0.24922186136245728,3,False
esco_175,marketing analytics,2.B.3.a,Operations Analysis,skill,0.42968347668647766,1,False
esco_175,marketing analytics,2.C.1.d,Sales and Marketing,knowledge,0.4098573327064514,2,False
esco_175,marketing analytics,2.C.1.c,Economics and Accounting,knowledge,0.387894868850708,3,False
esco_176,information security strategy,2.C.8.a,Public Safety and Security,knowledge,0.5108264684677124,1,True
esco_176,information security strategy,2.B.3.e,Programming,skill,0.31875839829444885,2,False
esco_176,information security strategy,2.B.2.i,Complex Problem Solving,skill,0.3175751268863678,3,False
esco_177,design transportation systems,2.B.3.a,Operations Analysis,skill,0.47586649656295776,1,True
esco_177,design transportation systems,2.C.3.c,Design,knowledge,0.4487372040748596,2,False
esco_177,design transportation systems,2.B.3.b,Technology Design,skill,0.4149644374847412,3,False
esco_178,interactive media,2.C.9.b,Communications and Media,knowledge,0.462380588054657,1,True
esco_178,interactive media,2.C.7.c,Fine Arts,knowledge,0.3325396478176117,2,False
esco_178,interactive media,2.A.1.c,Writing,skill,0.2957090735435486,3,False
esco_179,perform records management,2.C.1.b,Administrative,knowledge,0.46363943815231323,1,True
esco_179,perform records management,2.B.5.d,Management of Personnel Resources,skill,0.4090237319469452,2,False
esco_179,perform records management,2.C.1.f,Personnel and Human Resources,knowledge,0.3837725520133972,3,False
esco_180,work in an organised manner,2.B.5.a,Time Management,skill,0.5980597138404846,1,True
esco_180,work in an organised manner,2.B.5.d,Management of Personnel Resources,skill,0.5287453532218933,2,True
esco_180,work in an organised manner,2.C.1.a,Administration and Management,knowledge,0.445833683013916,3,False
esco_181,perform failure analysis of production process,2.C.2.a,Production and Processing,knowledge,0.5080136060714722,1,True
esco_181,perform failure analysis of production process,2.B.3.k,Troubleshooting,skill,0.4586440324783325,2,True
esco_181,perform failure analysis of production process,2.B.2.i,Complex Problem Solving,skill,0.4343442916870117,3,False
esco_182,production processes,2.C.2.a,Production and Processing,knowledge,0.6470413208007812,1,True
esco_182,production processes,2.B.3.a,Operations Analysis,skill,0.5087411999702454,2,True
esco_182,production processes,2.C.3.c,Design,knowledge,0.47326117753982544,3,True
esco_183,type error-free documents,2.A.1.a,Reading Comprehension,skill,0.3691031336784363,1,False
esco_183,type error-free documents,2.B.3.e,Programming,skill,0.3290095627307892,2,False
esco_183,type error-free documents,1.A.1.a.4,Written Expression,ability,0.3249098062515259,3,False
esco_184,learning needs analysis,2.C.6,Education and Training,knowledge,0.523469090461731,1,True
esco_184,learning needs analysis,2.C.4.e,Psychology,knowledge,0.48937568068504333,2,True
esco_184,learning needs analysis,2.A.2.c,Learning Strategies,skill,0.43229013681411743,3,False
esco_185,apply soldering techniques,2.C.3.c,Design,knowledge,0.3985585570335388,1,False
esco_185,apply soldering techniques,2.B.3.l,Repairing,skill,0.35312390327453613,2,False
esco_185,apply soldering techniques,2.B.3.d,Installation,skill,0.344900906085968,3,False
esco_186,conduct metallurgical structural analysis,2.C.3.c,Design,knowledge,0.34614720940589905,1,False
esco_186,conduct metallurgical structural analysis,2.C.3.a,Computers and Electronics,knowledge,0.33219093084335327,2,False
esco_186,conduct metallurgical structural analysis,2.C.4.b,Physics,knowledge,0.3240531086921692,3,False
esco_187,Visual Basic,2.B.3.e,Programming,skill,0.49399250745773315,1,True
esco_187,Visual Basic,2.B.3.a,Operations Analysis,skill,0.34037208557128906,2,False
esco_187,Visual Basic,2.C.3.a,Computers and Electronics,knowledge,0.3363991677761078,3,False
esco_188,alarm systems,2.B.3.g,Operations Monitoring,skill,0.4050061106681824,1,False
esco_188,alarm systems,2.C.8.a,Public Safety and Security,knowledge,0.34035152196884155,2,False
esco_188,alarm systems,2.B.3.j,Equipment Maintenance,skill,0.33358168601989746,3,False
esco_189,business intelligence,2.B.3.a,Operations Analysis,skill,0.38413792848587036,1,False
esco_189,business intelligence,2.C.1.c,Economics and Accounting,knowledge,0.37165775895118713,2,False
esco_189,business intelligence,2.C.1.a,Administration and Management,knowledge,0.35079553723335266,3,False
esco_190,telecommunications engineering,2.C.9.a,Telecommunications,knowledge,0.6595594882965088,1,True
esco_190,telecommunications engineering,2.C.3.a,Computers and Electronics,knowledge,0.46371975541114807,2,True
esco_190,telecommunications engineering,2.C.3.b,Engineering and Technology,knowledge,0.4519440233707428,3,True
esco_191,solve technical problems,2.C.3.a,Computers and Electronics,knowledge,0.44923120737075806,1,False
esco_191,solve technical problems,2.B.3.k,Troubleshooting,skill,0.4482700228691101,2,False
esco_191,solve technical problems,2.B.3.l,Repairing,skill,0.44637054204940796,3,False
esco_192,working efficiently,2.B.5.a,Time Management,skill,0.5042635202407837,1,True
esco_192,working efficiently,2.B.5.d,Management of Personnel Resources,skill,0.4503117501735687,2,True
esco_192,working efficiently,2.B.5.b,Management of Financial Resources,skill,0.41252952814102173,3,False
esco_193,Adobe Photoshop,2.B.3.e,Programming,skill,0.3745328485965729,1,False
esco_193,Adobe Photoshop,2.C.3.a,Computers and Electronics,knowledge,0.33482295274734497,2,False
esco_193,Adobe Photoshop,2.B.3.b,Technology Design,skill,0.32093971967697144,3,False
esco_194,advocate a cause,2.B.1.c,Persuasion,skill,0.4594270884990692,1,True
esco_194,advocate a cause,2.B.1.d,Negotiation,skill,0.43228304386138916,2,False
esco_194,advocate a cause,2.A.1.d,Speaking,skill,0.42227452993392944,3,False
esco_195,Spanish,2.C.7.b,Foreign Language,knowledge,0.37590503692626953,1,False
esco_195,Spanish,2.C.7.a,English Language,knowledge,0.30015116930007935,2,False
esco_195,Spanish,1.A.4.b.4,Speech Recognition,ability,0.22442907094955444,3,False
esco_196,customer service,2.C.1.e,Customer and Personal Service,knowledge,0.5802176594734192,1,True
esco_196,customer service,2.B.1.f,Service Orientation,skill,0.4411408305168152,2,False
esco_196,customer service,2.C.1.d,Sales and Marketing,knowledge,0.3700031340122223,3,False
esco_197,communication,2.C.9.a,Telecommunications,knowledge,0.5267934203147888,1,True
esco_197,communication,2.C.9.b,Communications and Media,knowledge,0.5095200538635254,2,True
esco_197,communication,2.C.3.a,Computers and Electronics,knowledge,0.4496721625328064,3,False
esco_198,monitoring operational activities,2.B.3.g,Operations Monitoring,skill,0.5798807144165039,1,True
esco_198,monitoring operational activities,2.A.2.d,Monitoring,skill,0.5590070486068726,2,True
esco_198,monitoring operational activities,2.B.3.j,Equipment Maintenance,skill,0.43861502408981323,3,False
esco_199,good laboratory practice,2.B.3.c,Equipment Selection,skill,0.4813641905784607,1,True
esco_199,good laboratory practice,2.B.3.j,Equipment Maintenance,skill,0.4649529457092285,2,True
esco_199,good laboratory practice,2.B.3.g,Operations Monitoring,skill,0.3979446291923523,3,False
esco_200,developing contingency and emergency response plans,2.B.2.i,Complex Problem Solving,skill,0.4814556837081909,1,True
esco_200,developing contingency and emergency response plans,2.B.5.d,Management of Personnel Resources,skill,0.4641604423522949,2,True
esco_200,developing contingency and emergency response plans,2.C.8.a,Public Safety and Security,knowledge,0.43764495849609375,3,False
esco_201,design metal components,2.C.3.c,Design,knowledge,0.4298679232597351,1,False
esco_201,design metal components,2.B.3.a,Operations Analysis,skill,0.37501776218414307,2,False
esco_201,design metal components,2.B.3.b,Technology Design,skill,0.3654155731201172,3,False
esco_202,conduct contact tracing interviews,2.A.1.d,Speaking,skill,0.3914422392845154,1,False
esco_202,conduct contact tracing interviews,2.C.4.f,Sociology and Anthropology,knowledge,0.37152737379074097,2,False
esco_202,conduct contact tracing interviews,2.B.1.d,Negotiation,skill,0.29875481128692627,3,False
esco_203,instrumentation equipment,2.B.3.j,Equipment Maintenance,skill,0.5364874601364136,1,True
esco_203,instrumentation equipment,2.B.3.g,Operations Monitoring,skill,0.530545711517334,2,True
esco_203,instrumentation equipment,2.B.3.c,Equipment Selection,skill,0.5157106518745422,3,True
esco_204,maintain pharmaceutical records,2.C.5.a,Medicine and Dentistry,knowledge,0.2702479958534241,1,False
esco_204,maintain pharmaceutical records,2.B.3.j,Equipment Maintenance,skill,0.26569679379463196,2,False
esco_204,maintain pharmaceutical records,2.B.5.c,Management of Material Resources,skill,0.233993262052536,3,False
esco_205,design spatial layout of outdoor areas,2.C.3.c,Design,knowledge,0.3800417482852936,1,False
esco_205,design spatial layout of outdoor areas,2.B.3.a,Operations Analysis,skill,0.34217536449432373,2,False
esco_205,design spatial layout of outdoor areas,1.A.1.f.2,Visualization,ability,0.3118096590042114,3,False
esco_206,health care legislation,2.C.8.b,Law and Government,knowledge,0.40414050221443176,1,False
esco_206,health care legislation,2.C.5.a,Medicine and Dentistry,knowledge,0.3506717085838318,2,False
esco_206,health care legislation,2.B.5.b,Management of Financial Resources,skill,0.3164057731628418,3,False
esco_207,utilise computer-aided software engineering tools,2.B.3.e,Programming,skill,0.5780172348022461,1,True
esco_207,utilise computer-aided software engineering tools,2.C.3.a,Computers and Electronics,knowledge,0.44609007239341736,2,False
esco_207,utilise computer-aided software engineering tools,2.B.3.a,Operations Analysis,skill,0.39779865741729736,3,False
esco_208,advise on bridge inspection,2.C.3.d,Building and Construction,knowledge,0.4068160057067871,1,False
esco_208,advise on bridge inspection,2.B.3.c,Equipment Selection,skill,0.3810906410217285,2,False
esco_208,advise on bridge inspection,2.B.3.j,Equipment Maintenance,skill,0.3699687123298645,3,False
esco_209,prevent fraudulent activities,2.B.5.d,Management of Personnel Resources,skill,0.4164794683456421,1,False
esco_209,prevent fraudulent activities,2.C.1.a,Administration and Management,knowledge,0.3964211642742157,2,False
esco_209,prevent fraudulent activities,2.B.5.b,Management of Financial Resources,skill,0.37966033816337585,3,False
esco_210,fine arts,2.C.7.c,Fine Arts,knowledge,0.5965927839279175,1,True
esco_210,fine arts,2.C.7.d,History and Archeology,knowledge,0.3594026267528534,2,False
esco_210,fine arts,2.C.9.b,Communications and Media,knowledge,0.294539213180542,3,False
esco_211,collect samples,2.B.5.c,Management of Material Resources,skill,0.32452499866485596,1,False
esco_211,collect samples,2.B.3.c,Equipment Selection,skill,0.27674102783203125,2,False
esco_211,collect samples,2.C.2.a,Production and Processing,knowledge,0.2649189233779907,3,False
esco_212,develop personal skills,2.A.1.d,Speaking,skill,0.4871371388435364,1,True
esco_212,develop personal skills,2.B.1.e,Instructing,skill,0.4618793725967407,2,True
esco_212,develop personal skills,2.C.6,Education and Training,knowledge,0.45815008878707886,3,True
esco_213,operate pumps,2.B.3.j,Equipment Maintenance,skill,0.5221028327941895,1,True
esco_213,operate pumps,2.B.3.h,Operation and Control,skill,0.5054248571395874,2,True
esco_213,operate pumps,2.B.3.g,Operations Monitoring,skill,0.4712003469467163,3,True
esco_214,inspecting food safety and quality,2.C.2.a,Production and Processing,knowledge,0.46120667457580566,1,True
esco_214,inspecting food safety and quality,2.C.2.b,Food Production,knowledge,0.44973045587539673,2,False
esco_214,inspecting food safety and quality,2.B.3.m,Quality Control Analysis,skill,0.4398229122161865,3,False
esco_215,building and repairing structures,2.C.3.d,Building and Construction,knowledge,0.6879387497901917,1,True
esco_215,building and repairing structures,2.B.3.l,Repairing,skill,0.5024824142456055,2,True
esco_215,building and repairing structures,2.B.3.c,Equipment Selection,skill,0.41875070333480835,3,False
esco_216,assess environmental plans against financial costs,2.B.5.b,Management of Financial Resources,skill,0.5649977326393127,1,True
esco_216,assess environmental plans against financial costs,2.C.1.c,Economics and Accounting,knowledge,0.4387607276439667,2,False
esco_216,assess environmental plans against financial costs,2.C.1.a,Administration and Management,knowledge,0.41274493932724,3,False
esco_217,managing budgets or finances,2.B.5.b,Management of Financial Resources,skill,0.6196103692054749,1,True
esco_217,managing budgets or finances,2.C.1.c,Economics and Accounting,knowledge,0.515754222869873,2,True
esco_217,managing budgets or finances,2.B.5.d,Management of Personnel Resources,skill,0.4986147880554199,3,True
esco_218,supervise court hearings,2.C.8.b,Law and Government,knowledge,0.3624725341796875,1,False
esco_218,supervise court hearings,2.A.1.b,Active Listening,skill,0.33733826875686646,2,False
esco_218,supervise court hearings,2.B.1.e,Instructing,skill,0.31612923741340637,3,False
esco_219,use spreadsheets software,2.B.3.e,Programming,skill,0.4141496419906616,1,False
esco_219,use spreadsheets software,1.A.1.c.2,Number Facility,ability,0.323038786649704,2,False
esco_219,use spreadsheets software,2.B.5.b,Management of Financial Resources,skill,0.30806267261505127,3,False
esco_220,carpentry,2.B.3.c,Equipment Selection,skill,0.5038426518440247,1,True
esco_220,carpentry,2.B.3.l,Repairing,skill,0.4022997319698334,2,False
esco_220,carpentry,2.C.3.d,Building and Construction,knowledge,0.39855295419692993,3,False
esco_221,health and safety in the workplace,2.B.3.j,Equipment Maintenance,skill,0.4658447206020355,1,True
esco_221,health and safety in the workplace,2.C.1.f,Personnel and Human Resources,knowledge,0.44642534852027893,2,False
esco_221,health and safety in the workplace,2.B.1.f,Service Orientation,skill,0.44422703981399536,3,False
esco_222,assume responsibility,2.B.1.e,Instructing,skill,0.4220615029335022,1,False
esco_222,assume responsibility,2.A.2.a,Critical Thinking,skill,0.4068642258644104,2,False
esco_222,assume responsibility,2.B.1.b,Coordination,skill,0.40199506282806396,3,False
esco_223,show determination,1.A.1.b.4,Deductive Reasoning,ability,0.4349867105484009,1,False
esco_223,show determination,2.C.4.a,Mathematics,knowledge,0.4265252649784088,2,False
esco_223,show determination,2.C.5.b,Therapy and Counseling,knowledge,0.41301387548446655,3,False
esco_224,Java (computer programming),2.B.3.e,Programming,skill,0.6338477730751038,1,True
esco_224,Java (computer programming),2.C.3.a,Computers and Electronics,knowledge,0.41208773851394653,2,False
esco_224,Java (computer programming),2.A.1.e,Mathematics,skill,0.36649423837661743,3,False
esco_225,carry out calculations,2.A.1.e,Mathematics,skill,0.5643633604049683,1,True
esco_225,carry out calculations,2.C.4.a,Mathematics,knowledge,0.563245415687561,2,True
esco_225,carry out calculations,1.A.1.c.2,Number Facility,ability,0.48855867981910706,3,True
esco_226,promote gender equality in business contexts,2.B.1.f,Service Orientation,skill,0.4038887619972229,1,False
esco_226,promote gender equality in business contexts,2.B.5.d,Management of Personnel Resources,skill,0.37615445256233215,2,False
esco_226,promote gender equality in business contexts,2.C.1.e,Customer and Personal Service,knowledge,0.3195152282714844,3,False
esco_227,maintain information network hardware,2.B.3.j,Equipment Maintenance,skill,0.6090604066848755,1,True
esco_227,maintain information network hardware,2.B.3.l,Repairing,skill,0.5288693904876709,2,True
esco_227,maintain information network hardware,2.B.3.d,Installation,skill,0.5007748603820801,3,True
esco_228,investigate security issues,2.C.8.a,Public Safety and Security,knowledge,0.4443783462047577,1,False
esco_228,investigate security issues,2.B.3.e,Programming,skill,0.40491992235183716,2,False
esco_228,investigate security issues,2.B.2.i,Complex Problem Solving,skill,0.38927769660949707,3,False
esco_229,carry out naming strategies,2.B.5.d,Management of Personnel Resources,skill,0.46220558881759644,1,True
esco_229,carry out naming strategies,2.C.1.a,Administration and Management,knowledge,0.44779205322265625,2,False
esco_229,carry out naming strategies,2.A.2.c,Learning Strategies,skill,0.4200390875339508,3,False
esco_230,advise on utility consumption,2.B.5.a,Time Management,skill,0.44140443205833435,1,False
esco_230,advise on utility consumption,2.B.4.e,Judgment and Decision Making,skill,0.3907041847705841,2,False
esco_230,advise on utility consumption,2.B.1.d,Negotiation,skill,0.38330698013305664,3,False
esco_231,manage relationships with stakeholders,2.B.1.d,Negotiation,skill,0.47594693303108215,1,True
esco_231,manage relationships with stakeholders,2.B.5.d,Management of Personnel Resources,skill,0.46477222442626953,2,True
esco_231,manage relationships with stakeholders,2.C.1.a,Administration and Management,knowledge,0.4125485420227051,3,False
esco_232,develop information standards,2.C.1.a,Administration and Management,knowledge,0.5257172584533691,1,True
esco_232,develop information standards,2.B.5.d,Management of Personnel Resources,skill,0.4953211545944214,2,True
esco_232,develop information standards,2.C.1.f,Personnel and Human Resources,knowledge,0.4408465027809143,3,False
esco_233,use data processing techniques,2.B.3.e,Programming,skill,0.5132967829704285,1,True
esco_233,use data processing techniques,2.C.3.a,Computers and Electronics,knowledge,0.421054482460022,2,False
esco_233,use data processing techniques,2.A.1.e,Mathematics,skill,0.40307900309562683,3,False
esco_234,monitor regulations in social services,2.C.8.b,Law and Government,knowledge,0.443962424993515,1,False
esco_234,monitor regulations in social services,2.C.5.b,Therapy and Counseling,knowledge,0.3873368203639984,2,False
esco_234,monitor regulations in social services,2.C.1.f,Personnel and Human Resources,knowledge,0.3843838572502136,3,False
esco_235,prepare presentation material,2.A.1.d,Speaking,skill,0.52680504322052,1,True
esco_235,prepare presentation material,2.A.1.c,Writing,skill,0.509175181388855,2,True
esco_235,prepare presentation material,2.C.9.b,Communications and Media,knowledge,0.4486033320426941,3,False
esco_236,exercise patience,2.B.5.a,Time Management,skill,0.5439730286598206,1,True
esco_236,exercise patience,1.A.3.b.1,Stamina,ability,0.48403072357177734,2,True
esco_236,exercise patience,2.C.4.e,Psychology,knowledge,0.42709341645240784,3,False
esco_237,information architecture,2.B.3.a,Operations Analysis,skill,0.4886779189109802,1,True
esco_237,information architecture,2.B.3.b,Technology Design,skill,0.46827632188796997,2,True
esco_237,information architecture,2.B.2.i,Complex Problem Solving,skill,0.4333251118659973,3,False
esco_238,"preparing documentation for contracts, applications, or permits",2.A.1.a,Reading Comprehension,skill,0.42481401562690735,1,False
esco_238,"preparing documentation for contracts, applications, or permits",1.A.1.a.4,Written Expression,ability,0.3913944959640503,2,False
esco_238,"preparing documentation for contracts, applications, or permits",2.A.1.c,Writing,skill,0.38482725620269775,3,False
esco_239,preventative measures against pests,2.B.3.j,Equipment Maintenance,skill,0.32569581270217896,1,False
esco_239,preventative measures against pests,2.C.8.a,Public Safety and Security,knowledge,0.2769453823566437,2,False
esco_239,preventative measures against pests,2.A.1.f,Science,skill,0.27136361598968506,3,False
esco_240,use creative suite software,2.B.3.e,Programming,skill,0.26220768690109253,1,False
esco_240,use creative suite software,2.C.3.a,Computers and Electronics,knowledge,0.25082820653915405,2,False
esco_240,use creative suite software,2.B.3.b,Technology Design,skill,0.2477191686630249,3,False
esco_241,repair engines,2.B.3.l,Repairing,skill,0.606230616569519,1,True
esco_241,repair engines,2.B.3.j,Equipment Maintenance,skill,0.5014540553092957,2,True
esco_241,repair engines,2.B.3.k,Troubleshooting,skill,0.40937355160713196,3,False
esco_242,monitor billing procedures,2.B.5.b,Management of Financial Resources,skill,0.45951971411705017,1,True
esco_242,monitor billing procedures,2.B.3.j,Equipment Maintenance,skill,0.4534582793712616,2,True
esco_242,monitor billing procedures,2.B.3.g,Operations Monitoring,skill,0.39918413758277893,3,False
esco_243,forecast organisational risks,2.A.2.b,Active Learning,skill,0.36885061860084534,1,False
esco_243,forecast organisational risks,2.C.1.c,Economics and Accounting,knowledge,0.3536583483219147,2,False
esco_243,forecast organisational risks,2.B.5.d,Management of Personnel Resources,skill,0.3496885895729065,3,False
esco_244,cloud security and compliance,2.C.8.a,Public Safety and Security,knowledge,0.3588138520717621,1,False
esco_244,cloud security and compliance,2.B.3.h,Operation and Control,skill,0.27003923058509827,2,False
esco_244,cloud security and compliance,2.C.3.a,Computers and Electronics,knowledge,0.2699243426322937,3,False
esco_245,ensure ongoing compliance with regulations,2.B.3.j,Equipment Maintenance,skill,0.42093145847320557,1,False
esco_245,ensure ongoing compliance with regulations,2.C.8.b,Law and Government,knowledge,0.3499198853969574,2,False
esco_245,ensure ongoing compliance with regulations,2.B.1.f,Service Orientation,skill,0.34790971875190735,3,False
esco_246,manage a social work unit,2.B.5.d,Management of Personnel Resources,skill,0.5565642714500427,1,True
esco_246,manage a social work unit,2.C.5.b,Therapy and Counseling,knowledge,0.48399630188941956,2,True
esco_246,manage a social work unit,2.C.1.f,Personnel and Human Resources,knowledge,0.47957852482795715,3,True
esco_247,moving and lifting,1.A.3.a.1,Static Strength,ability,0.44403955340385437,1,False
esco_247,moving and lifting,1.A.2.c.3,Speed of Limb Movement,ability,0.4344256520271301,2,False
esco_247,moving and lifting,1.A.3.a.3,Dynamic Strength,ability,0.3827926516532898,3,False
esco_248,surveying,2.C.3.d,Building and Construction,knowledge,0.4866480827331543,1,True
esco_248,surveying,2.B.3.c,Equipment Selection,skill,0.4722481966018677,2,True
esco_248,surveying,2.C.3.c,Design,knowledge,0.42518365383148193,3,False
esco_249,grant concessions,2.B.1.d,Negotiation,skill,0.5296298265457153,1,True
esco_249,grant concessions,2.B.5.b,Management of Financial Resources,skill,0.36184024810791016,2,False
esco_249,grant concessions,2.B.5.d,Management of Personnel Resources,skill,0.3071037232875824,3,False
esco_250,address public health issues,2.B.5.d,Management of Personnel Resources,skill,0.5527992248535156,1,True
esco_250,address public health issues,2.C.1.a,Administration and Management,knowledge,0.5068649053573608,2,True
esco_250,address public health issues,2.B.1.f,Service Orientation,skill,0.45340853929519653,3,True
esco_251,provide first aid,2.B.1.f,Service Orientation,skill,0.38641899824142456,1,False
esco_251,provide first aid,2.C.5.a,Medicine and Dentistry,knowledge,0.381219744682312,2,False
esco_251,provide first aid,2.C.5.b,Therapy and Counseling,knowledge,0.33506667613983154,3,False
esco_252,management skills,2.B.5.d,Management of Personnel Resources,skill,0.6171942353248596,1,True
esco_252,management skills,2.C.1.a,Administration and Management,knowledge,0.5699983835220337,2,True
esco_252,management skills,2.C.1.f,Personnel and Human Resources,knowledge,0.47216343879699707,3,True
esco_253,"evaluate data, information and digital content",2.B.2.i,Complex Problem Solving,skill,0.3370725214481354,1,False
esco_253,"evaluate data, information and digital content",2.B.3.a,Operations Analysis,skill,0.3253153860569,2,False
esco_253,"evaluate data, information and digital content",2.B.4.h,Systems Evaluation,skill,0.32508647441864014,3,False
esco_254,compile legal documents,2.C.8.b,Law and Government,knowledge,0.4583115875720978,1,True
esco_254,compile legal documents,2.A.1.a,Reading Comprehension,skill,0.43439042568206787,2,False
esco_254,compile legal documents,2.B.3.e,Programming,skill,0.3826310634613037,3,False
esco_255,make clinical decisions,2.B.4.e,Judgment and Decision Making,skill,0.5203838348388672,1,True
esco_255,make clinical decisions,2.B.5.a,Time Management,skill,0.49967530369758606,2,True
esco_255,make clinical decisions,2.B.5.d,Management of Personnel Resources,skill,0.4674379527568817,3,True
esco_256,solution deployment,2.B.2.i,Complex Problem Solving,skill,0.43334710597991943,1,False
esco_256,solution deployment,2.B.3.d,Installation,skill,0.4297747015953064,2,False
esco_256,solution deployment,2.B.3.a,Operations Analysis,skill,0.41763633489608765,3,False
esco_257,assess licence applications,2.C.5.b,Therapy and Counseling,knowledge,0.3494894206523895,1,False
esco_257,assess licence applications,2.B.1.f,Service Orientation,skill,0.3214440643787384,2,False
esco_257,assess licence applications,2.C.1.e,Customer and Personal Service,knowledge,0.29228276014328003,3,False
esco_258,ensure compliance with legal requirements,2.C.8.b,Law and Government,knowledge,0.40409284830093384,1,False
esco_258,ensure compliance with legal requirements,2.C.5.b,Therapy and Counseling,knowledge,0.33238494396209717,2,False
esco_258,ensure compliance with legal requirements,2.C.5.a,Medicine and Dentistry,knowledge,0.32287830114364624,3,False
esco_259,perform risk analysis,2.B.4.e,Judgment and Decision Making,skill,0.5060707330703735,1,True
esco_259,perform risk analysis,2.A.2.a,Critical Thinking,skill,0.5048792362213135,2,True
esco_259,perform risk analysis,2.B.2.i,Complex Problem Solving,skill,0.475127637386322,3,True
esco_260,Drupal,2.C.9.a,Telecommunications,knowledge,0.34745049476623535,1,False
esco_260,Drupal,2.C.3.a,Computers and Electronics,knowledge,0.3474275469779968,2,False
esco_260,Drupal,2.B.3.e,Programming,skill,0.3426351547241211,3,False
esco_261,oversee construction project,2.B.5.d,Management of Personnel Resources,skill,0.5083217024803162,1,True
esco_261,oversee construction project,2.C.1.a,Administration and Management,knowledge,0.4908079504966736,2,True
esco_261,oversee construction project,2.B.5.c,Management of Material Resources,skill,0.4726211428642273,3,True
esco_262,resolve equipment malfunctions,2.B.3.j,Equipment Maintenance,skill,0.6064100861549377,1,True
esco_262,resolve equipment malfunctions,2.B.3.l,Repairing,skill,0.552830696105957,2,True
esco_262,resolve equipment malfunctions,2.B.3.k,Troubleshooting,skill,0.4983409643173218,3,True
esco_263,condense information,2.A.1.d,Speaking,skill,0.5221385955810547,1,True
esco_263,condense information,2.C.9.b,Communications and Media,knowledge,0.44707345962524414,2,False
esco_263,condense information,2.B.1.d,Negotiation,skill,0.43290454149246216,3,False
esco_264,explosives,2.C.3.d,Building and Construction,knowledge,0.31202882528305054,1,False
esco_264,explosives,1.A.3.a.2,Explosive Strength,ability,0.31191474199295044,2,False
esco_264,explosives,2.B.3.c,Equipment Selection,skill,0.2908448874950409,3,False
esco_265,develop investigation strategy,2.B.2.i,Complex Problem Solving,skill,0.4838877320289612,1,True
esco_265,develop investigation strategy,2.A.2.c,Learning Strategies,skill,0.46502524614334106,2,True
esco_265,develop investigation strategy,1.A.1.b.4,Deductive Reasoning,ability,0.4485340416431427,3,False
esco_266,interpret current data,2.A.2.b,Active Learning,skill,0.4020666778087616,1,False
esco_266,interpret current data,1.A.1.e.1,Speed of Closure,ability,0.3976237177848816,2,False
esco_266,interpret current data,1.A.1.a.2,Written Comprehension,ability,0.38622671365737915,3,False
esco_267,manage changes in ICT system,2.B.4.g,Systems Analysis,skill,0.4008956551551819,1,False
esco_267,manage changes in ICT system,2.A.2.d,Monitoring,skill,0.36694979667663574,2,False
esco_267,manage changes in ICT system,2.B.3.j,Equipment Maintenance,skill,0.36635181307792664,3,False
esco_268,"monitoring, inspecting and testing",2.B.3.g,Operations Monitoring,skill,0.6463093161582947,1,True
esco_268,"monitoring, inspecting and testing",2.A.2.d,Monitoring,skill,0.6374284029006958,2,True
esco_268,"monitoring, inspecting and testing",2.B.3.j,Equipment Maintenance,skill,0.5449379682540894,3,True
esco_269,manage technical security systems,2.C.8.a,Public Safety and Security,knowledge,0.49309176206588745,1,True
esco_269,manage technical security systems,2.B.3.j,Equipment Maintenance,skill,0.45186543464660645,2,True
esco_269,manage technical security systems,2.B.5.d,Management of Personnel Resources,skill,0.39383992552757263,3,False
esco_270,tell a story,2.A.1.d,Speaking,skill,0.5143982172012329,1,True
esco_270,tell a story,2.A.1.c,Writing,skill,0.5058954954147339,2,True
esco_270,tell a story,2.B.1.d,Negotiation,skill,0.43864691257476807,3,False
esco_271,lead a team,2.B.5.d,Management of Personnel Resources,skill,0.574684739112854,1,True
esco_271,lead a team,2.A.1.d,Speaking,skill,0.5153566002845764,2,True
esco_271,lead a team,2.B.1.e,Instructing,skill,0.4865338206291199,3,True
esco_272,analysing and evaluating information and data,2.B.2.i,Complex Problem Solving,skill,0.49263036251068115,1,True
esco_272,analysing and evaluating information and data,1.A.1.b.4,Deductive Reasoning,ability,0.47839322686195374,2,True
esco_272,analysing and evaluating information and data,2.A.2.a,Critical Thinking,skill,0.4774068593978882,3,True
esco_273,design landscape schemes,2.C.3.c,Design,knowledge,0.4667929410934448,1,True
esco_273,design landscape schemes,2.B.3.b,Technology Design,skill,0.3648523688316345,2,False
esco_273,design landscape schemes,2.B.3.a,Operations Analysis,skill,0.35182783007621765,3,False
esco_274,urban planning law,2.C.8.b,Law and Government,knowledge,0.41831475496292114,1,False
esco_274,urban planning law,2.C.1.a,Administration and Management,knowledge,0.3702189326286316,2,False
esco_274,urban planning law,2.C.3.d,Building and Construction,knowledge,0.3309321999549866,3,False
esco_275,disseminate internal communications,2.A.1.d,Speaking,skill,0.5486997365951538,1,True
esco_275,disseminate internal communications,2.C.9.b,Communications and Media,knowledge,0.5146639943122864,2,True
esco_275,disseminate internal communications,2.A.1.c,Writing,skill,0.4168497920036316,3,False
esco_276,sexology,2.C.4.f,Sociology and Anthropology,knowledge,0.33954793214797974,1,False
esco_276,sexology,2.C.4.e,Psychology,knowledge,0.2747688293457031,2,False
esco_276,sexology,2.A.1.c,Writing,skill,0.24207338690757751,3,False
esco_277,create original drawings,1.A.1.f.2,Visualization,ability,0.3523445129394531,1,False
esco_277,create original drawings,2.A.1.c,Writing,skill,0.33936673402786255,2,False
esco_277,create original drawings,2.C.3.c,Design,knowledge,0.3361351191997528,3,False
esco_278,carry out project activities,2.A.1.f,Science,skill,0.36675429344177246,1,False
esco_278,carry out project activities,2.B.5.b,Management of Financial Resources,skill,0.3638989329338074,2,False
esco_278,carry out project activities,2.B.5.c,Management of Material Resources,skill,0.36303818225860596,3,False
esco_279,show commitment,2.B.1.f,Service Orientation,skill,0.40272992849349976,1,False
esco_279,show commitment,2.B.5.d,Management of Personnel Resources,skill,0.38306307792663574,2,False
esco_279,show commitment,2.B.1.d,Negotiation,skill,0.36214596033096313,3,False
esco_280,administer prescribed medication,2.C.5.a,Medicine and Dentistry,knowledge,0.36195653676986694,1,False
esco_280,administer prescribed medication,2.C.5.b,Therapy and Counseling,knowledge,0.3497536778450012,2,False
esco_280,administer prescribed medication,2.B.1.e,Instructing,skill,0.3325546681880951,3,False
esco_281,Chinese,2.C.7.b,Foreign Language,knowledge,0.32020843029022217,1,False
esco_281,Chinese,2.C.7.a,English Language,knowledge,0.2592051327228546,2,False
esco_281,Chinese,1.A.4.b.4,Speech Recognition,ability,0.19610978662967682,3,False
esco_282,Angular,2.B.3.b,Technology Design,skill,0.31227177381515503,1,False
esco_282,Angular,2.C.3.b,Engineering and Technology,knowledge,0.30914005637168884,2,False
esco_282,Angular,2.C.3.a,Computers and Electronics,knowledge,0.2771773934364319,3,False
esco_283,think quickly,2.C.4.a,Mathematics,knowledge,0.4255406856536865,1,False
esco_283,think quickly,1.A.1.e.1,Speed of Closure,ability,0.409193754196167,2,False
esco_283,think quickly,2.A.1.d,Speaking,skill,0.39802154898643494,3,False
esco_284,reporting incidents and defects,2.B.3.l,Repairing,skill,0.43601933121681213,1,False
esco_284,reporting incidents and defects,2.B.3.k,Troubleshooting,skill,0.3899593651294708,2,False
esco_284,reporting incidents and defects,2.B.3.j,Equipment Maintenance,skill,0.36383160948753357,3,False
esco_285,handle fuels,2.B.5.c,Management of Material Resources,skill,0.29743701219558716,1,False
esco_285,handle fuels,2.C.10,Transportation,knowledge,0.2965436279773712,2,False
esco_285,handle fuels,2.B.3.c,Equipment Selection,skill,0.29009950160980225,3,False
esco_286,construction legal systems,2.C.3.d,Building and Construction,knowledge,0.519930899143219,1,True
esco_286,construction legal systems,2.C.8.b,Law and Government,knowledge,0.48632630705833435,2,True
esco_286,construction legal systems,2.B.5.c,Management of Material Resources,skill,0.3921370506286621,3,False
esco_287,operation of different engines,2.C.3.e,Mechanical,knowledge,0.3542063236236572,1,False
esco_287,operation of different engines,2.C.3.b,Engineering and Technology,knowledge,0.33450931310653687,2,False
esco_287,operation of different engines,2.B.3.h,Operation and Control,skill,0.3313930630683899,3,False
esco_288,show impartiality,2.B.1.d,Negotiation,skill,0.4621162414550781,1,True
esco_288,show impartiality,2.A.1.d,Speaking,skill,0.4004095792770386,2,False
esco_288,show impartiality,2.A.1.c,Writing,skill,0.36684948205947876,3,False
esco_289,engineering principles,2.C.3.b,Engineering and Technology,knowledge,0.5204087495803833,1,True
esco_289,engineering principles,2.C.3.c,Design,knowledge,0.5157910585403442,2,True
esco_289,engineering principles,2.C.3.d,Building and Construction,knowledge,0.4907947778701782,3,True
esco_290,apply restoration techniques,2.B.3.l,Repairing,skill,0.4597342610359192,1,True
esco_290,apply restoration techniques,2.B.3.j,Equipment Maintenance,skill,0.31276071071624756,2,False
esco_290,apply restoration techniques,2.C.3.d,Building and Construction,knowledge,0.3100394308567047,3,False
esco_291,assess the feasibility of implementing developments,2.B.2.i,Complex Problem Solving,skill,0.47604304552078247,1,True
esco_291,assess the feasibility of implementing developments,2.B.5.d,Management of Personnel Resources,skill,0.44010740518569946,2,False
esco_291,assess the feasibility of implementing developments,2.C.6,Education and Training,knowledge,0.4282655119895935,3,False
esco_292,coordinate events,2.B.1.b,Coordination,skill,0.4826454818248749,1,True
esco_292,coordinate events,2.B.5.d,Management of Personnel Resources,skill,0.46125954389572144,2,True
esco_292,coordinate events,2.B.5.a,Time Management,skill,0.44343358278274536,3,False
esco_293,design computer network,2.B.3.a,Operations Analysis,skill,0.4428439736366272,1,False
esco_293,design computer network,2.B.3.b,Technology Design,skill,0.44181931018829346,2,False
esco_293,design computer network,2.C.3.c,Design,knowledge,0.43852776288986206,3,False
esco_294,manage budgets,2.B.5.b,Management of Financial Resources,skill,0.6342560052871704,1,True
esco_294,manage budgets,2.B.5.d,Management of Personnel Resources,skill,0.541405439376831,2,True
esco_294,manage budgets,2.C.1.a,Administration and Management,knowledge,0.4821120798587799,3,True
esco_295,computer programming,2.B.3.e,Programming,skill,0.774533748626709,1,True
esco_295,computer programming,2.C.3.a,Computers and Electronics,knowledge,0.5134999752044678,2,True
esco_295,computer programming,2.A.1.e,Mathematics,skill,0.4257720112800598,3,False
esco_296,geometry,2.C.4.a,Mathematics,knowledge,0.6113865971565247,1,True
esco_296,geometry,2.A.1.e,Mathematics,skill,0.5425914525985718,2,True
esco_296,geometry,1.A.1.c.1,Mathematical Reasoning,ability,0.42439863085746765,3,False
esco_297,create project specifications,2.B.5.d,Management of Personnel Resources,skill,0.4451870322227478,1,False
esco_297,create project specifications,2.C.1.a,Administration and Management,knowledge,0.4251196086406708,2,False
esco_297,create project specifications,2.C.1.f,Personnel and Human Resources,knowledge,0.41244757175445557,3,False
esco_298,automatic meter reading,2.B.3.g,Operations Monitoring,skill,0.45393240451812744,1,True
esco_298,automatic meter reading,2.B.3.c,Equipment Selection,skill,0.2993522584438324,2,False
esco_298,automatic meter reading,2.B.3.j,Equipment Maintenance,skill,0.2905166745185852,3,False
esco_299,handle case evidence,2.B.1.d,Negotiation,skill,0.42200881242752075,1,False
esco_299,handle case evidence,1.A.1.b.4,Deductive Reasoning,ability,0.38461288809776306,2,False
esco_299,handle case evidence,2.A.2.a,Critical Thinking,skill,0.3826022148132324,3,False
esco_300,city road network,2.B.1.f,Service Orientation,skill,0.2754240930080414,1,False
esco_300,city road network,2.C.1.e,Customer and Personal Service,knowledge,0.25340646505355835,2,False
esco_300,city road network,2.C.10,Transportation,knowledge,0.238113135099411,3,False
esco_301,manage project information,2.B.5.c,Management of Material Resources,skill,0.4002082049846649,1,False
esco_301,manage project information,2.B.5.d,Management of Personnel Resources,skill,0.3949275016784668,2,False
esco_301,manage project information,2.B.2.i,Complex Problem Solving,skill,0.38490456342697144,3,False
esco_302,facilitate teamwork between students,2.B.5.d,Management of Personnel Resources,skill,0.5552014708518982,1,True
esco_302,facilitate teamwork between students,2.B.1.e,Instructing,skill,0.49613481760025024,2,True
esco_302,facilitate teamwork between students,2.C.1.a,Administration and Management,knowledge,0.47123631834983826,3,True
esco_303,motivate employees,2.B.5.d,Management of Personnel Resources,skill,0.7094653248786926,1,True
esco_303,motivate employees,2.B.1.f,Service Orientation,skill,0.48316553235054016,2,True
esco_303,motivate employees,2.C.1.f,Personnel and Human Resources,knowledge,0.44143015146255493,3,False
esco_304,ensure compliance with safety legislation,2.C.8.a,Public Safety and Security,knowledge,0.41465526819229126,1,False
esco_304,ensure compliance with safety legislation,2.B.3.j,Equipment Maintenance,skill,0.3974766135215759,2,False
esco_304,ensure compliance with safety legislation,2.C.8.b,Law and Government,knowledge,0.3137255311012268,3,False
esco_305,use presentation software,2.A.1.d,Speaking,skill,0.36475521326065063,1,False
esco_305,use presentation software,2.B.3.e,Programming,skill,0.3609640300273895,2,False
esco_305,use presentation software,2.A.2.c,Learning Strategies,skill,0.33752185106277466,3,False
esco_306,manage government funding,2.B.5.b,Management of Financial Resources,skill,0.6553764343261719,1,True
esco_306,manage government funding,2.B.5.d,Management of Personnel Resources,skill,0.431126207113266,2,False
esco_306,manage government funding,2.B.5.c,Management of Material Resources,skill,0.40870440006256104,3,False
esco_307,project management principles,2.B.5.b,Management of Financial Resources,skill,0.5869666934013367,1,True
esco_307,project management principles,2.C.1.a,Administration and Management,knowledge,0.5059952735900879,2,True
esco_307,project management principles,2.B.5.d,Management of Personnel Resources,skill,0.4691660404205322,3,True
esco_308,select hazard control,2.C.8.a,Public Safety and Security,knowledge,0.45432376861572266,1,True
esco_308,select hazard control,2.B.3.h,Operation and Control,skill,0.41736119985580444,2,False
esco_308,select hazard control,2.B.3.j,Equipment Maintenance,skill,0.37092864513397217,3,False
esco_309,negotiate in legal cases,2.B.1.d,Negotiation,skill,0.727708101272583,1,True
esco_309,negotiate in legal cases,2.C.8.b,Law and Government,knowledge,0.38771992921829224,2,False
esco_309,negotiate in legal cases,2.B.4.e,Judgment and Decision Making,skill,0.34877830743789673,3,False
esco_310,software architecture models,2.B.3.a,Operations Analysis,skill,0.456670343875885,1,True
esco_310,software architecture models,2.B.3.b,Technology Design,skill,0.4272747039794922,2,False
esco_310,software architecture models,2.B.3.e,Programming,skill,0.3890402615070343,3,False
esco_311,foodborne diseases,2.C.2.b,Food Production,knowledge,0.41245853900909424,1,False
esco_311,foodborne diseases,2.C.8.a,Public Safety and Security,knowledge,0.20507632195949554,2,False
esco_311,foodborne diseases,2.C.2.a,Production and Processing,knowledge,0.20443014800548553,3,False
esco_312,define technology strategy,2.B.3.b,Technology Design,skill,0.4996948838233948,1,True
esco_312,define technology strategy,2.C.1.a,Administration and Management,knowledge,0.47096118330955505,2,True
esco_312,define technology strategy,2.A.2.c,Learning Strategies,skill,0.46594831347465515,3,True
esco_313,advising and consulting,2.C.5.b,Therapy and Counseling,knowledge,0.46186599135398865,1,True
esco_313,advising and consulting,2.C.8.b,Law and Government,knowledge,0.39875003695487976,2,False
esco_313,advising and consulting,2.C.6,Education and Training,knowledge,0.37934887409210205,3,False
esco_314,software frameworks,2.B.3.e,Programming,skill,0.453558087348938,1,True
esco_314,software frameworks,2.B.3.b,Technology Design,skill,0.37951624393463135,2,False
esco_314,software frameworks,2.B.2.i,Complex Problem Solving,skill,0.36523735523223877,3,False
esco_315,transport blood samples,2.C.10,Transportation,knowledge,0.2473306953907013,1,False
esco_315,transport blood samples,2.B.3.c,Equipment Selection,skill,0.24236992001533508,2,False
esco_315,transport blood samples,2.B.3.j,Equipment Maintenance,skill,0.22868983447551727,3,False
esco_316,provide basic support to patients,2.C.5.b,Therapy and Counseling,knowledge,0.4457738995552063,1,False
esco_316,provide basic support to patients,2.B.1.f,Service Orientation,skill,0.43794363737106323,2,False
esco_316,provide basic support to patients,2.C.5.a,Medicine and Dentistry,knowledge,0.3801923990249634,3,False
esco_317,debug software,2.B.3.k,Troubleshooting,skill,0.574955403804779,1,True
esco_317,debug software,2.B.3.l,Repairing,skill,0.3990693688392639,2,False
esco_317,debug software,2.B.3.e,Programming,skill,0.39549458026885986,3,False
esco_318,adapt communication style according to recipient,2.A.1.d,Speaking,skill,0.5525683164596558,1,True
esco_318,adapt communication style according to recipient,2.A.1.c,Writing,skill,0.5460244417190552,2,True
esco_318,adapt communication style according to recipient,1.A.1.a.4,Written Expression,ability,0.42307430505752563,3,False
esco_319,disassemble equipment,2.B.3.l,Repairing,skill,0.6141467094421387,1,True
esco_319,disassemble equipment,2.B.3.j,Equipment Maintenance,skill,0.6047958135604858,2,True
esco_319,disassemble equipment,2.B.3.c,Equipment Selection,skill,0.5262092351913452,3,True
esco_320,model based system engineering,2.B.4.g,Systems Analysis,skill,0.5423761010169983,1,True
esco_320,model based system engineering,2.B.3.a,Operations Analysis,skill,0.516920268535614,2,True
esco_320,model based system engineering,2.C.3.c,Design,knowledge,0.4558323621749878,3,True
esco_321,act reliably,2.B.1.a,Social Perceptiveness,skill,0.5374420881271362,1,True
esco_321,act reliably,2.A.1.b,Active Listening,skill,0.4960113763809204,2,True
esco_321,act reliably,2.A.1.d,Speaking,skill,0.4762568771839142,3,True
esco_322,data mining,1.A.1.b.4,Deductive Reasoning,ability,0.34559327363967896,1,False
esco_322,data mining,1.A.1.b.5,Inductive Reasoning,ability,0.31327497959136963,2,False
esco_322,data mining,2.C.3.a,Computers and Electronics,knowledge,0.30416998267173767,3,False
esco_323,evaluate benefit plans,2.B.5.b,Management of Financial Resources,skill,0.4181366562843323,1,False
esco_323,evaluate benefit plans,2.B.2.i,Complex Problem Solving,skill,0.3869597315788269,2,False
esco_323,evaluate benefit plans,2.C.1.f,Personnel and Human Resources,knowledge,0.37325960397720337,3,False
esco_324,provide technical documentation,2.B.5.d,Management of Personnel Resources,skill,0.521457314491272,1,True
esco_324,provide technical documentation,2.B.5.c,Management of Material Resources,skill,0.4589228928089142,2,True
esco_324,provide technical documentation,2.C.1.f,Personnel and Human Resources,knowledge,0.4458886981010437,3,False
esco_325,nuclear medicine,2.C.5.a,Medicine and Dentistry,knowledge,0.31433433294296265,1,False
esco_325,nuclear medicine,2.C.5.b,Therapy and Counseling,knowledge,0.26063424348831177,2,False
esco_325,nuclear medicine,2.A.1.f,Science,skill,0.1887027621269226,3,False
esco_326,manage storage operations,2.B.5.d,Management of Personnel Resources,skill,0.44597306847572327,1,False
esco_326,manage storage operations,2.B.5.c,Management of Material Resources,skill,0.43442097306251526,2,False
esco_326,manage storage operations,2.C.1.a,Administration and Management,knowledge,0.420741468667984,3,False
esco_327,plan engineering activities,2.C.1.a,Administration and Management,knowledge,0.5365338325500488,1,True
esco_327,plan engineering activities,2.B.5.d,Management of Personnel Resources,skill,0.5283051133155823,2,True
esco_327,plan engineering activities,2.B.2.i,Complex Problem Solving,skill,0.5054850578308105,3,True
esco_328,performance diagnosis,2.A.2.d,Monitoring,skill,0.45208287239074707,1,True
esco_328,performance diagnosis,2.C.4.e,Psychology,knowledge,0.4087156057357788,2,False
esco_328,performance diagnosis,2.C.5.b,Therapy and Counseling,knowledge,0.3732852041721344,3,False
esco_329,behavioural science,2.C.4.e,Psychology,knowledge,0.4944239556789398,1,True
esco_329,behavioural science,2.C.4.f,Sociology and Anthropology,knowledge,0.46601974964141846,2,True
esco_329,behavioural science,2.B.1.a,Social Perceptiveness,skill,0.46096691489219666,3,True
esco_330,attend to detail in preparation for audits,2.B.5.a,Time Management,skill,0.4770241379737854,1,True
esco_330,attend to detail in preparation for audits,2.A.2.d,Monitoring,skill,0.46942177414894104,2,True
esco_330,attend to detail in preparation for audits,2.B.5.d,Management of Personnel Resources,skill,0.44385913014411926,3,False
esco_331,imprint visionary aspirations into the business management,2.C.1.a,Administration and Management,knowledge,0.4543176591396332,1,True
esco_331,imprint visionary aspirations into the business management,2.B.5.d,Management of Personnel Resources,skill,0.4340956211090088,2,False
esco_331,imprint visionary aspirations into the business management,2.B.1.f,Service Orientation,skill,0.3757030963897705,3,False
esco_332,Adobe Illustrator,2.B.3.e,Programming,skill,0.3974733054637909,1,False
esco_332,Adobe Illustrator,2.B.3.b,Technology Design,skill,0.3918670415878296,2,False
esco_332,Adobe Illustrator,2.C.3.a,Computers and Electronics,knowledge,0.34730270504951477,3,False
esco_333,spatial planning,2.C.3.c,Design,knowledge,0.43338456749916077,1,False
esco_333,spatial planning,2.B.3.a,Operations Analysis,skill,0.3943508267402649,2,False
esco_333,spatial planning,2.C.3.d,Building and Construction,knowledge,0.3924509286880493,3,False
esco_334,restorative justice,2.B.1.d,Negotiation,skill,0.37588685750961304,1,False
esco_334,restorative justice,2.C.8.b,Law and Government,knowledge,0.33243656158447266,2,False
esco_334,restorative justice,2.B.4.e,Judgment and Decision Making,skill,0.3224197030067444,3,False
esco_335,medical terminology,2.C.5.a,Medicine and Dentistry,knowledge,0.4988514482975006,1,True
esco_335,medical terminology,2.C.5.b,Therapy and Counseling,knowledge,0.37068963050842285,2,False
esco_335,medical terminology,1.A.3.c.4,Gross Body Equilibrium,ability,0.3443588614463806,3,False
esco_336,drive in urban areas,2.B.3.j,Equipment Maintenance,skill,0.5137954950332642,1,True
esco_336,drive in urban areas,2.B.3.c,Equipment Selection,skill,0.4927269220352173,2,True
esco_336,drive in urban areas,2.C.3.e,Mechanical,knowledge,0.4104090929031372,3,False
esco_337,liaise with local authorities,2.A.1.d,Speaking,skill,0.3728095293045044,1,False
esco_337,liaise with local authorities,2.B.1.d,Negotiation,skill,0.3685334622859955,2,False
esco_337,liaise with local authorities,2.C.8.b,Law and Government,knowledge,0.36418837308883667,3,False
esco_338,manage corrective actions,2.B.1.b,Coordination,skill,0.5231722593307495,1,True
esco_338,manage corrective actions,2.B.2.i,Complex Problem Solving,skill,0.48856016993522644,2,True
esco_338,manage corrective actions,2.B.5.d,Management of Personnel Resources,skill,0.479727178812027,3,True
esco_339,provide mentorship,2.B.1.e,Instructing,skill,0.5651531219482422,1,True
esco_339,provide mentorship,2.B.1.f,Service Orientation,skill,0.5105082988739014,2,True
esco_339,provide mentorship,2.C.5.b,Therapy and Counseling,knowledge,0.5008178949356079,3,True
esco_340,operate diesel propulsion plants,2.B.3.j,Equipment Maintenance,skill,0.46147096157073975,1,True
esco_340,operate diesel propulsion plants,2.B.3.h,Operation and Control,skill,0.4430357813835144,2,False
esco_340,operate diesel propulsion plants,2.B.3.g,Operations Monitoring,skill,0.39724862575531006,3,False
esco_341,work within communities,2.B.5.d,Management of Personnel Resources,skill,0.5261781215667725,1,True
esco_341,work within communities,2.C.1.a,Administration and Management,knowledge,0.45256972312927246,2,True
esco_341,work within communities,2.C.1.f,Personnel and Human Resources,knowledge,0.4249042272567749,3,False
esco_342,operate forklift,2.B.3.j,Equipment Maintenance,skill,0.4976613223552704,1,True
esco_342,operate forklift,2.B.3.c,Equipment Selection,skill,0.4661046862602234,2,True
esco_342,operate forklift,2.B.3.h,Operation and Control,skill,0.4305482804775238,3,False
esco_343,build community relations,2.B.1.d,Negotiation,skill,0.5141048431396484,1,True
esco_343,build community relations,2.B.1.f,Service Orientation,skill,0.44967880845069885,2,False
esco_343,build community relations,2.A.1.d,Speaking,skill,0.3959607779979706,3,False
esco_344,logic,1.A.1.b.4,Deductive Reasoning,ability,0.48328712582588196,1,True
esco_344,logic,2.A.1.e,Mathematics,skill,0.43810105323791504,2,False
esco_344,logic,1.A.1.c.1,Mathematical Reasoning,ability,0.4372604489326477,3,False
esco_345,lactation,2.C.2.b,Food Production,knowledge,0.20811468362808228,1,False
esco_345,lactation,2.C.2.a,Production and Processing,knowledge,0.1741660237312317,2,False
esco_345,lactation,2.C.5.a,Medicine and Dentistry,knowledge,0.15922501683235168,3,False
esco_346,analyse energy consumption,2.B.5.a,Time Management,skill,0.3138934373855591,1,False
esco_346,analyse energy consumption,2.B.4.g,Systems Analysis,skill,0.30349981784820557,2,False
esco_346,analyse energy consumption,2.B.3.c,Equipment Selection,skill,0.30161505937576294,3,False
esco_347,habitat restoration,2.A.1.f,Science,skill,0.27495408058166504,1,False
esco_347,habitat restoration,2.B.3.l,Repairing,skill,0.2399429976940155,2,False
esco_347,habitat restoration,2.B.4.g,Systems Analysis,skill,0.23913942277431488,3,False
esco_348,develop procurement strategy,2.C.1.a,Administration and Management,knowledge,0.5300958752632141,1,True
esco_348,develop procurement strategy,2.B.5.d,Management of Personnel Resources,skill,0.5296664834022522,2,True
esco_348,develop procurement strategy,2.B.5.b,Management of Financial Resources,skill,0.45314714312553406,3,True
esco_349,teach business principles,2.B.1.e,Instructing,skill,0.48843568563461304,1,True
esco_349,teach business principles,2.C.1.a,Administration and Management,knowledge,0.48730194568634033,2,True
esco_349,teach business principles,2.C.6,Education and Training,knowledge,0.4672706425189972,3,True
esco_350,join metals,2.C.3.d,Building and Construction,knowledge,0.2855418622493744,1,False
esco_350,join metals,2.C.3.c,Design,knowledge,0.26081687211990356,2,False
esco_350,join metals,2.B.3.l,Repairing,skill,0.2561321258544922,3,False
esco_351,manage database,2.C.1.b,Administrative,knowledge,0.33742454648017883,1,False
esco_351,manage database,2.B.5.d,Management of Personnel Resources,skill,0.33626872301101685,2,False
esco_351,manage database,1.A.1.b.7,Category Flexibility,ability,0.31971365213394165,3,False
esco_352,manage system security,2.C.8.a,Public Safety and Security,knowledge,0.39525681734085083,1,False
esco_352,manage system security,2.B.3.k,Troubleshooting,skill,0.3808128833770752,2,False
esco_352,manage system security,2.C.3.a,Computers and Electronics,knowledge,0.3521825671195984,3,False
esco_353,operate marine machinery systems,2.B.3.h,Operation and Control,skill,0.5234319567680359,1,True
esco_353,operate marine machinery systems,2.B.3.j,Equipment Maintenance,skill,0.5171657204627991,2,True
esco_353,operate marine machinery systems,2.B.3.g,Operations Monitoring,skill,0.4804235100746155,3,True
esco_354,maintain water treatment equipment,2.B.3.j,Equipment Maintenance,skill,0.6205583214759827,1,True
esco_354,maintain water treatment equipment,2.B.3.h,Operation and Control,skill,0.4646557569503784,2,True
esco_354,maintain water treatment equipment,2.B.3.g,Operations Monitoring,skill,0.46042686700820923,3,True
esco_355,use media software,2.B.3.e,Programming,skill,0.3271681070327759,1,False
esco_355,use media software,2.C.3.a,Computers and Electronics,knowledge,0.3226279616355896,2,False
esco_355,use media software,2.C.9.b,Communications and Media,knowledge,0.3069489598274231,3,False
esco_356,drive vehicles,2.B.3.j,Equipment Maintenance,skill,0.5441295504570007,1,True
esco_356,drive vehicles,2.B.3.h,Operation and Control,skill,0.49469295144081116,2,True
esco_356,drive vehicles,2.C.3.e,Mechanical,knowledge,0.482545405626297,3,True
esco_357,monitor financial accounts,2.C.1.c,Economics and Accounting,knowledge,0.5127055644989014,1,True
esco_357,monitor financial accounts,2.B.5.b,Management of Financial Resources,skill,0.4807259142398834,2,True
esco_357,monitor financial accounts,2.A.2.d,Monitoring,skill,0.42347002029418945,3,False
esco_358,electrical equipment regulations,2.B.3.j,Equipment Maintenance,skill,0.4486101269721985,1,False
esco_358,electrical equipment regulations,2.B.3.d,Installation,skill,0.445770263671875,2,False
esco_358,electrical equipment regulations,2.C.3.a,Computers and Electronics,knowledge,0.3752351999282837,3,False
esco_359,handle external financing,2.B.5.b,Management of Financial Resources,skill,0.5513890981674194,1,True
esco_359,handle external financing,2.B.5.d,Management of Personnel Resources,skill,0.4717012643814087,2,True
esco_359,handle external financing,2.C.1.a,Administration and Management,knowledge,0.4436910152435303,3,False
esco_360,history,2.C.7.d,History and Archeology,knowledge,0.5337066650390625,1,True
esco_360,history,2.C.4.f,Sociology and Anthropology,knowledge,0.37351536750793457,2,False
esco_360,history,2.C.7.c,Fine Arts,knowledge,0.2962549030780792,3,False
esco_361,maintaining a positive attitude,2.B.1.f,Service Orientation,skill,0.39851808547973633,1,False
esco_361,maintaining a positive attitude,2.B.1.d,Negotiation,skill,0.3169875144958496,2,False
esco_361,maintaining a positive attitude,2.B.5.a,Time Management,skill,0.29923808574676514,3,False
esco_362,operate open source software,2.B.3.e,Programming,skill,0.47618573904037476,1,True
esco_362,operate open source software,2.C.3.a,Computers and Electronics,knowledge,0.3467044532299042,2,False
esco_362,operate open source software,2.B.3.d,Installation,skill,0.3319185972213745,3,False
esco_363,social mediation,2.B.1.d,Negotiation,skill,0.5384894609451294,1,True
esco_363,social mediation,2.B.1.c,Persuasion,skill,0.4085788428783417,2,False
esco_363,social mediation,2.C.4.f,Sociology and Anthropology,knowledge,0.4019223749637604,3,False
esco_364,use software design patterns,2.B.3.a,Operations Analysis,skill,0.44537392258644104,1,False
esco_364,use software design patterns,2.B.3.b,Technology Design,skill,0.42233821749687195,2,False
esco_364,use software design patterns,2.B.3.e,Programming,skill,0.4048148989677429,3,False
esco_365,collect mapping data,2.B.2.i,Complex Problem Solving,skill,0.336132287979126,1,False
esco_365,collect mapping data,2.C.3.d,Building and Construction,knowledge,0.32105541229248047,2,False
esco_365,collect mapping data,2.C.4.a,Mathematics,knowledge,0.3191361427307129,3,False
esco_366,perform data analysis,2.B.3.e,Programming,skill,0.5074580311775208,1,True
esco_366,perform data analysis,2.C.3.a,Computers and Electronics,knowledge,0.42554759979248047,2,False
esco_366,perform data analysis,2.B.3.a,Operations Analysis,skill,0.41008344292640686,3,False
esco_367,electromechanics,2.C.3.e,Mechanical,knowledge,0.3648538291454315,1,False
esco_367,electromechanics,2.B.3.d,Installation,skill,0.3209992051124573,2,False
esco_367,electromechanics,2.B.3.j,Equipment Maintenance,skill,0.31582456827163696,3,False
esco_368,government policy implementation,2.C.8.b,Law and Government,knowledge,0.38068950176239014,1,False
esco_368,government policy implementation,2.C.8.a,Public Safety and Security,knowledge,0.37068814039230347,2,False
esco_368,government policy implementation,2.C.4.f,Sociology and Anthropology,knowledge,0.31450462341308594,3,False
esco_369,execute safety assurance exercises,2.C.8.a,Public Safety and Security,knowledge,0.4213676452636719,1,False
esco_369,execute safety assurance exercises,2.B.3.j,Equipment Maintenance,skill,0.3784894347190857,2,False
esco_369,execute safety assurance exercises,2.B.3.a,Operations Analysis,skill,0.37011274695396423,3,False
esco_370,visit suppliers,2.C.2.a,Production and Processing,knowledge,0.4175838530063629,1,False
esco_370,visit suppliers,2.B.3.c,Equipment Selection,skill,0.3447197675704956,2,False
esco_370,visit suppliers,2.B.5.c,Management of Material Resources,skill,0.33602970838546753,3,False
esco_371,design process,2.C.3.c,Design,knowledge,0.5144810676574707,1,True
esco_371,design process,2.B.3.a,Operations Analysis,skill,0.5078129768371582,2,True
esco_371,design process,2.B.2.i,Complex Problem Solving,skill,0.3980344533920288,3,False
esco_372,summarise stories,2.A.1.c,Writing,skill,0.47031792998313904,1,True
esco_372,summarise stories,2.A.1.d,Speaking,skill,0.45553305745124817,2,True
esco_372,summarise stories,2.B.1.d,Negotiation,skill,0.4508717656135559,3,True
esco_373,plan future capacity requirements,2.B.5.d,Management of Personnel Resources,skill,0.5347016453742981,1,True
esco_373,plan future capacity requirements,2.C.1.a,Administration and Management,knowledge,0.4993690252304077,2,True
esco_373,plan future capacity requirements,2.B.5.b,Management of Financial Resources,skill,0.4910838007926941,3,True
esco_374,carry out training in environmental matters,2.C.6,Education and Training,knowledge,0.5207609534263611,1,True
esco_374,carry out training in environmental matters,2.B.1.f,Service Orientation,skill,0.44213226437568665,2,False
esco_374,carry out training in environmental matters,2.B.5.d,Management of Personnel Resources,skill,0.4121313691139221,3,False
esco_375,provide test results to medical staff,2.C.5.a,Medicine and Dentistry,knowledge,0.38121742010116577,1,False
esco_375,provide test results to medical staff,2.B.5.d,Management of Personnel Resources,skill,0.3771476745605469,2,False
esco_375,provide test results to medical staff,2.C.4.e,Psychology,knowledge,0.35516268014907837,3,False
esco_376,investigate occupational injuries,2.C.5.a,Medicine and Dentistry,knowledge,0.4776693284511566,1,True
esco_376,investigate occupational injuries,2.C.5.b,Therapy and Counseling,knowledge,0.4239475727081299,2,False
esco_376,investigate occupational injuries,2.B.3.j,Equipment Maintenance,skill,0.4102620482444763,3,False
esco_377,monitor sociological trends,2.C.4.f,Sociology and Anthropology,knowledge,0.4829254746437073,1,True
esco_377,monitor sociological trends,2.B.1.f,Service Orientation,skill,0.4235225021839142,2,False
esco_377,monitor sociological trends,2.C.4.e,Psychology,knowledge,0.39818644523620605,3,False
esco_378,building and developing teams,2.B.5.d,Management of Personnel Resources,skill,0.5799770355224609,1,True
esco_378,building and developing teams,2.C.6,Education and Training,knowledge,0.4593009948730469,2,True
esco_378,building and developing teams,2.B.1.e,Instructing,skill,0.4331135153770447,3,False
esco_379,operations management,2.B.3.a,Operations Analysis,skill,0.6057644486427307,1,True
esco_379,operations management,2.B.3.h,Operation and Control,skill,0.5713001489639282,2,True
esco_379,operations management,2.C.1.a,Administration and Management,knowledge,0.5638666152954102,3,True
esco_380,take blood samples,2.B.3.c,Equipment Selection,skill,0.27926215529441833,1,False
esco_380,take blood samples,2.B.3.j,Equipment Maintenance,skill,0.24203646183013916,2,False
esco_380,take blood samples,2.B.3.g,Operations Monitoring,skill,0.23628652095794678,3,False
esco_381,translate requirements into visual design,2.B.3.a,Operations Analysis,skill,0.5579153895378113,1,True
esco_381,translate requirements into visual design,2.C.3.c,Design,knowledge,0.48590975999832153,2,True
esco_381,translate requirements into visual design,2.B.3.b,Technology Design,skill,0.47859787940979004,3,True
esco_382,adhere to OHSAS 18001,2.C.5.b,Therapy and Counseling,knowledge,0.4224078953266144,1,False
esco_382,adhere to OHSAS 18001,2.B.1.f,Service Orientation,skill,0.42210134863853455,2,False
esco_382,adhere to OHSAS 18001,2.C.5.a,Medicine and Dentistry,knowledge,0.37223613262176514,3,False
esco_383,implement short term objectives,2.B.3.a,Operations Analysis,skill,0.4988180994987488,1,True
esco_383,implement short term objectives,2.B.5.b,Management of Financial Resources,skill,0.49119865894317627,2,True
esco_383,implement short term objectives,2.A.2.c,Learning Strategies,skill,0.48445194959640503,3,True
esco_384,establish data processes,2.B.3.e,Programming,skill,0.49667495489120483,1,True
esco_384,establish data processes,2.B.3.k,Troubleshooting,skill,0.46083560585975647,2,True
esco_384,establish data processes,2.B.3.g,Operations Monitoring,skill,0.45345401763916016,3,True
esco_385,perform water analysis,2.A.1.f,Science,skill,0.4056563675403595,1,False
esco_385,perform water analysis,2.B.2.i,Complex Problem Solving,skill,0.4016677141189575,2,False
esco_385,perform water analysis,2.B.4.g,Systems Analysis,skill,0.40033432841300964,3,False
esco_386,evaluate project plans,2.B.2.i,Complex Problem Solving,skill,0.5057932734489441,1,True
esco_386,evaluate project plans,2.B.3.a,Operations Analysis,skill,0.44049501419067383,2,False
esco_386,evaluate project plans,2.B.5.b,Management of Financial Resources,skill,0.4350659251213074,3,False
esco_387,ICT network security risks,2.C.8.a,Public Safety and Security,knowledge,0.36675745248794556,1,False
esco_387,ICT network security risks,2.C.9.a,Telecommunications,knowledge,0.28798699378967285,2,False
esco_387,ICT network security risks,2.B.3.k,Troubleshooting,skill,0.2818607687950134,3,False
esco_388,speak different languages,2.A.1.d,Speaking,skill,0.5443139672279358,1,True
esco_388,speak different languages,2.C.7.b,Foreign Language,knowledge,0.4241689145565033,2,False
esco_388,speak different languages,1.A.1.a.3,Oral Expression,ability,0.4214496910572052,3,False
esco_389,cartography,2.C.3.d,Building and Construction,knowledge,0.46110403537750244,1,True
esco_389,cartography,2.C.3.c,Design,knowledge,0.40097716450691223,2,False
esco_389,cartography,2.B.3.c,Equipment Selection,skill,0.33929210901260376,3,False
esco_390,organise press conferences,2.B.5.d,Management of Personnel Resources,skill,0.502890408039093,1,True
esco_390,organise press conferences,2.C.1.a,Administration and Management,knowledge,0.4692849814891815,2,True
esco_390,organise press conferences,2.A.1.d,Speaking,skill,0.4586798846721649,3,True
esco_391,obstetric ultrasonography,2.B.3.g,Operations Monitoring,skill,0.21685747802257538,1,False
esco_391,obstetric ultrasonography,2.C.5.a,Medicine and Dentistry,knowledge,0.16443154215812683,2,False
esco_391,obstetric ultrasonography,2.B.3.m,Quality Control Analysis,skill,0.15921689569950104,3,False
esco_392,electric motors,2.C.3.e,Mechanical,knowledge,0.25140392780303955,1,False
esco_392,electric motors,2.B.3.c,Equipment Selection,skill,0.20468388497829437,2,False
esco_392,electric motors,2.B.3.d,Installation,skill,0.19857487082481384,3,False
esco_393,work in crises areas,2.B.1.d,Negotiation,skill,0.44236135482788086,1,False
esco_393,work in crises areas,2.B.5.d,Management of Personnel Resources,skill,0.42402541637420654,2,False
esco_393,work in crises areas,2.B.2.i,Complex Problem Solving,skill,0.3969556987285614,3,False
esco_394,youth work principles,2.B.1.f,Service Orientation,skill,0.4132084846496582,1,False
esco_394,youth work principles,2.B.5.d,Management of Personnel Resources,skill,0.35660991072654724,2,False
esco_394,youth work principles,2.C.4.f,Sociology and Anthropology,knowledge,0.33771994709968567,3,False
esco_395,orthopaedics,2.C.5.a,Medicine and Dentistry,knowledge,0.4751673936843872,1,True
esco_395,orthopaedics,2.C.5.b,Therapy and Counseling,knowledge,0.36028915643692017,2,False
esco_395,orthopaedics,2.B.1.f,Service Orientation,skill,0.2707091271877289,3,False
esco_396,Octopus Deploy,2.B.3.h,Operation and Control,skill,0.32068517804145813,1,False
esco_396,Octopus Deploy,2.B.3.a,Operations Analysis,skill,0.27369818091392517,2,False
esco_396,Octopus Deploy,2.C.9.a,Telecommunications,knowledge,0.27009910345077515,3,False
esco_397,hear legal arguments,2.B.1.d,Negotiation,skill,0.5062135457992554,1,True
esco_397,hear legal arguments,2.C.8.b,Law and Government,knowledge,0.5009008646011353,2,True
esco_397,hear legal arguments,2.A.1.d,Speaking,skill,0.3878867030143738,3,False
esco_398,advise on family planning,2.A.1.d,Speaking,skill,0.2982414960861206,1,False
esco_398,advise on family planning,2.B.5.a,Time Management,skill,0.29703548550605774,2,False
esco_398,advise on family planning,2.B.1.d,Negotiation,skill,0.2954244613647461,3,False
esco_399,brief court officials,2.C.8.b,Law and Government,knowledge,0.5485061407089233,1,True
esco_399,brief court officials,2.A.1.d,Speaking,skill,0.4398978352546692,2,False
esco_399,brief court officials,2.A.1.b,Active Listening,skill,0.391901433467865,3,False
esco_400,transportation sector policies,2.C.10,Transportation,knowledge,0.46086040139198303,1,True
esco_400,transportation sector policies,2.C.8.a,Public Safety and Security,knowledge,0.3651006817817688,2,False
esco_400,transportation sector policies,2.B.1.f,Service Orientation,skill,0.32766491174697876,3,False
esco_401,writing and composing,2.A.1.c,Writing,skill,0.647494912147522,1,True
esco_401,writing and composing,2.B.3.e,Programming,skill,0.49546313285827637,2,True
esco_401,writing and composing,1.A.1.a.2,Written Comprehension,ability,0.4744952321052551,3,True
esco_402,innovation processes,1.A.1.b.2,Originality,ability,0.43324679136276245,1,False
esco_402,innovation processes,2.B.2.i,Complex Problem Solving,skill,0.42753928899765015,2,False
esco_402,innovation processes,2.A.2.a,Critical Thinking,skill,0.42476773262023926,3,False
esco_403,maintain records related to vehicle operation,2.B.3.j,Equipment Maintenance,skill,0.4617287814617157,1,True
esco_403,maintain records related to vehicle operation,2.B.3.g,Operations Monitoring,skill,0.3538171052932739,2,False
esco_403,maintain records related to vehicle operation,2.B.3.h,Operation and Control,skill,0.3535403609275818,3,False
esco_404,apply case management,2.B.5.d,Management of Personnel Resources,skill,0.44733497500419617,1,False
esco_404,apply case management,2.B.1.d,Negotiation,skill,0.42436379194259644,2,False
esco_404,apply case management,2.B.2.i,Complex Problem Solving,skill,0.42285916209220886,3,False
esco_405,deal with challenging work conditions,2.B.5.d,Management of Personnel Resources,skill,0.5491348505020142,1,True
esco_405,deal with challenging work conditions,2.B.5.a,Time Management,skill,0.5102376937866211,2,True
esco_405,deal with challenging work conditions,2.C.5.b,Therapy and Counseling,knowledge,0.38406094908714294,3,False
esco_406,analyse legal evidence,2.C.8.b,Law and Government,knowledge,0.5330740213394165,1,True
esco_406,analyse legal evidence,1.A.1.b.4,Deductive Reasoning,ability,0.48310691118240356,2,True
esco_406,analyse legal evidence,1.A.1.b.5,Inductive Reasoning,ability,0.43606454133987427,3,False
esco_407,handle paperwork,2.B.5.d,Management of Personnel Resources,skill,0.5096974968910217,1,True
esco_407,handle paperwork,2.C.1.b,Administrative,knowledge,0.4994276463985443,2,True
esco_407,handle paperwork,2.B.5.a,Time Management,skill,0.46469780802726746,3,True
esco_408,draft procurement technical specifications,2.B.3.a,Operations Analysis,skill,0.4720515012741089,1,True
esco_408,draft procurement technical specifications,2.C.3.c,Design,knowledge,0.45771458745002747,2,True
esco_408,draft procurement technical specifications,2.B.3.b,Technology Design,skill,0.4213804602622986,3,False
esco_409,interpreting technical documentation and diagrams,2.A.1.a,Reading Comprehension,skill,0.5543275475502014,1,True
esco_409,interpreting technical documentation and diagrams,2.C.3.c,Design,knowledge,0.4391835927963257,2,False
esco_409,interpreting technical documentation and diagrams,1.A.1.a.2,Written Comprehension,ability,0.4326055645942688,3,False
esco_410,read maps,1.A.1.a.2,Written Comprehension,ability,0.4048699140548706,1,False
esco_410,read maps,2.A.1.a,Reading Comprehension,skill,0.37940311431884766,2,False
esco_410,read maps,1.A.1.e.1,Speed of Closure,ability,0.35831931233406067,3,False
esco_411,analyse information processes,2.A.1.d,Speaking,skill,0.45850661396980286,1,True
esco_411,analyse information processes,2.B.2.i,Complex Problem Solving,skill,0.4536910653114319,2,True
esco_411,analyse information processes,1.A.1.e.1,Speed of Closure,ability,0.4497143626213074,3,False
esco_412,assessment processes,2.C.6,Education and Training,knowledge,0.4932997226715088,1,True
esco_412,assessment processes,2.A.2.a,Critical Thinking,skill,0.48667386174201965,2,True
esco_412,assessment processes,2.A.2.c,Learning Strategies,skill,0.4603691101074219,3,True
esco_413,execute analytical mathematical calculations,2.A.1.e,Mathematics,skill,0.5978338122367859,1,True
esco_413,execute analytical mathematical calculations,2.C.4.a,Mathematics,knowledge,0.5836194753646851,2,True
esco_413,execute analytical mathematical calculations,1.A.1.c.1,Mathematical Reasoning,ability,0.5334927439689636,3,True
esco_414,use ICT systems,2.C.3.a,Computers and Electronics,knowledge,0.47514694929122925,1,True
esco_414,use ICT systems,2.B.3.e,Programming,skill,0.46727168560028076,2,True
esco_414,use ICT systems,2.B.3.b,Technology Design,skill,0.39642736315727234,3,False
esco_415,micro mobility devices,2.B.3.b,Technology Design,skill,0.3280445337295532,1,False
esco_415,micro mobility devices,2.B.3.j,Equipment Maintenance,skill,0.2514099180698395,2,False
esco_415,micro mobility devices,2.C.9.a,Telecommunications,knowledge,0.23790821433067322,3,False
esco_416,develop hazardous waste management strategies,2.B.5.c,Management of Material Resources,skill,0.5111192464828491,1,True
esco_416,develop hazardous waste management strategies,2.B.5.d,Management of Personnel Resources,skill,0.46350759267807007,2,True
esco_416,develop hazardous waste management strategies,2.C.1.a,Administration and Management,knowledge,0.44130218029022217,3,False
esco_417,negotiating,2.B.1.d,Negotiation,skill,0.7222519516944885,1,True
esco_417,negotiating,2.B.1.c,Persuasion,skill,0.34538018703460693,2,False
esco_417,negotiating,2.A.1.e,Mathematics,skill,0.30183443427085876,3,False
esco_418,interview techniques,2.C.4.f,Sociology and Anthropology,knowledge,0.4181329011917114,1,False
esco_418,interview techniques,2.A.1.d,Speaking,skill,0.41493555903434753,2,False
esco_418,interview techniques,2.B.5.d,Management of Personnel Resources,skill,0.3816768527030945,3,False
esco_419,documenting and recording information,2.A.1.c,Writing,skill,0.41913074254989624,1,False
esco_419,documenting and recording information,1.A.1.a.4,Written Expression,ability,0.41072654724121094,2,False
esco_419,documenting and recording information,2.B.3.e,Programming,skill,0.3807927966117859,3,False
esco_420,present evidence,2.B.1.d,Negotiation,skill,0.46885251998901367,1,True
esco_420,present evidence,2.A.1.d,Speaking,skill,0.4550893008708954,2,True
esco_420,present evidence,2.A.1.c,Writing,skill,0.4018014669418335,3,False
esco_421,establish collaborative relations,2.A.1.d,Speaking,skill,0.4906008243560791,1,True
esco_421,establish collaborative relations,2.B.1.d,Negotiation,skill,0.4679874777793884,2,True
esco_421,establish collaborative relations,2.B.5.d,Management of Personnel Resources,skill,0.41215944290161133,3,False
esco_422,record test data,2.B.3.m,Quality Control Analysis,skill,0.32802873849868774,1,False
esco_422,record test data,2.B.3.g,Operations Monitoring,skill,0.3171483874320984,2,False
esco_422,record test data,2.B.3.k,Troubleshooting,skill,0.29141271114349365,3,False
esco_423,conduct continuing professional development workshops,2.A.1.d,Speaking,skill,0.4420992136001587,1,False
esco_423,conduct continuing professional development workshops,2.C.6,Education and Training,knowledge,0.4415857195854187,2,False
esco_423,conduct continuing professional development workshops,2.B.1.e,Instructing,skill,0.42775124311447144,3,False
esco_424,process incident reports for prevention,2.C.1.f,Personnel and Human Resources,knowledge,0.3790542781352997,1,False
esco_424,process incident reports for prevention,2.C.8.a,Public Safety and Security,knowledge,0.3676700294017792,2,False
esco_424,process incident reports for prevention,2.B.2.i,Complex Problem Solving,skill,0.3654128909111023,3,False
esco_425,legislation procedure,2.C.8.b,Law and Government,knowledge,0.4774276912212372,1,True
esco_425,legislation procedure,2.B.5.b,Management of Financial Resources,skill,0.43194055557250977,2,False
esco_425,legislation procedure,2.C.1.a,Administration and Management,knowledge,0.3874182105064392,3,False
esco_426,troubleshoot,2.B.1.d,Negotiation,skill,0.4488709568977356,1,False
esco_426,troubleshoot,2.A.1.d,Speaking,skill,0.4321766495704651,2,False
esco_426,troubleshoot,2.B.2.i,Complex Problem Solving,skill,0.42608582973480225,3,False
esco_427,journalism,2.C.4.f,Sociology and Anthropology,knowledge,0.447327196598053,1,False
esco_427,journalism,2.C.9.b,Communications and Media,knowledge,0.42174750566482544,2,False
esco_427,journalism,2.A.1.c,Writing,skill,0.33440786600112915,3,False
esco_428,working with digital devices and applications,2.C.3.a,Computers and Electronics,knowledge,0.5041466951370239,1,True
esco_428,working with digital devices and applications,2.B.3.e,Programming,skill,0.4646258056163788,2,True
esco_428,working with digital devices and applications,2.B.3.b,Technology Design,skill,0.4501171410083771,3,True
esco_429,manage staff,2.B.5.d,Management of Personnel Resources,skill,0.6548575162887573,1,True
esco_429,manage staff,2.C.1.f,Personnel and Human Resources,knowledge,0.5544135570526123,2,True
esco_429,manage staff,2.C.1.a,Administration and Management,knowledge,0.49996626377105713,3,True
esco_430,design management,2.B.3.a,Operations Analysis,skill,0.5728884339332581,1,True
esco_430,design management,2.C.3.c,Design,knowledge,0.5605131983757019,2,True
esco_430,design management,2.B.3.b,Technology Design,skill,0.4619697332382202,3,True
esco_431,digital identity management,2.B.5.a,Time Management,skill,0.2580811381340027,1,False
esco_431,digital identity management,2.B.5.d,Management of Personnel Resources,skill,0.2576064467430115,2,False
esco_431,digital identity management,2.B.3.b,Technology Design,skill,0.24036577343940735,3,False
esco_432,inspect compliance with hazardous waste regulations,2.B.3.j,Equipment Maintenance,skill,0.4111286401748657,1,False
esco_432,inspect compliance with hazardous waste regulations,2.B.5.c,Management of Material Resources,skill,0.40375351905822754,2,False
esco_432,inspect compliance with hazardous waste regulations,2.C.2.a,Production and Processing,knowledge,0.3767409920692444,3,False
esco_433,visual presentation techniques,1.A.1.f.2,Visualization,ability,0.4429005980491638,1,False
esco_433,visual presentation techniques,2.A.1.c,Writing,skill,0.408665269613266,2,False
esco_433,visual presentation techniques,2.A.2.c,Learning Strategies,skill,0.395072877407074,3,False
esco_434,refurbish facilities,2.B.3.j,Equipment Maintenance,skill,0.43339774012565613,1,False
esco_434,refurbish facilities,2.B.3.l,Repairing,skill,0.42974403500556946,2,False
esco_434,refurbish facilities,2.C.3.d,Building and Construction,knowledge,0.4139115512371063,3,False
esco_435,ICT hardware specifications,2.C.3.a,Computers and Electronics,knowledge,0.45379549264907837,1,True
esco_435,ICT hardware specifications,2.C.9.a,Telecommunications,knowledge,0.36431655287742615,2,False
esco_435,ICT hardware specifications,2.B.3.b,Technology Design,skill,0.35443827509880066,3,False
esco_436,ensure compliance with noise standards,2.B.3.j,Equipment Maintenance,skill,0.3735696077346802,1,False
esco_436,ensure compliance with noise standards,2.A.1.b,Active Listening,skill,0.31433814764022827,2,False
esco_436,ensure compliance with noise standards,1.A.4.b.1,Hearing Sensitivity,ability,0.2913542687892914,3,False
esco_437,operate manual planer,1.A.2.a.2,Manual Dexterity,ability,0.3939339518547058,1,False
esco_437,operate manual planer,2.B.3.c,Equipment Selection,skill,0.3486008048057556,2,False
esco_437,operate manual planer,2.B.3.h,Operation and Control,skill,0.348315954208374,3,False
esco_438,develop information security strategy,2.C.8.a,Public Safety and Security,knowledge,0.5076008439064026,1,True
esco_438,develop information security strategy,2.B.2.i,Complex Problem Solving,skill,0.362495481967926,2,False
esco_438,develop information security strategy,2.B.3.a,Operations Analysis,skill,0.35504165291786194,3,False
esco_439,deliver group sessions on nutrition,2.A.1.d,Speaking,skill,0.41855376958847046,1,False
esco_439,deliver group sessions on nutrition,2.B.1.e,Instructing,skill,0.41348960995674133,2,False
esco_439,deliver group sessions on nutrition,2.C.6,Education and Training,knowledge,0.400566428899765,3,False
esco_440,ensuring compliance with legislation,2.C.8.b,Law and Government,knowledge,0.5620019435882568,1,True
esco_440,ensuring compliance with legislation,2.C.1.f,Personnel and Human Resources,knowledge,0.38706058263778687,2,False
esco_440,ensuring compliance with legislation,2.B.5.d,Management of Personnel Resources,skill,0.36704331636428833,3,False
esco_441,manage quality,2.B.5.d,Management of Personnel Resources,skill,0.5250657200813293,1,True
esco_441,manage quality,2.B.3.m,Quality Control Analysis,skill,0.4430490732192993,2,False
esco_441,manage quality,2.C.2.a,Production and Processing,knowledge,0.4330928325653076,3,False
esco_442,digitise documents,2.B.3.e,Programming,skill,0.3614533841609955,1,False
esco_442,digitise documents,2.A.1.a,Reading Comprehension,skill,0.3435373902320862,2,False
esco_442,digitise documents,2.B.3.l,Repairing,skill,0.32603034377098083,3,False
esco_443,make set construction drawings,2.C.3.c,Design,knowledge,0.4759522080421448,1,True
esco_443,make set construction drawings,2.C.3.d,Building and Construction,knowledge,0.39388856291770935,2,False
esco_443,make set construction drawings,2.B.3.a,Operations Analysis,skill,0.358736515045166,3,False
esco_444,undertake inspections,2.B.3.j,Equipment Maintenance,skill,0.4712614417076111,1,True
esco_444,undertake inspections,2.A.2.d,Monitoring,skill,0.4237422049045563,2,False
esco_444,undertake inspections,2.B.3.g,Operations Monitoring,skill,0.42195695638656616,3,False
esco_445,analyse scientific data,2.A.1.f,Science,skill,0.5788516998291016,1,True
esco_445,analyse scientific data,2.B.4.g,Systems Analysis,skill,0.4009455740451813,2,False
esco_445,analyse scientific data,2.C.4.d,Biology,knowledge,0.38211944699287415,3,False
esco_446,perform product testing,2.B.5.d,Management of Personnel Resources,skill,0.45661821961402893,1,True
esco_446,perform product testing,2.B.3.m,Quality Control Analysis,skill,0.4130784273147583,2,False
esco_446,perform product testing,2.C.4.e,Psychology,knowledge,0.4102950990200043,3,False
esco_447,perceive context when interpreting,2.A.1.d,Speaking,skill,0.43338295817375183,1,False
esco_447,perceive context when interpreting,2.A.1.c,Writing,skill,0.4099498987197876,2,False
esco_447,perceive context when interpreting,2.B.1.b,Coordination,skill,0.4076785445213318,3,False
esco_448,analysing and evaluating information and data,2.B.4.g,Systems Analysis,skill,0.44585806131362915,1,False
esco_448,analysing and evaluating information and data,2.B.2.i,Complex Problem Solving,skill,0.4378783404827118,2,False
esco_448,analysing and evaluating information and data,2.A.1.f,Science,skill,0.42220836877822876,3,False
esco_449,geographic information systems,2.C.4.g,Geography,knowledge,0.5455933809280396,1,True
esco_449,geographic information systems,1.A.1.f.1,Spatial Orientation,ability,0.3276596665382385,2,False
esco_449,geographic information systems,2.C.4.a,Mathematics,knowledge,0.31753867864608765,3,False
esco_450,manufacturing processes,2.C.2.a,Production and Processing,knowledge,0.5561818480491638,1,True
esco_450,manufacturing processes,2.B.3.a,Operations Analysis,skill,0.47237807512283325,2,True
esco_450,manufacturing processes,2.C.3.c,Design,knowledge,0.4607049226760864,3,True
esco_451,design customised maps,2.C.3.c,Design,knowledge,0.5328590273857117,1,True
esco_451,design customised maps,2.B.3.a,Operations Analysis,skill,0.4779254198074341,2,True
esco_451,design customised maps,2.B.3.b,Technology Design,skill,0.4093286097049713,3,False
esco_452,define security policies,2.C.8.a,Public Safety and Security,knowledge,0.5449328422546387,1,True
esco_452,define security policies,2.C.1.a,Administration and Management,knowledge,0.48904314637184143,2,True
esco_452,define security policies,2.C.1.f,Personnel and Human Resources,knowledge,0.45937037467956543,3,True
esco_453,apply statistical analysis techniques,1.A.1.b.4,Deductive Reasoning,ability,0.42345529794692993,1,False
esco_453,apply statistical analysis techniques,2.C.4.a,Mathematics,knowledge,0.4209374785423279,2,False
esco_453,apply statistical analysis techniques,2.A.1.f,Science,skill,0.4118767976760864,3,False
esco_454,photography,2.C.7.c,Fine Arts,knowledge,0.32066988945007324,1,False
esco_454,photography,1.A.4.a.2,Far Vision,ability,0.29371127486228943,2,False
esco_454,photography,2.C.7.d,History and Archeology,knowledge,0.26380985975265503,3,False
esco_455,maintain electrical equipment,2.B.3.j,Equipment Maintenance,skill,0.7371624708175659,1,True
esco_455,maintain electrical equipment,2.B.3.l,Repairing,skill,0.5379936099052429,2,True
esco_455,maintain electrical equipment,2.B.3.g,Operations Monitoring,skill,0.5340044498443604,3,True
esco_456,public finance,2.B.5.b,Management of Financial Resources,skill,0.5570796728134155,1,True
esco_456,public finance,2.C.1.c,Economics and Accounting,knowledge,0.5458651781082153,2,True
esco_456,public finance,2.C.8.b,Law and Government,knowledge,0.43558502197265625,3,False
esco_457,facilitate physical activity in the community,2.B.1.f,Service Orientation,skill,0.3906551003456116,1,False
esco_457,facilitate physical activity in the community,2.B.1.b,Coordination,skill,0.37526318430900574,2,False
esco_457,facilitate physical activity in the community,2.B.1.e,Instructing,skill,0.37327784299850464,3,False
esco_458,build predictive models,2.A.2.b,Active Learning,skill,0.4595499038696289,1,True
esco_458,build predictive models,1.A.1.b.4,Deductive Reasoning,ability,0.45849883556365967,2,True
esco_458,build predictive models,2.B.2.i,Complex Problem Solving,skill,0.41223961114883423,3,False
esco_459,advocate health,2.B.1.f,Service Orientation,skill,0.43876397609710693,1,False
esco_459,advocate health,2.B.1.d,Negotiation,skill,0.3697255849838257,2,False
esco_459,advocate health,2.A.1.c,Writing,skill,0.3528781831264496,3,False
esco_460,working with computers,2.C.3.a,Computers and Electronics,knowledge,0.5580931901931763,1,True
esco_460,working with computers,2.B.3.e,Programming,skill,0.5424402356147766,2,True
esco_460,working with computers,2.B.3.l,Repairing,skill,0.404023677110672,3,False
esco_461,design drainage well systems,2.B.3.a,Operations Analysis,skill,0.3699166178703308,1,False
esco_461,design drainage well systems,2.C.3.c,Design,knowledge,0.35414770245552063,2,False
esco_461,design drainage well systems,2.B.4.g,Systems Analysis,skill,0.2948710024356842,3,False
esco_462,digital systems,2.C.3.a,Computers and Electronics,knowledge,0.4826648235321045,1,True
esco_462,digital systems,2.C.9.a,Telecommunications,knowledge,0.4808899760246277,2,True
esco_462,digital systems,2.B.4.g,Systems Analysis,skill,0.4337790906429291,3,False
esco_463,write English,2.C.7.a,English Language,knowledge,0.5933103561401367,1,True
esco_463,write English,2.A.1.c,Writing,skill,0.5332596302032471,2,True
esco_463,write English,2.C.7.b,Foreign Language,knowledge,0.4495846629142761,3,False
esco_464,legal requirements in the social sector,2.C.8.b,Law and Government,knowledge,0.46081745624542236,1,True
esco_464,legal requirements in the social sector,2.C.1.f,Personnel and Human Resources,knowledge,0.32902681827545166,2,False
esco_464,legal requirements in the social sector,2.C.1.a,Administration and Management,knowledge,0.3160940408706665,3,False
esco_465,financial department processes,2.B.5.b,Management of Financial Resources,skill,0.587958574295044,1,True
esco_465,financial department processes,2.C.1.c,Economics and Accounting,knowledge,0.48081761598587036,2,True
esco_465,financial department processes,2.C.1.a,Administration and Management,knowledge,0.3998582065105438,3,False
esco_466,conduct land surveys,2.C.4.g,Geography,knowledge,0.4089319407939911,1,False
esco_466,conduct land surveys,2.B.3.c,Equipment Selection,skill,0.33940035104751587,2,False
esco_466,conduct land surveys,2.C.3.d,Building and Construction,knowledge,0.3312700092792511,3,False
esco_467,present arguments persuasively,2.B.1.c,Persuasion,skill,0.6149865388870239,1,True
esco_467,present arguments persuasively,2.A.1.d,Speaking,skill,0.5552750825881958,2,True
esco_467,present arguments persuasively,2.A.1.c,Writing,skill,0.5224157571792603,3,True
esco_468,evaluate research activities,2.C.4.e,Psychology,knowledge,0.4176574945449829,1,False
esco_468,evaluate research activities,2.A.2.a,Critical Thinking,skill,0.4023854434490204,2,False
esco_468,evaluate research activities,2.A.1.f,Science,skill,0.39783599972724915,3,False
esco_469,coordinate transportation,2.B.5.d,Management of Personnel Resources,skill,0.5129785537719727,1,True
esco_469,coordinate transportation,2.C.10,Transportation,knowledge,0.5063019394874573,2,True
esco_469,coordinate transportation,2.C.1.a,Administration and Management,knowledge,0.4488934278488159,3,False
esco_470,perform quality control of design during a run,2.C.3.c,Design,knowledge,0.4885967969894409,1,True
esco_470,perform quality control of design during a run,2.B.3.a,Operations Analysis,skill,0.46158939599990845,2,True
esco_470,perform quality control of design during a run,2.B.3.m,Quality Control Analysis,skill,0.4439106583595276,3,False
esco_471,machine learning,2.C.3.a,Computers and Electronics,knowledge,0.38451313972473145,1,False
esco_471,machine learning,2.A.2.b,Active Learning,skill,0.3585757315158844,2,False
esco_471,machine learning,2.B.3.e,Programming,skill,0.3439858555793762,3,False
esco_472,CADD software,2.B.3.a,Operations Analysis,skill,0.47422540187835693,1,True
esco_472,CADD software,2.C.3.c,Design,knowledge,0.4500241279602051,2,True
esco_472,CADD software,2.B.3.b,Technology Design,skill,0.41500139236450195,3,False
esco_473,organisational policies,2.C.1.a,Administration and Management,knowledge,0.5382980108261108,1,True
esco_473,organisational policies,2.B.5.d,Management of Personnel Resources,skill,0.4977055788040161,2,True
esco_473,organisational policies,2.C.1.f,Personnel and Human Resources,knowledge,0.4902550280094147,3,True
esco_474,assist with litigation matters,2.B.1.d,Negotiation,skill,0.4640875458717346,1,True
esco_474,assist with litigation matters,2.C.8.b,Law and Government,knowledge,0.43051064014434814,2,False
esco_474,assist with litigation matters,2.A.1.d,Speaking,skill,0.34681808948516846,3,False
esco_475,ensure information transparency,2.B.3.j,Equipment Maintenance,skill,0.6445103287696838,1,True
esco_475,ensure information transparency,2.B.3.g,Operations Monitoring,skill,0.5180559158325195,2,True
esco_475,ensure information transparency,2.B.3.l,Repairing,skill,0.45716071128845215,3,True
esco_476,master language rules,2.A.1.d,Speaking,skill,0.5189781785011292,1,True
esco_476,master language rules,2.A.1.c,Writing,skill,0.46175873279571533,2,True
esco_476,master language rules,2.C.7.a,English Language,knowledge,0.4242745637893677,3,False
esco_477,teach food science,2.C.2.b,Food Production,knowledge,0.489798367023468,1,True
esco_477,teach food science,2.B.1.e,Instructing,skill,0.4768185615539551,2,True
esco_477,teach food science,2.C.6,Education and Training,knowledge,0.4219202697277069,3,False
esco_478,create software design,2.B.3.e,Programming,skill,0.5043351650238037,1,True
esco_478,create software design,2.B.3.a,Operations Analysis,skill,0.480697900056839,2,True
esco_478,create software design,2.B.3.b,Technology Design,skill,0.4227595925331116,3,False
esco_479,apply change management,2.B.5.d,Management of Personnel Resources,skill,0.5144994854927063,1,True
esco_479,apply change management,2.B.5.a,Time Management,skill,0.46955108642578125,2,True
esco_479,apply change management,2.C.1.a,Administration and Management,knowledge,0.42984235286712646,3,False
esco_480,use specialised design software,2.C.3.c,Design,knowledge,0.41280633211135864,1,False
esco_480,use specialised design software,2.B.3.b,Technology Design,skill,0.40239977836608887,2,False
esco_480,use specialised design software,2.B.3.e,Programming,skill,0.3919799327850342,3,False
esco_481,banking activities,2.C.1.c,Economics and Accounting,knowledge,0.5074330568313599,1,True
esco_481,banking activities,2.B.5.b,Management of Financial Resources,skill,0.4177893400192261,2,False
esco_481,banking activities,2.C.1.a,Administration and Management,knowledge,0.3421272039413452,3,False
esco_482,design drawings,2.C.3.c,Design,knowledge,0.5995759963989258,1,True
esco_482,design drawings,2.B.3.a,Operations Analysis,skill,0.4976055920124054,2,True
esco_482,design drawings,2.B.3.c,Equipment Selection,skill,0.40024715662002563,3,False
esco_483,engineering control theory,2.B.3.h,Operation and Control,skill,0.547612726688385,1,True
esco_483,engineering control theory,1.A.2.b.1,Control Precision,ability,0.42492350935935974,2,False
esco_483,engineering control theory,2.C.3.b,Engineering and Technology,knowledge,0.40720635652542114,3,False
esco_484,use computer-aided engineering systems,2.C.3.a,Computers and Electronics,knowledge,0.5185679793357849,1,True
esco_484,use computer-aided engineering systems,2.B.3.e,Programming,skill,0.43798479437828064,2,False
esco_484,use computer-aided engineering systems,2.B.3.l,Repairing,skill,0.38794657588005066,3,False
esco_485,develop communications strategies,2.C.9.b,Communications and Media,knowledge,0.5496626496315002,1,True
esco_485,develop communications strategies,2.B.5.d,Management of Personnel Resources,skill,0.5427978038787842,2,True
esco_485,develop communications strategies,2.A.1.d,Speaking,skill,0.5286365747451782,3,True
esco_486,assist people trapped in confined spaces,2.C.5.b,Therapy and Counseling,knowledge,0.2861153781414032,1,False
esco_486,assist people trapped in confined spaces,2.B.1.f,Service Orientation,skill,0.278689980506897,2,False
esco_486,assist people trapped in confined spaces,2.B.1.e,Instructing,skill,0.2512368857860565,3,False
esco_487,communicate with media,2.C.9.b,Communications and Media,knowledge,0.6393020749092102,1,True
esco_487,communicate with media,2.A.1.d,Speaking,skill,0.5253943204879761,2,True
esco_487,communicate with media,2.A.1.c,Writing,skill,0.4761679768562317,3,True
esco_488,politics,2.C.4.f,Sociology and Anthropology,knowledge,0.44414380192756653,1,False
esco_488,politics,2.C.8.b,Law and Government,knowledge,0.40724894404411316,2,False
esco_488,politics,2.C.9.b,Communications and Media,knowledge,0.31108251214027405,3,False
esco_489,assess telecommunication infrastructure issues,2.C.9.a,Telecommunications,knowledge,0.5495631098747253,1,True
esco_489,assess telecommunication infrastructure issues,2.B.2.i,Complex Problem Solving,skill,0.43006908893585205,2,False
esco_489,assess telecommunication infrastructure issues,2.B.3.j,Equipment Maintenance,skill,0.39873823523521423,3,False
esco_490,maintain relationship with suppliers,2.B.3.a,Operations Analysis,skill,0.42191100120544434,1,False
esco_490,maintain relationship with suppliers,2.C.2.a,Production and Processing,knowledge,0.39023128151893616,2,False
esco_490,maintain relationship with suppliers,2.B.1.d,Negotiation,skill,0.38219010829925537,3,False
esco_491,JavaScript,2.B.3.e,Programming,skill,0.46803146600723267,1,True
esco_491,JavaScript,2.A.1.e,Mathematics,skill,0.31176918745040894,2,False
esco_491,JavaScript,2.C.3.a,Computers and Electronics,knowledge,0.2967225909233093,3,False
esco_492,DB2,2.C.3.a,Computers and Electronics,knowledge,0.4258686602115631,1,False
esco_492,DB2,2.C.9.a,Telecommunications,knowledge,0.4028552770614624,2,False
esco_492,DB2,2.B.3.e,Programming,skill,0.3743276596069336,3,False
esco_493,optimise choice of ICT solution,2.B.3.k,Troubleshooting,skill,0.40354180335998535,1,False
esco_493,optimise choice of ICT solution,2.B.3.c,Equipment Selection,skill,0.3732666075229645,2,False
esco_493,optimise choice of ICT solution,2.B.3.d,Installation,skill,0.35179200768470764,3,False
esco_494,Microsoft Access,2.C.1.b,Administrative,knowledge,0.3509138226509094,1,False
esco_494,Microsoft Access,2.B.3.e,Programming,skill,0.333997517824173,2,False
esco_494,Microsoft Access,1.A.1.c.2,Number Facility,ability,0.3266105055809021,3,False
esco_495,comply with legal regulations,2.C.8.b,Law and Government,knowledge,0.46354931592941284,1,True
esco_495,comply with legal regulations,2.C.5.b,Therapy and Counseling,knowledge,0.3064502477645874,2,False
esco_495,comply with legal regulations,2.C.5.a,Medicine and Dentistry,knowledge,0.3035275638103485,3,False
esco_496,file documents,2.B.3.e,Programming,skill,0.39957699179649353,1,False
esco_496,file documents,2.A.1.a,Reading Comprehension,skill,0.3868553638458252,2,False
esco_496,file documents,2.A.2.c,Learning Strategies,skill,0.36118942499160767,3,False
esco_497,applying health-related skills and competences,2.C.6,Education and Training,knowledge,0.5089060068130493,1,True
esco_497,applying health-related skills and competences,2.B.1.f,Service Orientation,skill,0.5070587992668152,2,True
esco_497,applying health-related skills and competences,2.C.5.b,Therapy and Counseling,knowledge,0.49077287316322327,3,True
esco_498,write specifications,2.A.1.c,Writing,skill,0.503278911113739,1,True
esco_498,write specifications,2.B.3.e,Programming,skill,0.4891635775566101,2,True
esco_498,write specifications,2.B.3.a,Operations Analysis,skill,0.46622443199157715,3,True
esco_499,contribute to protecting individuals from harm,2.B.1.f,Service Orientation,skill,0.4549168050289154,1,True
esco_499,contribute to protecting individuals from harm,2.C.8.a,Public Safety and Security,knowledge,0.41449224948883057,2,False
esco_499,contribute to protecting individuals from harm,2.C.5.a,Medicine and Dentistry,knowledge,0.37177062034606934,3,False
esco_500,monitor parameters' compliance in construction projects,2.C.3.d,Building and Construction,knowledge,0.4388016164302826,1,False
esco_500,monitor parameters' compliance in construction projects,2.B.5.b,Management of Financial Resources,skill,0.42891719937324524,2,False
esco_500,monitor parameters' compliance in construction projects,2.B.5.c,Management of Material Resources,skill,0.4163915514945984,3,False
esco_501,community-based rehabilitation,2.C.5.b,Therapy and Counseling,knowledge,0.49429160356521606,1,True
esco_501,community-based rehabilitation,2.B.1.f,Service Orientation,skill,0.41794341802597046,2,False
esco_501,community-based rehabilitation,2.C.6,Education and Training,knowledge,0.3339770436286926,3,False
esco_502,ICT accessibility standards,2.C.3.a,Computers and Electronics,knowledge,0.38763073086738586,1,False
esco_502,ICT accessibility standards,2.A.1.c,Writing,skill,0.3836308419704437,2,False
esco_502,ICT accessibility standards,2.C.9.a,Telecommunications,knowledge,0.3659254312515259,3,False
esco_503,advise on soil and water protection,2.C.4.d,Biology,knowledge,0.30893808603286743,1,False
esco_503,advise on soil and water protection,2.A.1.f,Science,skill,0.28749722242355347,2,False
esco_503,advise on soil and water protection,2.C.2.b,Food Production,knowledge,0.25887346267700195,3,False
esco_504,electrical engineering,2.C.3.a,Computers and Electronics,knowledge,0.5345406532287598,1,True
esco_504,electrical engineering,2.C.3.b,Engineering and Technology,knowledge,0.421624094247818,2,False
esco_504,electrical engineering,2.C.9.a,Telecommunications,knowledge,0.39455389976501465,3,False
esco_505,maintain industrial equipment,2.B.3.j,Equipment Maintenance,skill,0.7990313172340393,1,True
esco_505,maintain industrial equipment,2.B.3.l,Repairing,skill,0.6115291118621826,2,True
esco_505,maintain industrial equipment,2.B.3.g,Operations Monitoring,skill,0.5610122680664062,3,True
esco_506,perform internal investigations,1.A.1.b.4,Deductive Reasoning,ability,0.42475414276123047,1,False
esco_506,perform internal investigations,2.B.2.i,Complex Problem Solving,skill,0.41735610365867615,2,False
esco_506,perform internal investigations,2.C.1.f,Personnel and Human Resources,knowledge,0.40981847047805786,3,False
esco_507,advise on drafting policies,2.B.1.d,Negotiation,skill,0.4227412939071655,1,False
esco_507,advise on drafting policies,2.A.1.c,Writing,skill,0.4048650860786438,2,False
esco_507,advise on drafting policies,2.C.8.b,Law and Government,knowledge,0.39049071073532104,3,False
esco_508,analyse large-scale data in healthcare,2.B.4.g,Systems Analysis,skill,0.34461140632629395,1,False
esco_508,analyse large-scale data in healthcare,2.B.2.i,Complex Problem Solving,skill,0.32790639996528625,2,False
esco_508,analyse large-scale data in healthcare,2.C.5.a,Medicine and Dentistry,knowledge,0.3220733404159546,3,False
esco_509,bridge engineering,2.C.3.d,Building and Construction,knowledge,0.45983651280403137,1,True
esco_509,bridge engineering,2.C.3.b,Engineering and Technology,knowledge,0.30698370933532715,2,False
esco_509,bridge engineering,2.C.3.c,Design,knowledge,0.2994728684425354,3,False
esco_510,data warehouse,2.B.3.a,Operations Analysis,skill,0.3804950416088104,1,False
esco_510,data warehouse,1.A.1.b.7,Category Flexibility,ability,0.2915891408920288,2,False
esco_510,data warehouse,2.C.2.a,Production and Processing,knowledge,0.29109156131744385,3,False
esco_511,promote the use of sustainable transport,2.C.10,Transportation,knowledge,0.4343416690826416,1,False
esco_511,promote the use of sustainable transport,2.B.1.f,Service Orientation,skill,0.2983923554420471,2,False
esco_511,promote the use of sustainable transport,2.A.1.d,Speaking,skill,0.28362756967544556,3,False
esco_512,presenting information,2.A.1.d,Speaking,skill,0.6039382815361023,1,True
esco_512,presenting information,2.A.1.c,Writing,skill,0.5294016003608704,2,True
esco_512,presenting information,1.A.1.a.4,Written Expression,ability,0.45561397075653076,3,True
esco_513,test electrical equipment,2.B.3.j,Equipment Maintenance,skill,0.530890703201294,1,True
esco_513,test electrical equipment,2.B.3.g,Operations Monitoring,skill,0.46953442692756653,2,True
esco_513,test electrical equipment,2.B.3.c,Equipment Selection,skill,0.4251858592033386,3,False
esco_514,perform environmental investigations,2.A.1.f,Science,skill,0.4667694568634033,1,True
esco_514,perform environmental investigations,2.C.4.d,Biology,knowledge,0.42906850576400757,2,False
esco_514,perform environmental investigations,2.B.2.i,Complex Problem Solving,skill,0.41754961013793945,3,False
esco_515,perform system analysis,2.B.4.g,Systems Analysis,skill,0.58643639087677,1,True
esco_515,perform system analysis,2.B.2.i,Complex Problem Solving,skill,0.5429014563560486,2,True
esco_515,perform system analysis,2.B.3.e,Programming,skill,0.4794040024280548,3,True
esco_516,ICT security standards,2.C.8.a,Public Safety and Security,knowledge,0.4699423313140869,1,True
esco_516,ICT security standards,2.C.3.a,Computers and Electronics,knowledge,0.3307000398635864,2,False
esco_516,ICT security standards,2.C.9.a,Telecommunications,knowledge,0.3223887085914612,3,False
esco_517,share through digital technologies,2.B.3.e,Programming,skill,0.4383552074432373,1,False
esco_517,share through digital technologies,2.C.3.a,Computers and Electronics,knowledge,0.43613362312316895,2,False
esco_517,share through digital technologies,2.A.1.e,Mathematics,skill,0.3549206852912903,3,False
esco_518,provide feedback on job performance,2.B.5.d,Management of Personnel Resources,skill,0.39644765853881836,1,False
esco_518,provide feedback on job performance,2.A.2.d,Monitoring,skill,0.3844239115715027,2,False
esco_518,provide feedback on job performance,2.B.1.f,Service Orientation,skill,0.3300762176513672,3,False
esco_519,Perl,2.B.3.e,Programming,skill,0.4280449151992798,1,False
esco_519,Perl,2.C.9.a,Telecommunications,knowledge,0.3074960708618164,2,False
esco_519,Perl,2.C.3.a,Computers and Electronics,knowledge,0.2754513621330261,3,False
esco_520,issue licences,2.B.1.f,Service Orientation,skill,0.3799045979976654,1,False
esco_520,issue licences,2.C.5.b,Therapy and Counseling,knowledge,0.37754344940185547,2,False
esco_520,issue licences,2.C.8.b,Law and Government,knowledge,0.3058616518974304,3,False
esco_521,create advocacy material,2.B.1.f,Service Orientation,skill,0.4590415954589844,1,True
esco_521,create advocacy material,2.A.1.c,Writing,skill,0.4429941475391388,2,False
esco_521,create advocacy material,2.B.1.d,Negotiation,skill,0.41626352071762085,3,False
esco_522,exercise self-reflection,2.C.5.b,Therapy and Counseling,knowledge,0.395996630191803,1,False
esco_522,exercise self-reflection,2.B.1.e,Instructing,skill,0.3834419846534729,2,False
esco_522,exercise self-reflection,2.C.4.e,Psychology,knowledge,0.3825320303440094,3,False
esco_523,waste management,2.B.5.c,Management of Material Resources,skill,0.4002395570278168,1,False
esco_523,waste management,2.B.3.j,Equipment Maintenance,skill,0.34496521949768066,2,False
esco_523,waste management,2.B.1.f,Service Orientation,skill,0.31228333711624146,3,False
esco_524,law enforcement,2.C.8.a,Public Safety and Security,knowledge,0.466525673866272,1,True
esco_524,law enforcement,2.C.8.b,Law and Government,knowledge,0.35667234659194946,2,False
esco_524,law enforcement,2.B.1.f,Service Orientation,skill,0.34685516357421875,3,False
esco_525,develop visual elements,2.A.2.c,Learning Strategies,skill,0.4913291037082672,1,True
esco_525,develop visual elements,1.A.1.f.2,Visualization,ability,0.487335205078125,2,True
esco_525,develop visual elements,2.C.3.c,Design,knowledge,0.48234856128692627,3,True
esco_526,conduct quality control analysis,2.B.3.m,Quality Control Analysis,skill,0.5775256156921387,1,True
esco_526,conduct quality control analysis,2.C.6,Education and Training,knowledge,0.39887791872024536,2,False
esco_526,conduct quality control analysis,2.C.2.a,Production and Processing,knowledge,0.39719194173812866,3,False
esco_527,industrial software,2.B.3.a,Operations Analysis,skill,0.43821436166763306,1,False
esco_527,industrial software,2.B.3.e,Programming,skill,0.4339948892593384,2,False
esco_527,industrial software,2.B.3.d,Installation,skill,0.41299131512641907,3,False
esco_528,share good practices across subsidiaries,2.B.5.d,Management of Personnel Resources,skill,0.4750354588031769,1,True
esco_528,share good practices across subsidiaries,2.C.1.a,Administration and Management,knowledge,0.4186273217201233,2,False
esco_528,share good practices across subsidiaries,2.C.1.f,Personnel and Human Resources,knowledge,0.38918280601501465,3,False
esco_529,operate furnace,2.B.3.j,Equipment Maintenance,skill,0.5171602964401245,1,True
esco_529,operate furnace,2.B.3.h,Operation and Control,skill,0.47658801078796387,2,True
esco_529,operate furnace,2.B.3.g,Operations Monitoring,skill,0.45958200097084045,3,True
esco_530,ICT safety,2.B.3.j,Equipment Maintenance,skill,0.41313183307647705,1,False
esco_530,ICT safety,2.B.3.k,Troubleshooting,skill,0.39665207266807556,2,False
esco_530,ICT safety,2.B.3.l,Repairing,skill,0.3852074146270752,3,False
esco_531,demonstrate curiosity,2.B.1.a,Social Perceptiveness,skill,0.47256484627723694,1,True
esco_531,demonstrate curiosity,2.C.4.e,Psychology,knowledge,0.4097062349319458,2,False
esco_531,demonstrate curiosity,2.B.1.e,Instructing,skill,0.37476295232772827,3,False
esco_532,adjust engineering designs,2.B.3.a,Operations Analysis,skill,0.5288264155387878,1,True
esco_532,adjust engineering designs,2.C.3.c,Design,knowledge,0.5235485434532166,2,True
esco_532,adjust engineering designs,2.B.3.b,Technology Design,skill,0.48616936802864075,3,True
esco_533,count money,2.B.5.b,Management of Financial Resources,skill,0.5623253583908081,1,True
esco_533,count money,2.B.5.d,Management of Personnel Resources,skill,0.4546273946762085,2,True
esco_533,count money,2.C.1.c,Economics and Accounting,knowledge,0.4438982307910919,3,False
esco_534,emergent technologies,2.B.3.b,Technology Design,skill,0.45805391669273376,1,True
esco_534,emergent technologies,2.C.3.b,Engineering and Technology,knowledge,0.42322662472724915,2,False
esco_534,emergent technologies,2.C.3.d,Building and Construction,knowledge,0.3951273560523987,3,False
esco_535,apply brazing techniques,2.C.3.d,Building and Construction,knowledge,0.32231858372688293,1,False
esco_535,apply brazing techniques,2.B.3.c,Equipment Selection,skill,0.31554704904556274,2,False
esco_535,apply brazing techniques,2.C.3.c,Design,knowledge,0.29515427350997925,3,False
esco_536,mathematics,2.C.4.a,Mathematics,knowledge,0.727892279624939,1,True
esco_536,mathematics,2.A.1.e,Mathematics,skill,0.6634621620178223,2,True
esco_536,mathematics,1.A.1.c.1,Mathematical Reasoning,ability,0.5922127962112427,3,True
esco_537,identify research topics,2.C.4.e,Psychology,knowledge,0.44725918769836426,1,False
esco_537,identify research topics,2.B.2.i,Complex Problem Solving,skill,0.4395827651023865,2,False
esco_537,identify research topics,2.A.2.c,Learning Strategies,skill,0.43016669154167175,3,False
esco_538,PHP,2.B.3.e,Programming,skill,0.40539824962615967,1,False
esco_538,PHP,2.A.1.e,Mathematics,skill,0.29154980182647705,2,False
esco_538,PHP,2.B.3.b,Technology Design,skill,0.27013376355171204,3,False
esco_539,software anomalies,2.B.3.k,Troubleshooting,skill,0.5120771527290344,1,True
esco_539,software anomalies,2.B.3.e,Programming,skill,0.3615676760673523,2,False
esco_539,software anomalies,2.B.3.d,Installation,skill,0.2863261103630066,3,False
esco_540,database,2.C.3.a,Computers and Electronics,knowledge,0.3768084943294525,1,False
esco_540,database,2.C.9.a,Telecommunications,knowledge,0.3366857171058655,2,False
esco_540,database,2.B.3.e,Programming,skill,0.3113664388656616,3,False
esco_541,languages,2.C.7.b,Foreign Language,knowledge,0.48859524726867676,1,True
esco_541,languages,2.B.3.e,Programming,skill,0.4440270960330963,2,False
esco_541,languages,2.C.7.a,English Language,knowledge,0.4370877742767334,3,False
esco_542,use geographic information systems,2.B.3.e,Programming,skill,0.39334675669670105,1,False
esco_542,use geographic information systems,2.C.4.g,Geography,knowledge,0.3869842290878296,2,False
esco_542,use geographic information systems,2.C.3.a,Computers and Electronics,knowledge,0.36494117975234985,3,False
esco_543,detect microorganisms,2.B.3.j,Equipment Maintenance,skill,0.47689753770828247,1,True
esco_543,detect microorganisms,2.B.3.g,Operations Monitoring,skill,0.4607008099555969,2,True
esco_543,detect microorganisms,2.B.3.c,Equipment Selection,skill,0.43801188468933105,3,False
esco_544,manage emergency procedures,2.B.5.d,Management of Personnel Resources,skill,0.545320987701416,1,True
esco_544,manage emergency procedures,2.C.1.f,Personnel and Human Resources,knowledge,0.4777827262878418,2,True
esco_544,manage emergency procedures,2.C.1.a,Administration and Management,knowledge,0.4719369411468506,3,True
esco_545,use databases,2.B.3.e,Programming,skill,0.41998374462127686,1,False
esco_545,use databases,2.C.3.a,Computers and Electronics,knowledge,0.356052041053772,2,False
esco_545,use databases,2.B.3.l,Repairing,skill,0.29774877429008484,3,False
esco_546,"using word processing, publishing and presentation software",2.B.3.e,Programming,skill,0.5232524871826172,1,True
esco_546,"using word processing, publishing and presentation software",2.A.1.c,Writing,skill,0.5045031309127808,2,True
esco_546,"using word processing, publishing and presentation software",1.A.1.a.4,Written Expression,ability,0.44504082202911377,3,False
esco_547,manage difficult clients,2.B.5.a,Time Management,skill,0.5018407106399536,1,True
esco_547,manage difficult clients,2.B.5.d,Management of Personnel Resources,skill,0.49316295981407166,2,True
esco_547,manage difficult clients,2.C.1.e,Customer and Personal Service,knowledge,0.44623488187789917,3,False
esco_548,meet expectations of target audience,2.A.1.c,Writing,skill,0.5155587196350098,1,True
esco_548,meet expectations of target audience,2.A.1.d,Speaking,skill,0.4529161751270294,2,True
esco_548,meet expectations of target audience,1.A.1.a.2,Written Comprehension,ability,0.41032835841178894,3,False
esco_549,design building retrofitting solutions,2.B.3.a,Operations Analysis,skill,0.4514269232749939,1,True
esco_549,design building retrofitting solutions,2.B.3.b,Technology Design,skill,0.45004016160964966,2,True
esco_549,design building retrofitting solutions,2.C.3.c,Design,knowledge,0.4248853921890259,3,False
esco_550,manage health and safety standards,2.B.3.j,Equipment Maintenance,skill,0.4829300045967102,1,True
esco_550,manage health and safety standards,2.B.1.f,Service Orientation,skill,0.4083567261695862,2,False
esco_550,manage health and safety standards,2.C.1.f,Personnel and Human Resources,knowledge,0.3625391721725464,3,False
esco_551,provide victim assistance,2.B.1.f,Service Orientation,skill,0.37384748458862305,1,False
esco_551,provide victim assistance,2.C.5.b,Therapy and Counseling,knowledge,0.34421202540397644,2,False
esco_551,provide victim assistance,2.B.1.e,Instructing,skill,0.2843966782093048,3,False
esco_552,applying general knowledge,1.A.1.b.4,Deductive Reasoning,ability,0.5361602902412415,1,True
esco_552,applying general knowledge,1.A.1.b.5,Inductive Reasoning,ability,0.46805423498153687,2,True
esco_552,applying general knowledge,2.A.1.e,Mathematics,skill,0.4576740860939026,3,True
esco_553,evaluation theory,2.B.4.h,Systems Evaluation,skill,0.4714040756225586,1,True
esco_553,evaluation theory,2.B.4.e,Judgment and Decision Making,skill,0.4256410300731659,2,False
esco_553,evaluation theory,2.A.2.a,Critical Thinking,skill,0.40091004967689514,3,False
esco_554,use technology for forensics,2.B.3.c,Equipment Selection,skill,0.4207591712474823,1,False
esco_554,use technology for forensics,2.A.1.f,Science,skill,0.39826440811157227,2,False
esco_554,use technology for forensics,2.C.7.d,History and Archeology,knowledge,0.33023202419281006,3,False
esco_555,maintaining mechanical equipment and tools,2.B.3.j,Equipment Maintenance,skill,0.7439209222793579,1,True
esco_555,maintaining mechanical equipment and tools,2.B.3.l,Repairing,skill,0.6409168839454651,2,True
esco_555,maintaining mechanical equipment and tools,2.B.3.c,Equipment Selection,skill,0.5776625871658325,3,True
esco_556,manage personal progression,2.B.5.d,Management of Personnel Resources,skill,0.47590887546539307,1,True
esco_556,manage personal progression,2.B.5.a,Time Management,skill,0.43667370080947876,2,False
esco_556,manage personal progression,2.B.1.f,Service Orientation,skill,0.4327903389930725,3,False
esco_557,approach challenges positively,2.B.1.f,Service Orientation,skill,0.4815038740634918,1,True
esco_557,approach challenges positively,2.A.2.a,Critical Thinking,skill,0.4396672248840332,2,False
esco_557,approach challenges positively,2.B.2.i,Complex Problem Solving,skill,0.43765202164649963,3,False
esco_558,promote sustainability,2.B.1.f,Service Orientation,skill,0.37498122453689575,1,False
esco_558,promote sustainability,2.B.1.d,Negotiation,skill,0.3547341823577881,2,False
esco_558,promote sustainability,2.A.1.d,Speaking,skill,0.33372193574905396,3,False
esco_559,diagnostic methods in medical laboratory,2.B.3.g,Operations Monitoring,skill,0.4057549238204956,1,False
esco_559,diagnostic methods in medical laboratory,2.C.5.a,Medicine and Dentistry,knowledge,0.3662397265434265,2,False
esco_559,diagnostic methods in medical laboratory,2.B.3.m,Quality Control Analysis,skill,0.3516514003276825,3,False
esco_560,draw conclusions from market research results,2.B.2.i,Complex Problem Solving,skill,0.419192373752594,1,False
esco_560,draw conclusions from market research results,2.A.2.b,Active Learning,skill,0.41236042976379395,2,False
esco_560,draw conclusions from market research results,2.A.2.a,Critical Thinking,skill,0.4117528796195984,3,False
esco_561,integrate ICT data,2.C.3.a,Computers and Electronics,knowledge,0.4040100574493408,1,False
esco_561,integrate ICT data,2.B.3.e,Programming,skill,0.37760186195373535,2,False
esco_561,integrate ICT data,2.B.2.i,Complex Problem Solving,skill,0.34089311957359314,3,False
esco_562,think analytically,2.C.4.a,Mathematics,knowledge,0.4673781096935272,1,True
esco_562,think analytically,2.A.2.a,Critical Thinking,skill,0.4605518877506256,2,True
esco_562,think analytically,2.B.2.i,Complex Problem Solving,skill,0.4224417209625244,3,False
esco_563,maintain an artistic portfolio,2.C.1.d,Sales and Marketing,knowledge,0.3373168706893921,1,False
esco_563,maintain an artistic portfolio,2.C.7.c,Fine Arts,knowledge,0.258309006690979,2,False
esco_563,maintain an artistic portfolio,2.C.9.b,Communications and Media,knowledge,0.24679817259311676,3,False
esco_564,communicate with stakeholders,2.A.1.d,Speaking,skill,0.470389187335968,1,True
esco_564,communicate with stakeholders,2.B.1.d,Negotiation,skill,0.4607637822628021,2,True
esco_564,communicate with stakeholders,2.A.1.c,Writing,skill,0.45861637592315674,3,True
esco_565,communication studies,2.C.9.b,Communications and Media,knowledge,0.5582208037376404,1,True
esco_565,communication studies,2.C.4.f,Sociology and Anthropology,knowledge,0.46718353033065796,2,True
esco_565,communication studies,2.C.9.a,Telecommunications,knowledge,0.42950642108917236,3,False
esco_566,provide testimony in court hearings,2.A.1.d,Speaking,skill,0.4528842568397522,1,True
esco_566,provide testimony in court hearings,2.B.1.d,Negotiation,skill,0.44489192962646484,2,False
esco_566,provide testimony in court hearings,2.C.8.b,Law and Government,knowledge,0.4000215530395508,3,False
esco_567,analyse big data,2.B.2.i,Complex Problem Solving,skill,0.38311856985092163,1,False
esco_567,analyse big data,1.A.1.b.4,Deductive Reasoning,ability,0.3670523762702942,2,False
esco_567,analyse big data,1.A.1.e.1,Speed of Closure,ability,0.35177069902420044,3,False
esco_568,supervision of persons,2.B.5.d,Management of Personnel Resources,skill,0.46197348833084106,1,True
esco_568,supervision of persons,2.C.1.b,Administrative,knowledge,0.4590718150138855,2,True
esco_568,supervision of persons,2.C.1.f,Personnel and Human Resources,knowledge,0.4396684765815735,3,False
esco_569,calculating and estimating,2.A.1.e,Mathematics,skill,0.48740923404693604,1,True
esco_569,calculating and estimating,2.C.4.a,Mathematics,knowledge,0.4761202931404114,2,True
esco_569,calculating and estimating,2.B.3.c,Equipment Selection,skill,0.42638254165649414,3,False
esco_570,detect product defects,2.B.3.l,Repairing,skill,0.44291895627975464,1,False
esco_570,detect product defects,2.B.3.k,Troubleshooting,skill,0.42880141735076904,2,False
esco_570,detect product defects,2.B.3.j,Equipment Maintenance,skill,0.40543311834335327,3,False
esco_571,safety engineering,2.B.3.j,Equipment Maintenance,skill,0.42662763595581055,1,False
esco_571,safety engineering,2.C.3.b,Engineering and Technology,knowledge,0.4158679246902466,2,False
esco_571,safety engineering,2.C.3.d,Building and Construction,knowledge,0.40740707516670227,3,False
esco_572,manage waste treatment facility,2.B.5.c,Management of Material Resources,skill,0.4729481339454651,1,True
esco_572,manage waste treatment facility,2.B.5.d,Management of Personnel Resources,skill,0.42619621753692627,2,False
esco_572,manage waste treatment facility,2.C.1.a,Administration and Management,knowledge,0.41418224573135376,3,False
esco_573,review waste-treatment facilities construction plans,2.B.5.c,Management of Material Resources,skill,0.40271449089050293,1,False
esco_573,review waste-treatment facilities construction plans,2.B.3.a,Operations Analysis,skill,0.3957032561302185,2,False
esco_573,review waste-treatment facilities construction plans,2.C.3.c,Design,knowledge,0.3884943127632141,3,False
esco_574,analyse pipeline database information,2.C.2.a,Production and Processing,knowledge,0.3852686583995819,1,False
esco_574,analyse pipeline database information,2.B.2.i,Complex Problem Solving,skill,0.33167731761932373,2,False
esco_574,analyse pipeline database information,1.A.1.e.1,Speed of Closure,ability,0.330299437046051,3,False
esco_575,sorting materials or products,2.B.3.c,Equipment Selection,skill,0.32876965403556824,1,False
esco_575,sorting materials or products,1.A.1.b.6,Information Ordering,ability,0.32343408465385437,2,False
esco_575,sorting materials or products,2.B.5.c,Management of Material Resources,skill,0.3203902244567871,3,False
esco_576,conduct scholarly research,1.A.1.a.2,Written Comprehension,ability,0.44289615750312805,1,False
esco_576,conduct scholarly research,2.A.1.c,Writing,skill,0.4183829724788666,2,False
esco_576,conduct scholarly research,2.A.2.c,Learning Strategies,skill,0.40651246905326843,3,False
esco_577,identify faults in utility meters,2.B.3.g,Operations Monitoring,skill,0.5168055295944214,1,True
esco_577,identify faults in utility meters,2.B.3.k,Troubleshooting,skill,0.410683274269104,2,False
esco_577,identify faults in utility meters,2.B.3.j,Equipment Maintenance,skill,0.3962288796901703,3,False
esco_578,data engineering,2.B.3.a,Operations Analysis,skill,0.520687460899353,1,True
esco_578,data engineering,2.B.4.g,Systems Analysis,skill,0.4676485061645508,2,True
esco_578,data engineering,2.C.3.a,Computers and Electronics,knowledge,0.4456915259361267,3,False
esco_579,road traffic laws,2.C.8.b,Law and Government,knowledge,0.32253170013427734,1,False
esco_579,road traffic laws,2.C.10,Transportation,knowledge,0.2684728503227234,2,False
esco_579,road traffic laws,2.C.8.a,Public Safety and Security,knowledge,0.26801663637161255,3,False
esco_580,compile GIS-data,2.C.3.d,Building and Construction,knowledge,0.4049539268016815,1,False
esco_580,compile GIS-data,2.B.3.e,Programming,skill,0.38362157344818115,2,False
esco_580,compile GIS-data,2.C.4.a,Mathematics,knowledge,0.32249802350997925,3,False
esco_581,comply with schedule,2.B.5.a,Time Management,skill,0.6230670809745789,1,True
esco_581,comply with schedule,2.B.5.d,Management of Personnel Resources,skill,0.49973317980766296,2,True
esco_581,comply with schedule,2.C.1.a,Administration and Management,knowledge,0.4314805865287781,3,False
esco_582,credit card payments,2.B.5.b,Management of Financial Resources,skill,0.30745649337768555,1,False
esco_582,credit card payments,2.C.1.c,Economics and Accounting,knowledge,0.28283455967903137,2,False
esco_582,credit card payments,2.C.1.e,Customer and Personal Service,knowledge,0.24725030362606049,3,False
esco_583,ensure public safety and security,2.C.8.a,Public Safety and Security,knowledge,0.7381736040115356,1,True
esco_583,ensure public safety and security,2.C.8.b,Law and Government,knowledge,0.3699024021625519,2,False
esco_583,ensure public safety and security,2.C.1.f,Personnel and Human Resources,knowledge,0.341976523399353,3,False
esco_584,adapt to change,2.B.5.d,Management of Personnel Resources,skill,0.40393751859664917,1,False
esco_584,adapt to change,2.B.1.f,Service Orientation,skill,0.38203415274620056,2,False
esco_584,adapt to change,2.C.5.b,Therapy and Counseling,knowledge,0.3817148208618164,3,False
esco_585,react calmly in stressful situations,2.B.5.a,Time Management,skill,0.4316888451576233,1,False
esco_585,react calmly in stressful situations,2.B.1.a,Social Perceptiveness,skill,0.41335421800613403,2,False
esco_585,react calmly in stressful situations,2.B.5.d,Management of Personnel Resources,skill,0.402800053358078,3,False
esco_586,administrative tasks in a medical environment,2.C.1.b,Administrative,knowledge,0.6070727705955505,1,True
esco_586,administrative tasks in a medical environment,2.C.1.a,Administration and Management,knowledge,0.512444019317627,2,True
esco_586,administrative tasks in a medical environment,2.B.5.d,Management of Personnel Resources,skill,0.47799086570739746,3,True
esco_587,electronic and telecommunication equipment,2.B.3.j,Equipment Maintenance,skill,0.5014597773551941,1,True
esco_587,electronic and telecommunication equipment,2.C.3.a,Computers and Electronics,knowledge,0.4593013525009155,2,True
esco_587,electronic and telecommunication equipment,2.C.9.a,Telecommunications,knowledge,0.4372546076774597,3,False
esco_588,obtain relevant licenses,2.C.5.b,Therapy and Counseling,knowledge,0.402126669883728,1,False
esco_588,obtain relevant licenses,2.C.6,Education and Training,knowledge,0.32105952501296997,2,False
esco_588,obtain relevant licenses,2.B.1.f,Service Orientation,skill,0.31721001863479614,3,False
esco_589,financial statements,2.C.1.c,Economics and Accounting,knowledge,0.4888538122177124,1,True
esco_589,financial statements,2.B.5.b,Management of Financial Resources,skill,0.4567931890487671,2,True
esco_589,financial statements,2.C.1.a,Administration and Management,knowledge,0.27166008949279785,3,False
esco_590,automated analysers in the medical laboratory,2.B.3.g,Operations Monitoring,skill,0.40858909487724304,1,False
esco_590,automated analysers in the medical laboratory,2.B.3.m,Quality Control Analysis,skill,0.38890016078948975,2,False
esco_590,automated analysers in the medical laboratory,2.B.3.j,Equipment Maintenance,skill,0.35600516200065613,3,False
esco_591,government social security programmes,2.C.8.a,Public Safety and Security,knowledge,0.3182649314403534,1,False
esco_591,government social security programmes,2.C.4.f,Sociology and Anthropology,knowledge,0.2841826379299164,2,False
esco_591,government social security programmes,2.B.1.f,Service Orientation,skill,0.2591182589530945,3,False
esco_592,plan public housing,2.B.5.d,Management of Personnel Resources,skill,0.4881691336631775,1,True
esco_592,plan public housing,2.C.1.a,Administration and Management,knowledge,0.4644628167152405,2,True
esco_592,plan public housing,2.B.5.b,Management of Financial Resources,skill,0.44061946868896484,3,False
esco_593,demonstrate professional attitude to clients,2.C.1.e,Customer and Personal Service,knowledge,0.5019820928573608,1,True
esco_593,demonstrate professional attitude to clients,2.C.1.d,Sales and Marketing,knowledge,0.4985671937465668,2,True
esco_593,demonstrate professional attitude to clients,2.B.1.f,Service Orientation,skill,0.48385509848594666,3,True
esco_594,apply desktop publishing techniques,2.B.3.e,Programming,skill,0.4397716224193573,1,False
esco_594,apply desktop publishing techniques,2.C.9.b,Communications and Media,knowledge,0.31698906421661377,2,False
esco_594,apply desktop publishing techniques,1.A.1.a.4,Written Expression,ability,0.3036889433860779,3,False
esco_595,financial forecasting,2.C.1.c,Economics and Accounting,knowledge,0.4886537790298462,1,True
esco_595,financial forecasting,2.B.5.b,Management of Financial Resources,skill,0.4273375868797302,2,False
esco_595,financial forecasting,2.C.1.a,Administration and Management,knowledge,0.3056214153766632,3,False
esco_596,use X-ray machines,2.B.3.c,Equipment Selection,skill,0.40730586647987366,1,False
esco_596,use X-ray machines,2.B.3.g,Operations Monitoring,skill,0.3993726968765259,2,False
esco_596,use X-ray machines,2.B.3.d,Installation,skill,0.3523356020450592,3,False
esco_597,consultation,2.B.5.b,Management of Financial Resources,skill,0.4264378249645233,1,False
esco_597,consultation,2.C.8.b,Law and Government,knowledge,0.4156627953052521,2,False
esco_597,consultation,2.C.1.e,Customer and Personal Service,knowledge,0.41146451234817505,3,False
esco_598,hardware components,2.C.3.a,Computers and Electronics,knowledge,0.5271391272544861,1,True
esco_598,hardware components,2.B.3.b,Technology Design,skill,0.3887742757797241,2,False
esco_598,hardware components,2.B.3.d,Installation,skill,0.3487718403339386,3,False
esco_599,implement ICT coding conventions,2.B.3.e,Programming,skill,0.5284591913223267,1,True
esco_599,implement ICT coding conventions,2.C.3.a,Computers and Electronics,knowledge,0.3831796646118164,2,False
esco_599,implement ICT coding conventions,2.B.3.b,Technology Design,skill,0.3561355173587799,3,False
esco_600,manage the customer experience,2.C.1.e,Customer and Personal Service,knowledge,0.6065794229507446,1,True
esco_600,manage the customer experience,2.B.1.f,Service Orientation,skill,0.5861809253692627,2,True
esco_600,manage the customer experience,2.B.5.d,Management of Personnel Resources,skill,0.47301945090293884,3,True
esco_601,political campaigning,2.C.9.b,Communications and Media,knowledge,0.350332647562027,1,False
esco_601,political campaigning,2.C.4.f,Sociology and Anthropology,knowledge,0.3484192490577698,2,False
esco_601,political campaigning,2.C.8.b,Law and Government,knowledge,0.3392794132232666,3,False
esco_602,liaise with government officials,2.C.8.b,Law and Government,knowledge,0.4607643485069275,1,True
esco_602,liaise with government officials,2.A.1.d,Speaking,skill,0.4571933150291443,2,True
esco_602,liaise with government officials,2.B.1.d,Negotiation,skill,0.44241422414779663,3,False
esco_603,assess informational needs,2.A.1.d,Speaking,skill,0.4403369426727295,1,False
esco_603,assess informational needs,2.A.1.c,Writing,skill,0.39910218119621277,2,False
esco_603,assess informational needs,2.B.5.d,Management of Personnel Resources,skill,0.3903694748878479,3,False
esco_604,C#,2.B.3.e,Programming,skill,0.5658522248268127,1,True
esco_604,C#,2.A.1.d,Speaking,skill,0.33443304896354675,2,False
esco_604,C#,2.C.9.a,Telecommunications,knowledge,0.3289436399936676,3,False
esco_605,six sigma methods,2.B.3.a,Operations Analysis,skill,0.4669424891471863,1,True
esco_605,six sigma methods,2.C.2.a,Production and Processing,knowledge,0.4551923871040344,2,True
esco_605,six sigma methods,2.B.3.g,Operations Monitoring,skill,0.4204804599285126,3,False
esco_606,design principles,2.C.3.c,Design,knowledge,0.5343170166015625,1,True
esco_606,design principles,2.B.3.a,Operations Analysis,skill,0.5030396580696106,2,True
esco_606,design principles,2.B.3.b,Technology Design,skill,0.44222328066825867,3,False
esco_607,landscape architecture,2.C.3.c,Design,knowledge,0.40987783670425415,1,False
esco_607,landscape architecture,2.C.3.d,Building and Construction,knowledge,0.4084773659706116,2,False
esco_607,landscape architecture,2.B.3.a,Operations Analysis,skill,0.32704368233680725,3,False
esco_608,create training materials,2.B.1.e,Instructing,skill,0.6023421287536621,1,True
esco_608,create training materials,2.C.6,Education and Training,knowledge,0.5948554873466492,2,True
esco_608,create training materials,2.A.2.c,Learning Strategies,skill,0.5501173138618469,3,True
esco_609,plan water resource development,2.B.5.c,Management of Material Resources,skill,0.4626564383506775,1,True
esco_609,plan water resource development,2.B.5.b,Management of Financial Resources,skill,0.429896742105484,2,False
esco_609,plan water resource development,2.B.2.i,Complex Problem Solving,skill,0.42549559473991394,3,False
esco_610,project commissioning,2.B.5.b,Management of Financial Resources,skill,0.4466240406036377,1,False
esco_610,project commissioning,2.B.3.a,Operations Analysis,skill,0.40333449840545654,2,False
esco_610,project commissioning,2.B.3.d,Installation,skill,0.39114052057266235,3,False
esco_611,meet the requirements of legal bodies,2.C.8.b,Law and Government,knowledge,0.5131077766418457,1,True
esco_611,meet the requirements of legal bodies,2.C.5.b,Therapy and Counseling,knowledge,0.32770127058029175,2,False
esco_611,meet the requirements of legal bodies,2.C.5.a,Medicine and Dentistry,knowledge,0.32396459579467773,3,False
esco_612,update budget,2.B.5.b,Management of Financial Resources,skill,0.5201458930969238,1,True
esco_612,update budget,2.B.5.d,Management of Personnel Resources,skill,0.4535500109195709,2,True
esco_612,update budget,2.C.1.c,Economics and Accounting,knowledge,0.36622416973114014,3,False
esco_613,inspect facility sites,2.B.3.j,Equipment Maintenance,skill,0.4451572597026825,1,False
esco_613,inspect facility sites,2.B.3.c,Equipment Selection,skill,0.3962436616420746,2,False
esco_613,inspect facility sites,2.B.5.c,Management of Material Resources,skill,0.3952718675136566,3,False
esco_614,advise on pollution prevention,2.B.1.c,Persuasion,skill,0.3234213888645172,1,False
esco_614,advise on pollution prevention,2.A.1.f,Science,skill,0.30758336186408997,2,False
esco_614,advise on pollution prevention,2.A.1.d,Speaking,skill,0.2965971529483795,3,False
esco_615,document project progress,2.B.5.b,Management of Financial Resources,skill,0.4056476950645447,1,False
esco_615,document project progress,2.A.1.a,Reading Comprehension,skill,0.3992880582809448,2,False
esco_615,document project progress,2.B.2.i,Complex Problem Solving,skill,0.3843976855278015,3,False
esco_616,manage advocacy strategies,2.B.5.d,Management of Personnel Resources,skill,0.5362798571586609,1,True
esco_616,manage advocacy strategies,2.C.1.a,Administration and Management,knowledge,0.5254369974136353,2,True
esco_616,manage advocacy strategies,2.B.1.f,Service Orientation,skill,0.4550837576389313,3,True
esco_617,manage ICT data architecture,2.B.3.a,Operations Analysis,skill,0.3979308605194092,1,False
esco_617,manage ICT data architecture,2.B.3.b,Technology Design,skill,0.3899962902069092,2,False
esco_617,manage ICT data architecture,2.B.2.i,Complex Problem Solving,skill,0.3477577865123749,3,False
esco_618,"manage data, information and digital content",2.B.5.c,Management of Material Resources,skill,0.35939353704452515,1,False
esco_618,"manage data, information and digital content",2.B.2.i,Complex Problem Solving,skill,0.33376047015190125,2,False
esco_618,"manage data, information and digital content",2.B.5.b,Management of Financial Resources,skill,0.31454673409461975,3,False
esco_619,design cloud networks,2.B.3.a,Operations Analysis,skill,0.37472838163375854,1,False
esco_619,design cloud networks,2.C.3.c,Design,knowledge,0.35412028431892395,2,False
esco_619,design cloud networks,2.B.3.b,Technology Design,skill,0.34346747398376465,3,False
esco_620,identify training needs,2.B.5.d,Management of Personnel Resources,skill,0.644760251045227,1,True
esco_620,identify training needs,2.C.6,Education and Training,knowledge,0.5362762212753296,2,True
esco_620,identify training needs,2.C.1.a,Administration and Management,knowledge,0.5043245553970337,3,True
esco_621,use specialised equipment,2.B.3.j,Equipment Maintenance,skill,0.6571459770202637,1,True
esco_621,use specialised equipment,2.B.3.c,Equipment Selection,skill,0.6160750389099121,2,True
esco_621,use specialised equipment,2.B.3.l,Repairing,skill,0.5092893242835999,3,True
esco_622,operate grinding machine,2.B.3.j,Equipment Maintenance,skill,0.5166715383529663,1,True
esco_622,operate grinding machine,2.B.3.g,Operations Monitoring,skill,0.4520690143108368,2,True
esco_622,operate grinding machine,2.B.3.c,Equipment Selection,skill,0.4516935348510742,3,True
esco_623,apply business acumen,2.C.1.a,Administration and Management,knowledge,0.5505065321922302,1,True
esco_623,apply business acumen,2.B.5.d,Management of Personnel Resources,skill,0.5159807801246643,2,True
esco_623,apply business acumen,2.C.1.f,Personnel and Human Resources,knowledge,0.40738093852996826,3,False
esco_624,manage project changes,2.B.5.d,Management of Personnel Resources,skill,0.42129769921302795,1,False
esco_624,manage project changes,2.B.5.b,Management of Financial Resources,skill,0.3771832585334778,2,False
esco_624,manage project changes,2.B.5.c,Management of Material Resources,skill,0.3726069927215576,3,False
esco_625,translate strategy into operation,2.B.5.d,Management of Personnel Resources,skill,0.5693248510360718,1,True
esco_625,translate strategy into operation,2.C.1.a,Administration and Management,knowledge,0.5535259246826172,2,True
esco_625,translate strategy into operation,2.A.2.c,Learning Strategies,skill,0.48637595772743225,3,True
esco_626,business valuation techniques,2.B.5.b,Management of Financial Resources,skill,0.4745502769947052,1,True
esco_626,business valuation techniques,2.B.3.a,Operations Analysis,skill,0.37956032156944275,2,False
esco_626,business valuation techniques,2.C.1.c,Economics and Accounting,knowledge,0.3410918414592743,3,False
esco_627,social sciences,2.C.4.f,Sociology and Anthropology,knowledge,0.5583726763725281,1,True
esco_627,social sciences,2.C.7.d,History and Archeology,knowledge,0.3831600844860077,2,False
esco_627,social sciences,2.C.9.b,Communications and Media,knowledge,0.34152767062187195,3,False
esco_628,energy performance of buildings,2.C.3.d,Building and Construction,knowledge,0.3509341776371002,1,False
esco_628,energy performance of buildings,2.B.3.a,Operations Analysis,skill,0.2777605950832367,2,False
esco_628,energy performance of buildings,2.B.5.c,Management of Material Resources,skill,0.2528159022331238,3,False
esco_629,operational tactics for emergency responses,2.C.8.a,Public Safety and Security,knowledge,0.46333757042884827,1,True
esco_629,operational tactics for emergency responses,2.B.5.d,Management of Personnel Resources,skill,0.3861052095890045,2,False
esco_629,operational tactics for emergency responses,2.B.3.h,Operation and Control,skill,0.3597398102283478,3,False
esco_630,assess the life cycle of resources,2.B.5.d,Management of Personnel Resources,skill,0.45196834206581116,1,True
esco_630,assess the life cycle of resources,2.B.5.c,Management of Material Resources,skill,0.44635242223739624,2,False
esco_630,assess the life cycle of resources,2.B.5.b,Management of Financial Resources,skill,0.4240191876888275,3,False
esco_631,water policies,2.B.5.c,Management of Material Resources,skill,0.31166839599609375,1,False
esco_631,water policies,2.C.8.a,Public Safety and Security,knowledge,0.3023983836174011,2,False
esco_631,water policies,2.C.8.b,Law and Government,knowledge,0.2728320062160492,3,False
esco_632,develop financial statistics reports,2.C.1.c,Economics and Accounting,knowledge,0.5750409364700317,1,True
esco_632,develop financial statistics reports,2.B.5.b,Management of Financial Resources,skill,0.4678031802177429,2,True
esco_632,develop financial statistics reports,2.C.4.a,Mathematics,knowledge,0.45246678590774536,3,True
esco_633,manage grant applications,2.B.5.d,Management of Personnel Resources,skill,0.3408648669719696,1,False
esco_633,manage grant applications,2.C.1.b,Administrative,knowledge,0.327474445104599,2,False
esco_633,manage grant applications,2.B.5.b,Management of Financial Resources,skill,0.31020134687423706,3,False
esco_634,manage findable accessible interoperable and reusable data,1.A.1.b.7,Category Flexibility,ability,0.43808144330978394,1,False
esco_634,manage findable accessible interoperable and reusable data,2.B.5.c,Management of Material Resources,skill,0.3839798867702484,2,False
esco_634,manage findable accessible interoperable and reusable data,1.A.1.e.1,Speed of Closure,ability,0.3524850606918335,3,False
esco_635,handle geospatial technologies,2.C.3.a,Computers and Electronics,knowledge,0.43211525678634644,1,False
esco_635,handle geospatial technologies,2.B.3.e,Programming,skill,0.3883630037307739,2,False
esco_635,handle geospatial technologies,2.C.4.g,Geography,knowledge,0.36202144622802734,3,False
esco_636,inspect construction sites,2.C.3.d,Building and Construction,knowledge,0.5023542642593384,1,True
esco_636,inspect construction sites,2.B.3.c,Equipment Selection,skill,0.44811028242111206,2,False
esco_636,inspect construction sites,2.B.3.j,Equipment Maintenance,skill,0.3881042003631592,3,False
esco_637,perform scientific research,2.A.1.f,Science,skill,0.5166280269622803,1,True
esco_637,perform scientific research,2.C.4.d,Biology,knowledge,0.4219517409801483,2,False
esco_637,perform scientific research,2.A.2.c,Learning Strategies,skill,0.41637712717056274,3,False
esco_638,handle incidents,2.B.1.f,Service Orientation,skill,0.41325271129608154,1,False
esco_638,handle incidents,2.B.1.e,Instructing,skill,0.36615681648254395,2,False
esco_638,handle incidents,2.C.5.b,Therapy and Counseling,knowledge,0.3452414870262146,3,False
esco_639,solving problems,2.A.1.e,Mathematics,skill,0.6148890852928162,1,True
esco_639,solving problems,2.B.2.i,Complex Problem Solving,skill,0.5885407328605652,2,True
esco_639,solving problems,2.A.2.a,Critical Thinking,skill,0.49704650044441223,3,True
esco_640,control systems,2.B.3.h,Operation and Control,skill,0.5888310670852661,1,True
esco_640,control systems,1.A.2.b.1,Control Precision,ability,0.4387882351875305,2,False
esco_640,control systems,2.B.3.g,Operations Monitoring,skill,0.408647358417511,3,False
esco_641,create sketches,2.A.1.c,Writing,skill,0.38764309883117676,1,False
esco_641,create sketches,2.B.1.d,Negotiation,skill,0.3864157795906067,2,False
esco_641,create sketches,2.A.1.d,Speaking,skill,0.38461220264434814,3,False
esco_642,genomics,2.C.4.d,Biology,knowledge,0.3223118782043457,1,False
esco_642,genomics,2.A.1.f,Science,skill,0.2858613431453705,2,False
esco_642,genomics,2.C.4.a,Mathematics,knowledge,0.23615895211696625,3,False
esco_643,handle building materials,2.C.3.d,Building and Construction,knowledge,0.5085610151290894,1,True
esco_643,handle building materials,2.B.5.c,Management of Material Resources,skill,0.4893505573272705,2,True
esco_643,handle building materials,2.B.3.c,Equipment Selection,skill,0.4323215186595917,3,False
esco_644,road transport legislation,2.C.10,Transportation,knowledge,0.432830274105072,1,False
esco_644,road transport legislation,2.C.8.b,Law and Government,knowledge,0.3479945659637451,2,False
esco_644,road transport legislation,2.C.8.a,Public Safety and Security,knowledge,0.30652207136154175,3,False
esco_645,maintain work standards,2.B.5.d,Management of Personnel Resources,skill,0.4721718430519104,1,True
esco_645,maintain work standards,2.C.1.f,Personnel and Human Resources,knowledge,0.4388485848903656,2,False
esco_645,maintain work standards,2.A.1.a,Reading Comprehension,skill,0.42698395252227783,3,False
esco_646,perform data cleansing,2.B.3.l,Repairing,skill,0.3352706730365753,1,False
esco_646,perform data cleansing,2.B.3.j,Equipment Maintenance,skill,0.3254435658454895,2,False
esco_646,perform data cleansing,2.B.3.k,Troubleshooting,skill,0.31801819801330566,3,False
esco_647,manage visual communications,2.C.9.b,Communications and Media,knowledge,0.5646889209747314,1,True
esco_647,manage visual communications,2.A.1.d,Speaking,skill,0.5156216025352478,2,True
esco_647,manage visual communications,2.A.1.c,Writing,skill,0.4254288673400879,3,False
esco_648,clinical biology,2.C.5.a,Medicine and Dentistry,knowledge,0.3773464560508728,1,False
esco_648,clinical biology,2.C.5.b,Therapy and Counseling,knowledge,0.31096354126930237,2,False
esco_648,clinical biology,2.C.4.d,Biology,knowledge,0.3049110472202301,3,False
esco_649,facilities management in the organisation,2.B.5.c,Management of Material Resources,skill,0.521608293056488,1,True
esco_649,facilities management in the organisation,2.C.1.a,Administration and Management,knowledge,0.4908296763896942,2,True
esco_649,facilities management in the organisation,2.B.5.b,Management of Financial Resources,skill,0.47115612030029297,3,True
esco_650,maintain ground,2.B.1.b,Coordination,skill,0.354092538356781,1,False
esco_650,maintain ground,1.A.3.c.3,Gross Body Coordination,ability,0.3537481427192688,2,False
esco_650,maintain ground,1.A.3.c.4,Gross Body Equilibrium,ability,0.34902501106262207,3,False
esco_651,prepare work instructions,2.B.5.d,Management of Personnel Resources,skill,0.5987155437469482,1,True
esco_651,prepare work instructions,2.C.1.a,Administration and Management,knowledge,0.514194130897522,2,True
esco_651,prepare work instructions,2.A.2.c,Learning Strategies,skill,0.5020115971565247,3,True
esco_652,R,2.B.3.e,Programming,skill,0.42594170570373535,1,False
esco_652,R,2.C.3.a,Computers and Electronics,knowledge,0.40525251626968384,2,False
esco_652,R,2.C.9.a,Telecommunications,knowledge,0.389165997505188,3,False
esco_653,develop training programmes,2.B.5.d,Management of Personnel Resources,skill,0.5978235006332397,1,True
esco_653,develop training programmes,2.C.6,Education and Training,knowledge,0.5564752817153931,2,True
esco_653,develop training programmes,2.A.2.c,Learning Strategies,skill,0.49690037965774536,3,True
esco_654,paediatric phlebotomy procedures,2.C.5.a,Medicine and Dentistry,knowledge,0.23410776257514954,1,False
esco_654,paediatric phlebotomy procedures,2.B.1.e,Instructing,skill,0.18685418367385864,2,False
esco_654,paediatric phlebotomy procedures,2.C.4.e,Psychology,knowledge,0.18136829137802124,3,False
esco_655,personal development,2.C.6,Education and Training,knowledge,0.480541855096817,1,True
esco_655,personal development,2.C.5.b,Therapy and Counseling,knowledge,0.46997734904289246,2,True
esco_655,personal development,2.C.4.e,Psychology,knowledge,0.44294989109039307,3,False
esco_656,communicate clearly with passengers,2.A.1.d,Speaking,skill,0.49042683839797974,1,True
esco_656,communicate clearly with passengers,2.C.1.e,Customer and Personal Service,knowledge,0.41593101620674133,2,False
esco_656,communicate clearly with passengers,2.A.1.c,Writing,skill,0.39731958508491516,3,False
esco_657,deal with emergency care situations,2.B.1.f,Service Orientation,skill,0.49315497279167175,1,True
esco_657,deal with emergency care situations,2.B.1.e,Instructing,skill,0.4798697233200073,2,True
esco_657,deal with emergency care situations,2.A.2.c,Learning Strategies,skill,0.4460628032684326,3,False
esco_658,carry out waste water treatment,2.B.3.j,Equipment Maintenance,skill,0.5773515701293945,1,True
esco_658,carry out waste water treatment,2.B.3.c,Equipment Selection,skill,0.4787673354148865,2,True
esco_658,carry out waste water treatment,2.B.5.c,Management of Material Resources,skill,0.4344254732131958,3,False
esco_659,check correctness of information,1.A.1.a.2,Written Comprehension,ability,0.37898069620132446,1,False
esco_659,check correctness of information,1.A.1.b.5,Inductive Reasoning,ability,0.3550010621547699,2,False
esco_659,check correctness of information,1.A.1.b.4,Deductive Reasoning,ability,0.3508068025112152,3,False
esco_660,install electrical and electronic equipment,2.B.3.d,Installation,skill,0.6429921388626099,1,True
esco_660,install electrical and electronic equipment,2.B.3.j,Equipment Maintenance,skill,0.5648807287216187,2,True
esco_660,install electrical and electronic equipment,2.B.3.l,Repairing,skill,0.4603087306022644,3,True
esco_661,test hardware,2.B.3.d,Installation,skill,0.4187459349632263,1,False
esco_661,test hardware,2.B.3.b,Technology Design,skill,0.3970201909542084,2,False
esco_661,test hardware,2.B.3.l,Repairing,skill,0.39509421586990356,3,False
esco_662,financial management,2.B.5.b,Management of Financial Resources,skill,0.5970085263252258,1,True
esco_662,financial management,2.C.1.c,Economics and Accounting,knowledge,0.5405963659286499,2,True
esco_662,financial management,2.C.1.a,Administration and Management,knowledge,0.43117663264274597,3,False
esco_663,social media management,2.C.9.b,Communications and Media,knowledge,0.3130186200141907,1,False
esco_663,social media management,2.C.1.a,Administration and Management,knowledge,0.28416708111763,2,False
esco_663,social media management,2.B.5.d,Management of Personnel Resources,skill,0.27614521980285645,3,False
esco_664,use electronic health records management system,2.C.3.a,Computers and Electronics,knowledge,0.3690222501754761,1,False
esco_664,use electronic health records management system,2.B.3.j,Equipment Maintenance,skill,0.322418749332428,2,False
esco_664,use electronic health records management system,2.B.3.e,Programming,skill,0.3214179575443268,3,False
esco_665,public relations,2.C.9.b,Communications and Media,knowledge,0.46493977308273315,1,True
esco_665,public relations,2.C.1.a,Administration and Management,knowledge,0.4499044120311737,2,False
esco_665,public relations,2.C.1.d,Sales and Marketing,knowledge,0.4366891384124756,3,False
esco_666,green space strategies,2.B.3.a,Operations Analysis,skill,0.29318562150001526,1,False
esco_666,green space strategies,2.B.5.c,Management of Material Resources,skill,0.27525684237480164,2,False
esco_666,green space strategies,2.C.3.d,Building and Construction,knowledge,0.27162134647369385,3,False
esco_667,urban sustainability,2.C.3.d,Building and Construction,knowledge,0.3854790925979614,1,False
esco_667,urban sustainability,2.C.2.a,Production and Processing,knowledge,0.3233526051044464,2,False
esco_667,urban sustainability,2.B.3.a,Operations Analysis,skill,0.31086093187332153,3,False
esco_668,ventilation systems,2.B.3.a,Operations Analysis,skill,0.2896517217159271,1,False
esco_668,ventilation systems,2.B.4.g,Systems Analysis,skill,0.2816743850708008,2,False
esco_668,ventilation systems,2.B.3.h,Operation and Control,skill,0.2766779363155365,3,False
esco_669,apply vessel engine regulations,2.B.3.j,Equipment Maintenance,skill,0.4216158986091614,1,False
esco_669,apply vessel engine regulations,2.B.3.l,Repairing,skill,0.3375629782676697,2,False
esco_669,apply vessel engine regulations,2.B.3.h,Operation and Control,skill,0.3324776589870453,3,False
esco_670,fraud detection,2.C.1.e,Customer and Personal Service,knowledge,0.294635146856308,1,False
esco_670,fraud detection,2.B.1.f,Service Orientation,skill,0.27974656224250793,2,False
esco_670,fraud detection,2.B.3.g,Operations Monitoring,skill,0.27578702569007874,3,False
esco_671,analyse network configuration and performance,2.B.3.k,Troubleshooting,skill,0.4480855464935303,1,False
esco_671,analyse network configuration and performance,2.A.2.d,Monitoring,skill,0.33786582946777344,2,False
esco_671,analyse network configuration and performance,2.B.3.g,Operations Monitoring,skill,0.32709258794784546,3,False
esco_672,working with others,2.A.1.d,Speaking,skill,0.5090420246124268,1,True
esco_672,working with others,2.B.1.e,Instructing,skill,0.482448011636734,2,True
esco_672,working with others,2.B.1.b,Coordination,skill,0.4691947102546692,3,True
esco_673,algorithms,2.B.3.e,Programming,skill,0.42470264434814453,1,False
esco_673,algorithms,2.A.1.e,Mathematics,skill,0.37383633852005005,2,False
esco_673,algorithms,2.B.2.i,Complex Problem Solving,skill,0.32949668169021606,3,False
esco_674,inspect drainage channels,2.B.3.g,Operations Monitoring,skill,0.2707441449165344,1,False
esco_674,inspect drainage channels,2.B.3.c,Equipment Selection,skill,0.24528348445892334,2,False
esco_674,inspect drainage channels,2.B.3.j,Equipment Maintenance,skill,0.23526108264923096,3,False
esco_675,define data quality criteria,2.B.3.m,Quality Control Analysis,skill,0.45538973808288574,1,True
esco_675,define data quality criteria,2.C.1.a,Administration and Management,knowledge,0.43728917837142944,2,False
esco_675,define data quality criteria,2.B.5.c,Management of Material Resources,skill,0.38880765438079834,3,False
esco_676,follow written instructions,2.B.1.e,Instructing,skill,0.5208994150161743,1,True
esco_676,follow written instructions,2.A.1.d,Speaking,skill,0.5068153142929077,2,True
esco_676,follow written instructions,2.A.1.c,Writing,skill,0.47280946373939514,3,True
esco_677,use CADD software,2.C.3.c,Design,knowledge,0.411283403635025,1,False
esco_677,use CADD software,2.B.3.a,Operations Analysis,skill,0.3561648428440094,2,False
esco_677,use CADD software,2.C.3.a,Computers and Electronics,knowledge,0.35583898425102234,3,False
esco_678,"monitoring, inspecting and testing",2.A.2.d,Monitoring,skill,0.5458014011383057,1,True
esco_678,"monitoring, inspecting and testing",2.B.3.g,Operations Monitoring,skill,0.4864647388458252,2,True
esco_678,"monitoring, inspecting and testing",2.B.3.j,Equipment Maintenance,skill,0.47068724036216736,3,True
esco_679,social and communication skills and competences,2.A.1.d,Speaking,skill,0.5618206262588501,1,True
esco_679,social and communication skills and competences,2.B.1.a,Social Perceptiveness,skill,0.49662911891937256,2,True
esco_679,social and communication skills and competences,2.C.5.b,Therapy and Counseling,knowledge,0.46159791946411133,3,True
esco_680,identify processes for re-engineering,2.B.3.a,Operations Analysis,skill,0.48210543394088745,1,True
esco_680,identify processes for re-engineering,2.B.3.l,Repairing,skill,0.4764467775821686,2,True
esco_680,identify processes for re-engineering,2.C.3.b,Engineering and Technology,knowledge,0.4583771228790283,3,True
esco_681,proxy servers,2.C.9.a,Telecommunications,knowledge,0.23867331445217133,1,False
esco_681,proxy servers,2.B.3.h,Operation and Control,skill,0.2283901870250702,2,False
esco_681,proxy servers,2.B.3.e,Programming,skill,0.21543332934379578,3,False
esco_682,soil mechanics,2.C.3.e,Mechanical,knowledge,0.32955202460289,1,False
esco_682,soil mechanics,2.C.3.d,Building and Construction,knowledge,0.29746565222740173,2,False
esco_682,soil mechanics,2.B.3.c,Equipment Selection,skill,0.2895316183567047,3,False
esco_683,root cause analysis,2.B.3.k,Troubleshooting,skill,0.43540868163108826,1,False
esco_683,root cause analysis,2.B.2.i,Complex Problem Solving,skill,0.4085664749145508,2,False
esco_683,root cause analysis,2.B.4.g,Systems Analysis,skill,0.3905113637447357,3,False
esco_684,conduct workplace audits,2.B.5.d,Management of Personnel Resources,skill,0.46832019090652466,1,True
esco_684,conduct workplace audits,2.C.1.f,Personnel and Human Resources,knowledge,0.43574225902557373,2,False
esco_684,conduct workplace audits,2.A.1.a,Reading Comprehension,skill,0.4193856120109558,3,False
esco_685,electronics principles,2.C.3.a,Computers and Electronics,knowledge,0.448036789894104,1,False
esco_685,electronics principles,2.C.3.b,Engineering and Technology,knowledge,0.33442384004592896,2,False
esco_685,electronics principles,2.B.3.d,Installation,skill,0.31793081760406494,3,False
esco_686,adapt to changing situations,2.B.2.i,Complex Problem Solving,skill,0.6081898212432861,1,True
esco_686,adapt to changing situations,2.A.2.b,Active Learning,skill,0.4986575245857239,2,True
esco_686,adapt to changing situations,2.A.1.e,Mathematics,skill,0.47317731380462646,3,True
esco_687,adjust the performance to different environments,2.B.5.d,Management of Personnel Resources,skill,0.5566063523292542,1,True
esco_687,adjust the performance to different environments,2.B.5.a,Time Management,skill,0.5415375232696533,2,True
esco_687,adjust the performance to different environments,2.C.1.a,Administration and Management,knowledge,0.44740307331085205,3,False
esco_688,algebra,2.C.4.a,Mathematics,knowledge,0.6005933880805969,1,True
esco_688,algebra,2.A.1.e,Mathematics,skill,0.5650511384010315,2,True
esco_688,algebra,1.A.1.c.1,Mathematical Reasoning,ability,0.42068538069725037,3,False
esco_689,analyse business processes,2.B.3.a,Operations Analysis,skill,0.5363274216651917,1,True
esco_689,analyse business processes,2.B.4.g,Systems Analysis,skill,0.4875183701515198,2,True
esco_689,analyse business processes,2.C.2.a,Production and Processing,knowledge,0.4642940163612366,3,True
esco_690,build rapport with people from different cultural backgrounds,2.A.1.d,Speaking,skill,0.4563533663749695,1,True
esco_690,build rapport with people from different cultural backgrounds,2.C.4.f,Sociology and Anthropology,knowledge,0.4365829527378082,2,False
esco_690,build rapport with people from different cultural backgrounds,2.B.1.d,Negotiation,skill,0.4318416714668274,3,False
esco_691,report test findings,2.C.4.e,Psychology,knowledge,0.508640706539154,1,True
esco_691,report test findings,2.A.1.d,Speaking,skill,0.4724169373512268,2,True
esco_691,report test findings,2.C.5.b,Therapy and Counseling,knowledge,0.43378591537475586,3,False
esco_692,ASP.NET,2.B.3.e,Programming,skill,0.39614856243133545,1,False
esco_692,ASP.NET,2.C.3.a,Computers and Electronics,knowledge,0.2976369559764862,2,False
esco_692,ASP.NET,2.B.2.i,Complex Problem Solving,skill,0.2812168598175049,3,False
esco_693,present legal arguments,2.B.1.d,Negotiation,skill,0.4940180480480194,1,True
esco_693,present legal arguments,2.C.8.b,Law and Government,knowledge,0.48668646812438965,2,True
esco_693,present legal arguments,2.A.1.d,Speaking,skill,0.39894890785217285,3,False
esco_694,work with different target groups,2.B.1.d,Negotiation,skill,0.4714401364326477,1,True
esco_694,work with different target groups,2.B.5.d,Management of Personnel Resources,skill,0.4344637989997864,2,False
esco_694,work with different target groups,2.A.1.d,Speaking,skill,0.41725873947143555,3,False
esco_695,manage quantitative data,2.B.3.e,Programming,skill,0.41686609387397766,1,False
esco_695,manage quantitative data,2.A.1.e,Mathematics,skill,0.4155943989753723,2,False
esco_695,manage quantitative data,2.B.2.i,Complex Problem Solving,skill,0.38196954131126404,3,False
esco_696,digital communication and collaboration,2.A.1.d,Speaking,skill,0.5041543245315552,1,True
esco_696,digital communication and collaboration,2.B.3.e,Programming,skill,0.49236172437667847,2,True
esco_696,digital communication and collaboration,2.C.3.a,Computers and Electronics,knowledge,0.44531941413879395,3,False
esco_697,communicate professionally with colleagues in other fields,2.A.1.d,Speaking,skill,0.5083787441253662,1,True
esco_697,communicate professionally with colleagues in other fields,2.B.5.d,Management of Personnel Resources,skill,0.36366233229637146,2,False
esco_697,communicate professionally with colleagues in other fields,2.B.1.d,Negotiation,skill,0.33982053399086,3,False
esco_698,teaching and training,2.C.6,Education and Training,knowledge,0.7362132668495178,1,True
esco_698,teaching and training,2.B.1.e,Instructing,skill,0.61378014087677,2,True
esco_698,teaching and training,2.A.2.c,Learning Strategies,skill,0.5156122446060181,3,True
esco_699,moving and lifting,1.A.2.c.3,Speed of Limb Movement,ability,0.49256232380867004,1,True
esco_699,moving and lifting,1.A.3.a.1,Static Strength,ability,0.4641844928264618,2,True
esco_699,moving and lifting,1.A.3.c.3,Gross Body Coordination,ability,0.41607269644737244,3,False
esco_700,form operational strategies for law enforcement,2.C.8.a,Public Safety and Security,knowledge,0.5157563090324402,1,True
esco_700,form operational strategies for law enforcement,2.B.5.d,Management of Personnel Resources,skill,0.41293251514434814,2,False
esco_700,form operational strategies for law enforcement,2.B.1.f,Service Orientation,skill,0.3864264488220215,3,False
esco_701,use online tools to collaborate,2.A.1.d,Speaking,skill,0.3667253255844116,1,False
esco_701,use online tools to collaborate,2.B.3.e,Programming,skill,0.3628884553909302,2,False
esco_701,use online tools to collaborate,2.B.3.c,Equipment Selection,skill,0.28654974699020386,3,False
esco_702,identify preventive actions,2.B.5.d,Management of Personnel Resources,skill,0.5292003154754639,1,True
esco_702,identify preventive actions,2.C.1.a,Administration and Management,knowledge,0.45371222496032715,2,True
esco_702,identify preventive actions,2.B.3.j,Equipment Maintenance,skill,0.4397816061973572,3,False
esco_703,manage communications with food industry governmental bodies,2.C.2.b,Food Production,knowledge,0.41892990469932556,1,False
esco_703,manage communications with food industry governmental bodies,2.B.1.d,Negotiation,skill,0.4055138826370239,2,False
esco_703,manage communications with food industry governmental bodies,2.C.2.a,Production and Processing,knowledge,0.39037713408470154,3,False
esco_704,installing plumbing or piping equipment or systems,2.B.3.d,Installation,skill,0.5424329042434692,1,True
esco_704,installing plumbing or piping equipment or systems,2.B.3.j,Equipment Maintenance,skill,0.4362969994544983,2,False
esco_704,installing plumbing or piping equipment or systems,2.B.3.l,Repairing,skill,0.4061933159828186,3,False
esco_705,biosafety in biomedical laboratory,2.B.3.m,Quality Control Analysis,skill,0.31632575392723083,1,False
esco_705,biosafety in biomedical laboratory,2.C.4.c,Chemistry,knowledge,0.30830302834510803,2,False
esco_705,biosafety in biomedical laboratory,2.C.5.a,Medicine and Dentistry,knowledge,0.28597432374954224,3,False
esco_706,processing information,1.A.1.e.1,Speed of Closure,ability,0.45587870478630066,1,True
esco_706,processing information,2.B.3.e,Programming,skill,0.4343034625053406,2,False
esco_706,processing information,1.A.4.b.4,Speech Recognition,ability,0.41138756275177,3,False
esco_707,cyber attack counter-measures,2.C.8.a,Public Safety and Security,knowledge,0.3641797602176666,1,False
esco_707,cyber attack counter-measures,2.B.3.l,Repairing,skill,0.24056020379066467,2,False
esco_707,cyber attack counter-measures,2.B.3.h,Operation and Control,skill,0.22169825434684753,3,False
esco_708,following instructions and procedures,2.B.1.e,Instructing,skill,0.5169808268547058,1,True
esco_708,following instructions and procedures,2.A.2.c,Learning Strategies,skill,0.5124585628509521,2,True
esco_708,following instructions and procedures,2.B.5.d,Management of Personnel Resources,skill,0.4434508979320526,3,False
esco_709,building and repairing structures,2.C.3.d,Building and Construction,knowledge,0.6258137822151184,1,True
esco_709,building and repairing structures,2.B.3.l,Repairing,skill,0.5166400074958801,2,True
esco_709,building and repairing structures,2.B.3.c,Equipment Selection,skill,0.4548495411872864,3,True
esco_710,use remote control equipment,2.B.3.h,Operation and Control,skill,0.3069075345993042,1,False
esco_710,use remote control equipment,2.B.3.j,Equipment Maintenance,skill,0.3026617169380188,2,False
esco_710,use remote control equipment,2.B.3.b,Technology Design,skill,0.2875915765762329,3,False
esco_711,implement environmental action plans,2.C.8.a,Public Safety and Security,knowledge,0.3483862280845642,1,False
esco_711,implement environmental action plans,2.A.1.f,Science,skill,0.34063637256622314,2,False
esco_711,implement environmental action plans,2.B.4.g,Systems Analysis,skill,0.3322370648384094,3,False
esco_712,participatory decision-making,2.B.4.e,Judgment and Decision Making,skill,0.4679673910140991,1,True
esco_712,participatory decision-making,2.B.2.i,Complex Problem Solving,skill,0.4169643521308899,2,False
esco_712,participatory decision-making,2.C.8.b,Law and Government,knowledge,0.4163059592247009,3,False
esco_713,integrate community outreach,2.B.1.f,Service Orientation,skill,0.5013889670372009,1,True
esco_713,integrate community outreach,2.A.1.d,Speaking,skill,0.3599109947681427,2,False
esco_713,integrate community outreach,2.B.1.e,Instructing,skill,0.358987420797348,3,False
esco_714,SQL,2.B.3.e,Programming,skill,0.3194911777973175,1,False
esco_714,SQL,2.C.3.a,Computers and Electronics,knowledge,0.3014117479324341,2,False
esco_714,SQL,2.B.3.a,Operations Analysis,skill,0.28100576996803284,3,False
esco_715,maintain relationships with doctors,2.B.1.d,Negotiation,skill,0.39594176411628723,1,False
esco_715,maintain relationships with doctors,2.B.1.f,Service Orientation,skill,0.3849189281463623,2,False
esco_715,maintain relationships with doctors,2.C.5.a,Medicine and Dentistry,knowledge,0.3749518394470215,3,False
esco_716,show professional responsibility,2.B.5.d,Management of Personnel Resources,skill,0.5747920274734497,1,True
esco_716,show professional responsibility,2.B.5.a,Time Management,skill,0.5315849184989929,2,True
esco_716,show professional responsibility,2.C.1.f,Personnel and Human Resources,knowledge,0.46496251225471497,3,True
esco_717,technical drawings,2.C.3.c,Design,knowledge,0.5601750612258911,1,True
esco_717,technical drawings,2.B.3.c,Equipment Selection,skill,0.4501782953739166,2,True
esco_717,technical drawings,2.B.3.a,Operations Analysis,skill,0.42124143242836,3,False
esco_718,answer incoming calls,2.B.1.f,Service Orientation,skill,0.4273892641067505,1,False
esco_718,answer incoming calls,2.A.1.d,Speaking,skill,0.3690752387046814,2,False
esco_718,answer incoming calls,2.A.1.b,Active Listening,skill,0.3322644829750061,3,False
esco_719,exercise self-control,2.B.5.a,Time Management,skill,0.5199134349822998,1,True
esco_719,exercise self-control,2.C.4.e,Psychology,knowledge,0.422457754611969,2,False
esco_719,exercise self-control,2.C.5.b,Therapy and Counseling,knowledge,0.36467427015304565,3,False
esco_720,security threats,2.C.8.a,Public Safety and Security,knowledge,0.35226577520370483,1,False
esco_720,security threats,2.B.3.k,Troubleshooting,skill,0.255960613489151,2,False
esco_720,security threats,2.C.1.e,Customer and Personal Service,knowledge,0.24962346255779266,3,False
esco_721,measure pollution,2.A.1.f,Science,skill,0.3381144106388092,1,False
esco_721,measure pollution,2.B.3.m,Quality Control Analysis,skill,0.32417166233062744,2,False
esco_721,measure pollution,2.B.4.g,Systems Analysis,skill,0.30360400676727295,3,False
esco_722,manage water distribution procedures,2.B.5.c,Management of Material Resources,skill,0.419002890586853,1,False
esco_722,manage water distribution procedures,2.B.5.b,Management of Financial Resources,skill,0.40809154510498047,2,False
esco_722,manage water distribution procedures,2.C.1.a,Administration and Management,knowledge,0.40727412700653076,3,False
esco_723,metallurgy,2.B.5.c,Management of Material Resources,skill,0.33961495757102966,1,False
esco_723,metallurgy,2.C.2.a,Production and Processing,knowledge,0.3298655152320862,2,False
esco_723,metallurgy,2.C.3.e,Mechanical,knowledge,0.3231629729270935,3,False
esco_724,use automotive diagnostic equipment,2.B.3.j,Equipment Maintenance,skill,0.5038276314735413,1,True
esco_724,use automotive diagnostic equipment,2.B.3.g,Operations Monitoring,skill,0.45589977502822876,2,True
esco_724,use automotive diagnostic equipment,2.B.3.c,Equipment Selection,skill,0.4487535357475281,3,False
esco_725,moderate a discussion,2.A.1.d,Speaking,skill,0.42565852403640747,1,False
esco_725,moderate a discussion,2.B.1.d,Negotiation,skill,0.4146418571472168,2,False
esco_725,moderate a discussion,2.A.2.a,Critical Thinking,skill,0.41149094700813293,3,False
esco_726,perform drainage work,2.B.3.c,Equipment Selection,skill,0.30923476815223694,1,False
esco_726,perform drainage work,2.B.5.c,Management of Material Resources,skill,0.2983764708042145,2,False
esco_726,perform drainage work,2.B.3.j,Equipment Maintenance,skill,0.29620686173439026,3,False
esco_727,pesticides,2.A.1.f,Science,skill,0.25381678342819214,1,False
esco_727,pesticides,2.C.4.c,Chemistry,knowledge,0.24621304869651794,2,False
esco_727,pesticides,2.C.4.d,Biology,knowledge,0.1999514102935791,3,False
esco_728,survey techniques,2.A.1.f,Science,skill,0.4604845345020294,1,True
esco_728,survey techniques,2.A.1.e,Mathematics,skill,0.45523521304130554,2,True
esco_728,survey techniques,2.C.4.a,Mathematics,knowledge,0.43362170457839966,3,False
esco_729,interpret law,2.C.8.b,Law and Government,knowledge,0.5928547382354736,1,True
esco_729,interpret law,2.B.1.d,Negotiation,skill,0.4025915861129761,2,False
esco_729,interpret law,1.A.1.b.4,Deductive Reasoning,ability,0.3521307110786438,3,False
esco_730,use object-oriented programming,2.B.3.e,Programming,skill,0.6321606636047363,1,True
esco_730,use object-oriented programming,2.C.3.a,Computers and Electronics,knowledge,0.416509747505188,2,False
esco_730,use object-oriented programming,2.B.3.a,Operations Analysis,skill,0.35781925916671753,3,False
esco_731,develop inclusive communication material,2.A.1.c,Writing,skill,0.5081920027732849,1,True
esco_731,develop inclusive communication material,2.A.1.d,Speaking,skill,0.4913364052772522,2,True
esco_731,develop inclusive communication material,2.C.9.b,Communications and Media,knowledge,0.4566614627838135,3,True
esco_732,transcribe medical data,2.A.1.a,Reading Comprehension,skill,0.45217856764793396,1,True
esco_732,transcribe medical data,1.A.1.a.2,Written Comprehension,ability,0.36923477053642273,2,False
esco_732,transcribe medical data,2.C.5.a,Medicine and Dentistry,knowledge,0.36875203251838684,3,False
esco_733,use power tools,2.B.3.c,Equipment Selection,skill,0.6284530758857727,1,True
esco_733,use power tools,2.B.3.j,Equipment Maintenance,skill,0.4635201096534729,2,True
esco_733,use power tools,2.B.3.l,Repairing,skill,0.4632571339607239,3,True
esco_734,government policy,2.C.8.b,Law and Government,knowledge,0.4072132706642151,1,False
esco_734,government policy,2.C.8.a,Public Safety and Security,knowledge,0.35647842288017273,2,False
esco_734,government policy,2.C.4.f,Sociology and Anthropology,knowledge,0.34489816427230835,3,False
esco_735,"apply knowledge of science, technology and engineering",2.C.3.b,Engineering and Technology,knowledge,0.5595352053642273,1,True
esco_735,"apply knowledge of science, technology and engineering",2.C.3.a,Computers and Electronics,knowledge,0.5327439308166504,2,True
esco_735,"apply knowledge of science, technology and engineering",2.A.1.f,Science,skill,0.45232290029525757,3,True
esco_736,process spatial information,1.A.1.f.1,Spatial Orientation,ability,0.5031583905220032,1,True
esco_736,process spatial information,2.C.4.g,Geography,knowledge,0.4333570897579193,2,False
esco_736,process spatial information,1.A.1.f.2,Visualization,ability,0.4199711084365845,3,False
esco_737,contract law,2.B.5.b,Management of Financial Resources,skill,0.32423773407936096,1,False
esco_737,contract law,2.B.1.d,Negotiation,skill,0.30790945887565613,2,False
esco_737,contract law,2.C.8.b,Law and Government,knowledge,0.292840838432312,3,False
esco_738,demonstrate functionality of software products,2.B.3.e,Programming,skill,0.48224467039108276,1,True
esco_738,demonstrate functionality of software products,2.A.1.d,Speaking,skill,0.4706301689147949,2,True
esco_738,demonstrate functionality of software products,2.B.3.a,Operations Analysis,skill,0.46498456597328186,3,True
esco_739,conduct extensive international travel,2.B.5.a,Time Management,skill,0.42245662212371826,1,False
esco_739,conduct extensive international travel,2.B.5.d,Management of Personnel Resources,skill,0.4088520109653473,2,False
esco_739,conduct extensive international travel,2.C.1.a,Administration and Management,knowledge,0.385113000869751,3,False
esco_740,create technical plans,2.B.5.d,Management of Personnel Resources,skill,0.5205341577529907,1,True
esco_740,create technical plans,2.C.1.a,Administration and Management,knowledge,0.4925026297569275,2,True
esco_740,create technical plans,2.B.2.i,Complex Problem Solving,skill,0.4747312068939209,3,True
esco_741,respect the diversity of cultural values and norms,2.C.4.f,Sociology and Anthropology,knowledge,0.44480621814727783,1,False
esco_741,respect the diversity of cultural values and norms,2.B.1.d,Negotiation,skill,0.4038621783256531,2,False
esco_741,respect the diversity of cultural values and norms,2.B.1.f,Service Orientation,skill,0.3723733425140381,3,False
esco_742,perform video editing,2.B.3.e,Programming,skill,0.34187883138656616,1,False
esco_742,perform video editing,2.C.3.a,Computers and Electronics,knowledge,0.338911771774292,2,False
esco_742,perform video editing,2.B.3.l,Repairing,skill,0.31771790981292725,3,False
esco_743,adhere to standards of national and international safety programmes,2.C.8.a,Public Safety and Security,knowledge,0.49957066774368286,1,True
esco_743,adhere to standards of national and international safety programmes,2.B.3.j,Equipment Maintenance,skill,0.3789841830730438,2,False
esco_743,adhere to standards of national and international safety programmes,2.A.1.f,Science,skill,0.33497852087020874,3,False
esco_744,oversee quality control,2.B.3.m,Quality Control Analysis,skill,0.5068514943122864,1,True
esco_744,oversee quality control,2.B.5.d,Management of Personnel Resources,skill,0.5058626532554626,2,True
esco_744,oversee quality control,2.C.1.a,Administration and Management,knowledge,0.47180622816085815,3,True
esco_745,risk modelling,2.B.4.g,Systems Analysis,skill,0.4022253751754761,1,False
esco_745,risk modelling,2.B.5.b,Management of Financial Resources,skill,0.3862435519695282,2,False
esco_745,risk modelling,2.B.2.i,Complex Problem Solving,skill,0.3683885633945465,3,False
esco_746,plan software testing,2.B.5.d,Management of Personnel Resources,skill,0.47531741857528687,1,True
esco_746,plan software testing,2.C.1.a,Administration and Management,knowledge,0.4397943913936615,2,False
esco_746,plan software testing,2.A.2.c,Learning Strategies,skill,0.41309216618537903,3,False
esco_747,health records management,2.C.5.a,Medicine and Dentistry,knowledge,0.3542777895927429,1,False
esco_747,health records management,2.C.1.f,Personnel and Human Resources,knowledge,0.31905221939086914,2,False
esco_747,health records management,2.B.5.b,Management of Financial Resources,skill,0.30113479495048523,3,False
esco_748,define quality standards,2.B.3.m,Quality Control Analysis,skill,0.5275429487228394,1,True
esco_748,define quality standards,2.C.1.a,Administration and Management,knowledge,0.43097272515296936,2,False
esco_748,define quality standards,2.C.1.e,Customer and Personal Service,knowledge,0.423967182636261,3,False
esco_749,use access control software,2.C.1.b,Administrative,knowledge,0.2637158930301666,1,False
esco_749,use access control software,2.B.3.e,Programming,skill,0.22795063257217407,2,False
esco_749,use access control software,2.B.3.h,Operation and Control,skill,0.22543784976005554,3,False
esco_750,decide on insurance applications,2.B.5.d,Management of Personnel Resources,skill,0.39932912588119507,1,False
esco_750,decide on insurance applications,2.B.4.e,Judgment and Decision Making,skill,0.39920729398727417,2,False
esco_750,decide on insurance applications,2.B.5.b,Management of Financial Resources,skill,0.37094593048095703,3,False
esco_751,apply numeracy skills,2.C.4.a,Mathematics,knowledge,0.5941287279129028,1,True
esco_751,apply numeracy skills,2.A.1.e,Mathematics,skill,0.5728185772895813,2,True
esco_751,apply numeracy skills,1.A.1.c.2,Number Facility,ability,0.5688584446907043,3,True
esco_752,sustainable building design,2.C.3.d,Building and Construction,knowledge,0.41422343254089355,1,False
esco_752,sustainable building design,2.C.3.c,Design,knowledge,0.3778051733970642,2,False
esco_752,sustainable building design,2.B.3.a,Operations Analysis,skill,0.36707621812820435,3,False
esco_753,conduct performance measurement,2.B.5.d,Management of Personnel Resources,skill,0.5694793462753296,1,True
esco_753,conduct performance measurement,2.A.2.d,Monitoring,skill,0.5153063535690308,2,True
esco_753,conduct performance measurement,2.C.1.a,Administration and Management,knowledge,0.5027574300765991,3,True
esco_754,examine mortgage loan documents,2.A.1.a,Reading Comprehension,skill,0.3613998591899872,1,False
esco_754,examine mortgage loan documents,1.A.1.a.2,Written Comprehension,ability,0.33178406953811646,2,False
esco_754,examine mortgage loan documents,2.C.1.c,Economics and Accounting,knowledge,0.3117143511772156,3,False
esco_755,maintain relationships with government agencies,2.B.1.d,Negotiation,skill,0.4610033333301544,1,True
esco_755,maintain relationships with government agencies,2.B.5.d,Management of Personnel Resources,skill,0.4178716540336609,2,False
esco_755,maintain relationships with government agencies,2.C.8.b,Law and Government,knowledge,0.40410301089286804,3,False
esco_756,chair a meeting,2.A.1.d,Speaking,skill,0.5340323448181152,1,True
esco_756,chair a meeting,2.B.1.d,Negotiation,skill,0.45953884720802307,2,True
esco_756,chair a meeting,2.B.1.b,Coordination,skill,0.4359794855117798,3,False
esco_757,use scripting programming,2.B.3.e,Programming,skill,0.5336863994598389,1,True
esco_757,use scripting programming,2.C.3.a,Computers and Electronics,knowledge,0.33438560366630554,2,False
esco_757,use scripting programming,2.B.3.d,Installation,skill,0.3031652569770813,3,False
esco_758,interpret financial statements,2.C.1.c,Economics and Accounting,knowledge,0.49152541160583496,1,True
esco_758,interpret financial statements,2.B.5.b,Management of Financial Resources,skill,0.46886345744132996,2,True
esco_758,interpret financial statements,2.A.1.a,Reading Comprehension,skill,0.41672730445861816,3,False
esco_759,negotiate terms with suppliers,2.B.1.d,Negotiation,skill,0.47831499576568604,1,True
esco_759,negotiate terms with suppliers,2.B.3.a,Operations Analysis,skill,0.3454552888870239,2,False
esco_759,negotiate terms with suppliers,2.B.3.c,Equipment Selection,skill,0.32255926728248596,3,False
esco_760,analyse economic trends,2.C.1.c,Economics and Accounting,knowledge,0.49230554699897766,1,True
esco_760,analyse economic trends,2.C.3.a,Computers and Electronics,knowledge,0.3583013415336609,2,False
esco_760,analyse economic trends,2.A.2.b,Active Learning,skill,0.3471086025238037,3,False
esco_761,plan social service process,2.B.1.f,Service Orientation,skill,0.5121858716011047,1,True
esco_761,plan social service process,2.B.5.d,Management of Personnel Resources,skill,0.499767541885376,2,True
esco_761,plan social service process,2.B.5.a,Time Management,skill,0.47245609760284424,3,True
esco_762,e-learning,2.A.2.c,Learning Strategies,skill,0.43135493993759155,1,False
esco_762,e-learning,2.C.6,Education and Training,knowledge,0.4012834131717682,2,False
esco_762,e-learning,2.B.3.e,Programming,skill,0.3759046196937561,3,False
esco_763,identify hazards in the workplace,2.B.3.j,Equipment Maintenance,skill,0.4488692283630371,1,False
esco_763,identify hazards in the workplace,2.C.1.f,Personnel and Human Resources,knowledge,0.43649694323539734,2,False
esco_763,identify hazards in the workplace,2.C.8.a,Public Safety and Security,knowledge,0.42436569929122925,3,False
esco_764,set equipment controls,2.B.3.j,Equipment Maintenance,skill,0.39630991220474243,1,False
esco_764,set equipment controls,2.B.3.h,Operation and Control,skill,0.3808341324329376,2,False
esco_764,set equipment controls,2.B.3.b,Technology Design,skill,0.3547712564468384,3,False
esco_765,facilitate official agreement,2.B.1.d,Negotiation,skill,0.5194363594055176,1,True
esco_765,facilitate official agreement,2.A.1.d,Speaking,skill,0.4079410135746002,2,False
esco_765,facilitate official agreement,2.C.8.b,Law and Government,knowledge,0.35848820209503174,3,False
esco_766,conduct evaluation of quality standards,2.B.3.m,Quality Control Analysis,skill,0.5208907127380371,1,True
esco_766,conduct evaluation of quality standards,2.A.2.d,Monitoring,skill,0.42890796065330505,2,False
esco_766,conduct evaluation of quality standards,2.C.6,Education and Training,knowledge,0.4101507067680359,3,False
esco_767,ICT debugging tools,2.B.3.k,Troubleshooting,skill,0.6490881443023682,1,True
esco_767,ICT debugging tools,2.B.3.l,Repairing,skill,0.3515416085720062,2,False
esco_767,ICT debugging tools,2.B.3.e,Programming,skill,0.3414662778377533,3,False
esco_768,adult education,2.C.6,Education and Training,knowledge,0.5589950084686279,1,True
esco_768,adult education,2.A.2.c,Learning Strategies,skill,0.4238792359828949,2,False
esco_768,adult education,2.C.4.a,Mathematics,knowledge,0.41610491275787354,3,False
esco_769,conduct fact finding,2.A.2.b,Active Learning,skill,0.4441109299659729,1,False
esco_769,conduct fact finding,1.A.1.b.4,Deductive Reasoning,ability,0.4092217683792114,2,False
esco_769,conduct fact finding,2.C.4.e,Psychology,knowledge,0.4014120101928711,3,False
esco_770,address an audience,2.A.1.d,Speaking,skill,0.6064554452896118,1,True
esco_770,address an audience,2.A.1.c,Writing,skill,0.5605326890945435,2,True
esco_770,address an audience,1.A.1.a.3,Oral Expression,ability,0.5372837781906128,3,True
esco_771,carry out environmental audits,2.B.3.j,Equipment Maintenance,skill,0.3743624687194824,1,False
esco_771,carry out environmental audits,2.A.2.d,Monitoring,skill,0.3434712290763855,2,False
esco_771,carry out environmental audits,2.B.1.f,Service Orientation,skill,0.3339962363243103,3,False
esco_772,provide health education,2.C.6,Education and Training,knowledge,0.5433255434036255,1,True
esco_772,provide health education,2.B.1.f,Service Orientation,skill,0.4678364396095276,2,True
esco_772,provide health education,2.B.1.e,Instructing,skill,0.4515492916107178,3,True
esco_773,work in teams,2.B.5.d,Management of Personnel Resources,skill,0.5265366435050964,1,True
esco_773,work in teams,2.A.1.d,Speaking,skill,0.4186311960220337,2,False
esco_773,work in teams,2.B.1.f,Service Orientation,skill,0.4005706012248993,3,False
esco_774,ICT capacity planning strategies,2.B.5.b,Management of Financial Resources,skill,0.3735499382019043,1,False
esco_774,ICT capacity planning strategies,2.B.3.b,Technology Design,skill,0.3539709746837616,2,False
esco_774,ICT capacity planning strategies,2.B.5.c,Management of Material Resources,skill,0.3377952575683594,3,False
esco_775,prepare financial statements,2.C.1.c,Economics and Accounting,knowledge,0.5277769565582275,1,True
esco_775,prepare financial statements,2.B.5.b,Management of Financial Resources,skill,0.49333781003952026,2,True
esco_775,prepare financial statements,1.A.1.a.4,Written Expression,ability,0.3752698004245758,3,False
esco_776,manage bridge construction projects,2.C.3.d,Building and Construction,knowledge,0.4645463824272156,1,True
esco_776,manage bridge construction projects,2.B.5.d,Management of Personnel Resources,skill,0.4458092451095581,2,False
esco_776,manage bridge construction projects,2.B.5.b,Management of Financial Resources,skill,0.43531668186187744,3,False
esco_777,provide emotional support to the bereaved,2.C.5.b,Therapy and Counseling,knowledge,0.4355725049972534,1,False
esco_777,provide emotional support to the bereaved,2.A.1.d,Speaking,skill,0.43056198954582214,2,False
esco_777,provide emotional support to the bereaved,2.B.1.f,Service Orientation,skill,0.4069405198097229,3,False
esco_778,store digital data and systems,2.B.3.e,Programming,skill,0.4438057243824005,1,False
esco_778,store digital data and systems,2.C.3.a,Computers and Electronics,knowledge,0.40369337797164917,2,False
esco_778,store digital data and systems,2.B.3.k,Troubleshooting,skill,0.3153274953365326,3,False
esco_779,wear appropriate protective gear,2.C.8.a,Public Safety and Security,knowledge,0.4269557297229767,1,False
esco_779,wear appropriate protective gear,2.B.3.j,Equipment Maintenance,skill,0.3521113395690918,2,False
esco_779,wear appropriate protective gear,2.C.5.a,Medicine and Dentistry,knowledge,0.2875864505767822,3,False
esco_780,fire safety regulations,2.C.8.a,Public Safety and Security,knowledge,0.4267137050628662,1,False
esco_780,fire safety regulations,2.B.3.j,Equipment Maintenance,skill,0.3913498520851135,2,False
esco_780,fire safety regulations,2.B.5.c,Management of Material Resources,skill,0.33513113856315613,3,False
esco_781,materials engineering,2.C.3.d,Building and Construction,knowledge,0.45186862349510193,1,True
esco_781,materials engineering,2.C.3.b,Engineering and Technology,knowledge,0.426901251077652,2,False
esco_781,materials engineering,2.B.5.c,Management of Material Resources,skill,0.4263830780982971,3,False
esco_782,building codes,2.C.3.d,Building and Construction,knowledge,0.5013898611068726,1,True
esco_782,building codes,2.B.3.d,Installation,skill,0.3907890319824219,2,False
esco_782,building codes,2.C.3.c,Design,knowledge,0.3516945540904999,3,False
esco_783,deploy cloud resource,2.B.3.d,Installation,skill,0.3454543948173523,1,False
esco_783,deploy cloud resource,2.B.5.c,Management of Material Resources,skill,0.32945191860198975,2,False
esco_783,deploy cloud resource,2.B.3.h,Operation and Control,skill,0.28552842140197754,3,False
esco_784,identify suspicious behaviour,2.C.4.f,Sociology and Anthropology,knowledge,0.26984700560569763,1,False
esco_784,identify suspicious behaviour,2.B.1.a,Social Perceptiveness,skill,0.26244550943374634,2,False
esco_784,identify suspicious behaviour,2.C.8.a,Public Safety and Security,knowledge,0.25465238094329834,3,False
esco_785,maintain machinery,2.B.3.j,Equipment Maintenance,skill,0.747326135635376,1,True
esco_785,maintain machinery,2.B.3.l,Repairing,skill,0.6042351722717285,2,True
esco_785,maintain machinery,2.B.3.g,Operations Monitoring,skill,0.5601211786270142,3,True
esco_786,meet deadlines for preparing legal cases,2.B.5.a,Time Management,skill,0.4619513750076294,1,True
esco_786,meet deadlines for preparing legal cases,2.C.8.b,Law and Government,knowledge,0.4158508777618408,2,False
esco_786,meet deadlines for preparing legal cases,2.B.5.b,Management of Financial Resources,skill,0.3846566677093506,3,False
esco_787,manage chemical processes inspection,2.C.2.a,Production and Processing,knowledge,0.49185049533843994,1,True
esco_787,manage chemical processes inspection,2.B.3.j,Equipment Maintenance,skill,0.4716135561466217,2,True
esco_787,manage chemical processes inspection,2.C.4.c,Chemistry,knowledge,0.46442240476608276,3,True
esco_788,provide self management support,2.B.1.f,Service Orientation,skill,0.4965605139732361,1,True
esco_788,provide self management support,2.B.5.a,Time Management,skill,0.47192254662513733,2,True
esco_788,provide self management support,2.B.5.d,Management of Personnel Resources,skill,0.4436403512954712,3,False
esco_789,digital data processing,2.B.3.e,Programming,skill,0.5051758289337158,1,True
esco_789,digital data processing,2.C.3.a,Computers and Electronics,knowledge,0.5044026970863342,2,True
esco_789,digital data processing,1.A.1.c.2,Number Facility,ability,0.3811629116535187,3,False
esco_790,types of maritime vessels,2.C.3.d,Building and Construction,knowledge,0.3665351867675781,1,False
esco_790,types of maritime vessels,2.C.3.c,Design,knowledge,0.34875601530075073,2,False
esco_790,types of maritime vessels,2.C.3.e,Mechanical,knowledge,0.33167871832847595,3,False
esco_791,manage access programmes,2.C.1.a,Administration and Management,knowledge,0.5608255863189697,1,True
esco_791,manage access programmes,2.B.5.d,Management of Personnel Resources,skill,0.543051540851593,2,True
esco_791,manage access programmes,2.C.1.b,Administrative,knowledge,0.4918782114982605,3,True
esco_792,business analysis,2.C.1.a,Administration and Management,knowledge,0.503426730632782,1,True
esco_792,business analysis,2.B.5.b,Management of Financial Resources,skill,0.48589301109313965,2,True
esco_792,business analysis,2.C.1.c,Economics and Accounting,knowledge,0.48566198348999023,3,True
esco_793,quantitative analysis,2.C.4.f,Sociology and Anthropology,knowledge,0.44204872846603394,1,False
esco_793,quantitative analysis,2.C.4.e,Psychology,knowledge,0.35820892453193665,2,False
esco_793,quantitative analysis,2.A.1.e,Mathematics,skill,0.3432193994522095,3,False
esco_794,proofread text,2.A.1.c,Writing,skill,0.5605918169021606,1,True
esco_794,proofread text,2.A.1.a,Reading Comprehension,skill,0.4956379532814026,2,True
esco_794,proofread text,1.A.1.a.2,Written Comprehension,ability,0.4586321711540222,3,True
esco_795,ensure health and safety of customers,2.C.1.e,Customer and Personal Service,knowledge,0.5157512426376343,1,True
esco_795,ensure health and safety of customers,2.B.1.f,Service Orientation,skill,0.48246631026268005,2,True
esco_795,ensure health and safety of customers,2.B.3.j,Equipment Maintenance,skill,0.4310646653175354,3,False
esco_796,remove snow,2.B.5.c,Management of Material Resources,skill,0.16618108749389648,1,False
esco_796,remove snow,2.B.3.l,Repairing,skill,0.16087490320205688,2,False
esco_796,remove snow,2.C.10,Transportation,knowledge,0.14786502718925476,3,False
esco_797,virology,2.C.5.a,Medicine and Dentistry,knowledge,0.24426209926605225,1,False
esco_797,virology,2.C.4.f,Sociology and Anthropology,knowledge,0.19977258145809174,2,False
esco_797,virology,2.B.1.f,Service Orientation,skill,0.188242107629776,3,False
esco_798,use ICT ticketing system,2.B.2.i,Complex Problem Solving,skill,0.32391467690467834,1,False
esco_798,use ICT ticketing system,2.B.5.c,Management of Material Resources,skill,0.3176361918449402,2,False
esco_798,use ICT ticketing system,2.B.5.b,Management of Financial Resources,skill,0.31191906332969666,3,False
esco_799,archive documentation related to work,2.B.5.d,Management of Personnel Resources,skill,0.3649710714817047,1,False
esco_799,archive documentation related to work,2.A.1.a,Reading Comprehension,skill,0.3609483242034912,2,False
esco_799,archive documentation related to work,2.C.1.f,Personnel and Human Resources,knowledge,0.3439645767211914,3,False
esco_800,programmable logic controller,2.B.3.h,Operation and Control,skill,0.30516624450683594,1,False
esco_800,programmable logic controller,2.B.3.e,Programming,skill,0.28884488344192505,2,False
esco_800,programmable logic controller,2.B.3.a,Operations Analysis,skill,0.2823885679244995,3,False
esco_801,promote human rights,2.B.1.f,Service Orientation,skill,0.4151642322540283,1,False
esco_801,promote human rights,2.C.8.b,Law and Government,knowledge,0.4012967348098755,2,False
esco_801,promote human rights,2.B.5.d,Management of Personnel Resources,skill,0.38154008984565735,3,False
esco_802,manage disaster recovery plans,2.B.5.d,Management of Personnel Resources,skill,0.5130161046981812,1,True
esco_802,manage disaster recovery plans,2.C.1.a,Administration and Management,knowledge,0.47019124031066895,2,True
esco_802,manage disaster recovery plans,2.B.5.c,Management of Material Resources,skill,0.4512172341346741,3,True
esco_803,maintain records of financial transactions,2.C.1.c,Economics and Accounting,knowledge,0.47160589694976807,1,True
esco_803,maintain records of financial transactions,2.B.5.b,Management of Financial Resources,skill,0.464780330657959,2,True
esco_803,maintain records of financial transactions,2.C.1.b,Administrative,knowledge,0.33196908235549927,3,False
esco_804,plan maintenance activities,2.B.3.j,Equipment Maintenance,skill,0.5823673009872437,1,True
esco_804,plan maintenance activities,2.C.1.a,Administration and Management,knowledge,0.5190204977989197,2,True
esco_804,plan maintenance activities,2.B.5.d,Management of Personnel Resources,skill,0.4954836368560791,3,True
esco_805,translating and interpreting,2.A.1.d,Speaking,skill,0.38196861743927,1,False
esco_805,translating and interpreting,2.C.7.a,English Language,knowledge,0.37833985686302185,2,False
esco_805,translating and interpreting,2.C.7.b,Foreign Language,knowledge,0.3758271336555481,3,False
esco_806,carry out repair of vehicles,2.B.3.l,Repairing,skill,0.6884874105453491,1,True
esco_806,carry out repair of vehicles,2.B.3.j,Equipment Maintenance,skill,0.627569317817688,2,True
esco_806,carry out repair of vehicles,2.C.3.e,Mechanical,knowledge,0.46690914034843445,3,True
esco_807,read technical datasheet,2.C.3.a,Computers and Electronics,knowledge,0.4096289277076721,1,False
esco_807,read technical datasheet,2.B.3.j,Equipment Maintenance,skill,0.36871153116226196,2,False
esco_807,read technical datasheet,2.C.3.b,Engineering and Technology,knowledge,0.3453310430049896,3,False
esco_808,communicate technicalities with clients,2.A.1.d,Speaking,skill,0.5210896134376526,1,True
esco_808,communicate technicalities with clients,2.A.1.c,Writing,skill,0.5062991380691528,2,True
esco_808,communicate technicalities with clients,1.A.1.a.4,Written Expression,ability,0.374846488237381,3,False
esco_809,calibrate precision instrument,1.A.2.b.1,Control Precision,ability,0.5001342296600342,1,True
esco_809,calibrate precision instrument,2.B.3.g,Operations Monitoring,skill,0.47465723752975464,2,True
esco_809,calibrate precision instrument,2.B.3.c,Equipment Selection,skill,0.4161734879016876,3,False
esco_810,evaluate budgets,2.B.5.b,Management of Financial Resources,skill,0.6298198103904724,1,True
esco_810,evaluate budgets,2.B.5.d,Management of Personnel Resources,skill,0.5625553131103516,2,True
esco_810,evaluate budgets,2.C.1.a,Administration and Management,knowledge,0.46953901648521423,3,True
esco_811,recruit personnel,2.B.5.d,Management of Personnel Resources,skill,0.5843572020530701,1,True
esco_811,recruit personnel,2.C.1.f,Personnel and Human Resources,knowledge,0.47484803199768066,2,True
esco_811,recruit personnel,2.B.1.f,Service Orientation,skill,0.37937217950820923,3,False
esco_812,test pharmaceutical process,2.C.2.a,Production and Processing,knowledge,0.41694992780685425,1,False
esco_812,test pharmaceutical process,2.B.3.m,Quality Control Analysis,skill,0.37711501121520996,2,False
esco_812,test pharmaceutical process,2.A.2.c,Learning Strategies,skill,0.37117666006088257,3,False
esco_813,entrepreneurship,2.C.1.a,Administration and Management,knowledge,0.35757750272750854,1,False
esco_813,entrepreneurship,2.B.5.b,Management of Financial Resources,skill,0.35591861605644226,2,False
esco_813,entrepreneurship,2.C.1.c,Economics and Accounting,knowledge,0.30892878770828247,3,False
esco_814,ensure quality of legislation,2.C.8.b,Law and Government,knowledge,0.4687179923057556,1,True
esco_814,ensure quality of legislation,2.B.5.d,Management of Personnel Resources,skill,0.3960011601448059,2,False
esco_814,ensure quality of legislation,2.B.5.b,Management of Financial Resources,skill,0.3890684247016907,3,False
esco_815,inform on water supply,2.A.1.d,Speaking,skill,0.47902870178222656,1,True
esco_815,inform on water supply,2.C.9.b,Communications and Media,knowledge,0.38427916169166565,2,False
esco_815,inform on water supply,2.B.1.f,Service Orientation,skill,0.37369924783706665,3,False
esco_816,establish daily priorities,2.B.5.a,Time Management,skill,0.6521425247192383,1,True
esco_816,establish daily priorities,2.B.5.d,Management of Personnel Resources,skill,0.44471102952957153,2,False
esco_816,establish daily priorities,2.B.1.f,Service Orientation,skill,0.4225315451622009,3,False
esco_817,data visualisation software,1.A.1.f.2,Visualization,ability,0.3851639926433563,1,False
esco_817,data visualisation software,2.B.2.i,Complex Problem Solving,skill,0.269483357667923,2,False
esco_817,data visualisation software,2.B.3.a,Operations Analysis,skill,0.24821174144744873,3,False
esco_818,fire protection engineering,2.B.3.j,Equipment Maintenance,skill,0.4154247045516968,1,False
esco_818,fire protection engineering,2.C.8.a,Public Safety and Security,knowledge,0.37939271330833435,2,False
esco_818,fire protection engineering,2.B.3.c,Equipment Selection,skill,0.33665257692337036,3,False
esco_819,driving vehicles,2.C.10,Transportation,knowledge,0.29833167791366577,1,False
esco_819,driving vehicles,2.B.3.e,Programming,skill,0.2973068058490753,2,False
esco_819,driving vehicles,2.C.3.d,Building and Construction,knowledge,0.28115150332450867,3,False
esco_820,show confidence,2.C.4.a,Mathematics,knowledge,0.3875390887260437,1,False
esco_820,show confidence,2.A.1.d,Speaking,skill,0.3760265111923218,2,False
esco_820,show confidence,2.C.4.e,Psychology,knowledge,0.3629235029220581,3,False
esco_821,legal case management,2.C.8.b,Law and Government,knowledge,0.4660226106643677,1,True
esco_821,legal case management,2.B.5.b,Management of Financial Resources,skill,0.3887174129486084,2,False
esco_821,legal case management,2.B.4.e,Judgment and Decision Making,skill,0.38192781805992126,3,False
esco_822,communicate with banking professionals,2.A.1.d,Speaking,skill,0.42549869418144226,1,False
esco_822,communicate with banking professionals,2.C.1.c,Economics and Accounting,knowledge,0.3845493793487549,2,False
esco_822,communicate with banking professionals,2.B.1.d,Negotiation,skill,0.37930822372436523,3,False
esco_823,enable audience participation,2.A.1.c,Writing,skill,0.32901114225387573,1,False
esco_823,enable audience participation,2.A.1.d,Speaking,skill,0.3122326135635376,2,False
esco_823,enable audience participation,2.A.1.b,Active Listening,skill,0.3051099181175232,3,False
esco_824,interview people,2.A.1.d,Speaking,skill,0.5506191253662109,1,True
esco_824,interview people,1.A.4.b.4,Speech Recognition,ability,0.44947242736816406,2,False
esco_824,interview people,1.A.1.a.3,Oral Expression,ability,0.43726617097854614,3,False
esco_825,personal protective equipment,2.B.3.j,Equipment Maintenance,skill,0.4964812994003296,1,True
esco_825,personal protective equipment,2.B.3.c,Equipment Selection,skill,0.3938360810279846,2,False
esco_825,personal protective equipment,2.C.8.a,Public Safety and Security,knowledge,0.36724597215652466,3,False
esco_826,planning and organising,2.B.2.i,Complex Problem Solving,skill,0.46021777391433716,1,True
esco_826,planning and organising,2.B.5.c,Management of Material Resources,skill,0.447721928358078,2,False
esco_826,planning and organising,2.B.5.a,Time Management,skill,0.44745373725891113,3,False
esco_827,building automation,2.C.3.d,Building and Construction,knowledge,0.43533602356910706,1,False
esco_827,building automation,2.B.3.d,Installation,skill,0.41994673013687134,2,False
esco_827,building automation,2.B.3.j,Equipment Maintenance,skill,0.39164647459983826,3,False
esco_828,interview focus groups,2.A.1.d,Speaking,skill,0.4847111701965332,1,True
esco_828,interview focus groups,2.C.4.e,Psychology,knowledge,0.4201996922492981,2,False
esco_828,interview focus groups,2.B.1.f,Service Orientation,skill,0.41302841901779175,3,False
esco_829,advise on sustainable management policies,2.C.1.a,Administration and Management,knowledge,0.44666069746017456,1,False
esco_829,advise on sustainable management policies,2.B.5.d,Management of Personnel Resources,skill,0.3702144920825958,2,False
esco_829,advise on sustainable management policies,2.B.5.c,Management of Material Resources,skill,0.36335596442222595,3,False
esco_830,manage licensee portofolio,2.B.5.d,Management of Personnel Resources,skill,0.3169780969619751,1,False
esco_830,manage licensee portofolio,2.C.1.f,Personnel and Human Resources,knowledge,0.3041994273662567,2,False
esco_830,manage licensee portofolio,2.C.6,Education and Training,knowledge,0.2885401248931885,3,False
esco_831,surveying methods,2.B.3.c,Equipment Selection,skill,0.46041303873062134,1,True
esco_831,surveying methods,2.C.3.d,Building and Construction,knowledge,0.4292930066585541,2,False
esco_831,surveying methods,2.C.3.c,Design,knowledge,0.427985817193985,3,False
esco_832,draft tender documentation,2.C.1.f,Personnel and Human Resources,knowledge,0.4401629567146301,1,False
esco_832,draft tender documentation,2.A.1.a,Reading Comprehension,skill,0.4372413158416748,2,False
esco_832,draft tender documentation,1.A.1.a.4,Written Expression,ability,0.4060715436935425,3,False
esco_833,hydrology,2.C.4.b,Physics,knowledge,0.2758200764656067,1,False
esco_833,hydrology,2.C.4.g,Geography,knowledge,0.26410913467407227,2,False
esco_833,hydrology,2.C.4.a,Mathematics,knowledge,0.260499507188797,3,False
esco_834,diagnose defective engines,2.B.3.k,Troubleshooting,skill,0.5770480036735535,1,True
esco_834,diagnose defective engines,2.B.3.l,Repairing,skill,0.4811680018901825,2,True
esco_834,diagnose defective engines,2.B.3.g,Operations Monitoring,skill,0.42960992455482483,3,False
esco_835,"loading and unloading goods and, materials",2.B.5.c,Management of Material Resources,skill,0.48351815342903137,1,True
esco_835,"loading and unloading goods and, materials",2.B.3.j,Equipment Maintenance,skill,0.46909475326538086,2,True
esco_835,"loading and unloading goods and, materials",2.B.3.c,Equipment Selection,skill,0.4584546685218811,3,True
esco_836,ensure information security,2.C.8.a,Public Safety and Security,knowledge,0.4596226215362549,1,True
esco_836,ensure information security,2.B.3.j,Equipment Maintenance,skill,0.33791959285736084,2,False
esco_836,ensure information security,2.B.3.l,Repairing,skill,0.3349110782146454,3,False
esco_837,write technical reports related to trees,2.A.1.d,Speaking,skill,0.481362521648407,1,True
esco_837,write technical reports related to trees,2.A.1.c,Writing,skill,0.4163367748260498,2,False
esco_837,write technical reports related to trees,2.B.3.e,Programming,skill,0.40662992000579834,3,False
esco_838,facilitate the bidding process,2.B.3.a,Operations Analysis,skill,0.4293971359729767,1,False
esco_838,facilitate the bidding process,2.B.5.b,Management of Financial Resources,skill,0.4084990322589874,2,False
esco_838,facilitate the bidding process,2.B.1.d,Negotiation,skill,0.3960036337375641,3,False
esco_839,operate boiler,2.B.3.j,Equipment Maintenance,skill,0.5046622157096863,1,True
esco_839,operate boiler,2.B.3.g,Operations Monitoring,skill,0.483773410320282,2,True
esco_839,operate boiler,2.B.3.h,Operation and Control,skill,0.48341482877731323,3,True
esco_840,develop sewerage networks,2.B.2.i,Complex Problem Solving,skill,0.374560683965683,1,False
esco_840,develop sewerage networks,2.B.3.a,Operations Analysis,skill,0.3599315583705902,2,False
esco_840,develop sewerage networks,2.B.4.g,Systems Analysis,skill,0.34433332085609436,3,False
esco_841,hydraulics,2.B.3.c,Equipment Selection,skill,0.3321387469768524,1,False
esco_841,hydraulics,2.C.3.e,Mechanical,knowledge,0.3094955086708069,2,False
esco_841,hydraulics,2.C.3.d,Building and Construction,knowledge,0.29389744997024536,3,False
esco_842,statistical modeling techniques,2.A.1.f,Science,skill,0.358775794506073,1,False
esco_842,statistical modeling techniques,2.A.1.e,Mathematics,skill,0.31158196926116943,2,False
esco_842,statistical modeling techniques,2.C.4.a,Mathematics,knowledge,0.306000679731369,3,False
esco_843,develop documentation in accordance with legal requirements,2.C.8.b,Law and Government,knowledge,0.4690966308116913,1,True
esco_843,develop documentation in accordance with legal requirements,2.A.1.c,Writing,skill,0.42792946100234985,2,False
esco_843,develop documentation in accordance with legal requirements,1.A.1.a.4,Written Expression,ability,0.4166782796382904,3,False
esco_844,information extraction,2.C.3.a,Computers and Electronics,knowledge,0.3654186725616455,1,False
esco_844,information extraction,2.C.9.a,Telecommunications,knowledge,0.3631565570831299,2,False
esco_844,information extraction,2.C.9.b,Communications and Media,knowledge,0.31618040800094604,3,False
esco_845,monitor social impact,2.B.1.f,Service Orientation,skill,0.4588623046875,1,True
esco_845,monitor social impact,2.C.4.f,Sociology and Anthropology,knowledge,0.36152276396751404,2,False
esco_845,monitor social impact,2.B.5.a,Time Management,skill,0.34115806221961975,3,False
esco_846,read water meter,2.B.3.g,Operations Monitoring,skill,0.5881431102752686,1,True
esco_846,read water meter,2.B.3.j,Equipment Maintenance,skill,0.48185864090919495,2,True
esco_846,read water meter,2.B.3.c,Equipment Selection,skill,0.39874860644340515,3,False
esco_847,web programming,2.B.3.e,Programming,skill,0.5937321186065674,1,True
esco_847,web programming,2.C.3.a,Computers and Electronics,knowledge,0.3119441568851471,2,False
esco_847,web programming,2.A.1.e,Mathematics,skill,0.28680452704429626,3,False
esco_848,mechanical systems,2.C.3.e,Mechanical,knowledge,0.5862283110618591,1,True
esco_848,mechanical systems,2.B.3.l,Repairing,skill,0.4326903223991394,2,False
esco_848,mechanical systems,2.B.3.c,Equipment Selection,skill,0.42420023679733276,3,False
esco_849,ensure equipment availability,2.B.3.j,Equipment Maintenance,skill,0.6634047031402588,1,True
esco_849,ensure equipment availability,2.B.5.c,Management of Material Resources,skill,0.5393913984298706,2,True
esco_849,ensure equipment availability,2.B.3.c,Equipment Selection,skill,0.49934637546539307,3,True
esco_850,test pipeline infrastructure operations,2.B.3.j,Equipment Maintenance,skill,0.45711907744407654,1,True
esco_850,test pipeline infrastructure operations,2.B.3.h,Operation and Control,skill,0.45576047897338867,2,True
esco_850,test pipeline infrastructure operations,2.B.3.g,Operations Monitoring,skill,0.44717538356781006,3,False
esco_851,develop automated software tests,2.B.3.e,Programming,skill,0.40525975823402405,1,False
esco_851,develop automated software tests,2.B.3.a,Operations Analysis,skill,0.3930639922618866,2,False
esco_851,develop automated software tests,2.B.3.j,Equipment Maintenance,skill,0.3818558156490326,3,False
esco_852,audit techniques,2.B.5.b,Management of Financial Resources,skill,0.4831007421016693,1,True
esco_852,audit techniques,2.A.2.d,Monitoring,skill,0.406358540058136,2,False
esco_852,audit techniques,2.C.1.c,Economics and Accounting,knowledge,0.4036261737346649,3,False
esco_853,office administration,2.C.1.b,Administrative,knowledge,0.6099529266357422,1,True
esco_853,office administration,2.C.1.a,Administration and Management,knowledge,0.5257464647293091,2,True
esco_853,office administration,2.B.5.d,Management of Personnel Resources,skill,0.46634864807128906,3,True
esco_854,educate on emergency management,2.C.6,Education and Training,knowledge,0.4645480513572693,1,True
esco_854,educate on emergency management,2.B.5.d,Management of Personnel Resources,skill,0.44442814588546753,2,False
esco_854,educate on emergency management,2.C.8.a,Public Safety and Security,knowledge,0.4234769344329834,3,False
esco_855,"managing, gathering and storing digital data",2.C.3.a,Computers and Electronics,knowledge,0.3967219889163971,1,False
esco_855,"managing, gathering and storing digital data",2.B.3.e,Programming,skill,0.3882463574409485,2,False
esco_855,"managing, gathering and storing digital data",2.C.1.b,Administrative,knowledge,0.36946728825569153,3,False
esco_856,Waterfall development,2.B.2.i,Complex Problem Solving,skill,0.40342044830322266,1,False
esco_856,Waterfall development,2.B.3.a,Operations Analysis,skill,0.38047635555267334,2,False
esco_856,Waterfall development,2.B.4.g,Systems Analysis,skill,0.3628252446651459,3,False
esco_857,defend human rights,2.B.1.d,Negotiation,skill,0.4528430700302124,1,True
esco_857,defend human rights,2.C.8.b,Law and Government,knowledge,0.40467941761016846,2,False
esco_857,defend human rights,2.C.4.f,Sociology and Anthropology,knowledge,0.3474901616573334,3,False
esco_858,operate digital hardware,2.C.3.a,Computers and Electronics,knowledge,0.6648552417755127,1,True
esco_858,operate digital hardware,2.B.3.e,Programming,skill,0.46362918615341187,2,True
esco_858,operate digital hardware,2.C.9.a,Telecommunications,knowledge,0.4415666460990906,3,False
esco_859,"organise information, objects and resources",1.A.1.e.1,Speed of Closure,ability,0.4285435080528259,1,False
esco_859,"organise information, objects and resources",2.B.5.d,Management of Personnel Resources,skill,0.40821388363838196,2,False
esco_859,"organise information, objects and resources",1.A.1.b.7,Category Flexibility,ability,0.4069592356681824,3,False
esco_860,process collected survey data,2.B.2.i,Complex Problem Solving,skill,0.38828393816947937,1,False
esco_860,process collected survey data,2.C.4.e,Psychology,knowledge,0.3806675672531128,2,False
esco_860,process collected survey data,2.A.1.d,Speaking,skill,0.37703025341033936,3,False
esco_861,develop with cloud services,2.B.3.e,Programming,skill,0.3877100944519043,1,False
esco_861,develop with cloud services,2.C.3.a,Computers and Electronics,knowledge,0.27584975957870483,2,False
esco_861,develop with cloud services,2.B.3.l,Repairing,skill,0.2510600686073303,3,False
esco_862,provide support in financial calculation,2.B.5.b,Management of Financial Resources,skill,0.5427988767623901,1,True
esco_862,provide support in financial calculation,2.A.1.e,Mathematics,skill,0.47041288018226624,2,True
esco_862,provide support in financial calculation,2.C.1.c,Economics and Accounting,knowledge,0.4512326121330261,3,True
esco_863,make abstracts,2.A.1.c,Writing,skill,0.4558720886707306,1,True
esco_863,make abstracts,2.A.1.d,Speaking,skill,0.4538966119289398,2,True
esco_863,make abstracts,2.B.1.d,Negotiation,skill,0.4052506387233734,3,False
esco_864,design database scheme,1.A.1.b.7,Category Flexibility,ability,0.34041890501976013,1,False
esco_864,design database scheme,1.A.1.b.6,Information Ordering,ability,0.27775582671165466,2,False
esco_864,design database scheme,2.C.3.c,Design,knowledge,0.2746470272541046,3,False
esco_865,building construction principles,2.C.3.d,Building and Construction,knowledge,0.6137239336967468,1,True
esco_865,building construction principles,2.C.3.c,Design,knowledge,0.4509263038635254,2,True
esco_865,building construction principles,2.B.3.a,Operations Analysis,skill,0.4055832028388977,3,False
esco_866,manage information in health care,2.B.5.d,Management of Personnel Resources,skill,0.5011684894561768,1,True
esco_866,manage information in health care,2.C.1.f,Personnel and Human Resources,knowledge,0.4405122697353363,2,False
esco_866,manage information in health care,2.C.1.b,Administrative,knowledge,0.4302867352962494,3,False
esco_867,apply strategic thinking,2.C.1.a,Administration and Management,knowledge,0.5582906007766724,1,True
esco_867,apply strategic thinking,2.B.5.d,Management of Personnel Resources,skill,0.5309982299804688,2,True
esco_867,apply strategic thinking,2.A.2.a,Critical Thinking,skill,0.48807239532470703,3,True
esco_868,collection management,2.B.5.c,Management of Material Resources,skill,0.3360133171081543,1,False
esco_868,collection management,2.B.5.b,Management of Financial Resources,skill,0.32262369990348816,2,False
esco_868,collection management,2.C.7.d,History and Archeology,knowledge,0.31672975420951843,3,False
esco_869,maintenance operations,2.B.3.j,Equipment Maintenance,skill,0.7054388523101807,1,True
esco_869,maintenance operations,2.B.3.l,Repairing,skill,0.5832637548446655,2,True
esco_869,maintenance operations,2.B.3.g,Operations Monitoring,skill,0.552590548992157,3,True
esco_870,label blood samples,2.C.4.c,Chemistry,knowledge,0.28428900241851807,1,False
esco_870,label blood samples,2.C.2.a,Production and Processing,knowledge,0.2600257992744446,2,False
esco_870,label blood samples,2.C.5.a,Medicine and Dentistry,knowledge,0.24334290623664856,3,False
esco_871,promote health in specialised care,2.B.5.d,Management of Personnel Resources,skill,0.535637378692627,1,True
esco_871,promote health in specialised care,2.B.1.f,Service Orientation,skill,0.46997007727622986,2,True
esco_871,promote health in specialised care,2.C.6,Education and Training,knowledge,0.4254503846168518,3,False
esco_872,English,2.C.7.a,English Language,knowledge,0.5207793712615967,1,True
esco_872,English,2.C.7.b,Foreign Language,knowledge,0.4413129687309265,2,False
esco_872,English,2.B.3.e,Programming,skill,0.3036147952079773,3,False
esco_873,make independent operating decisions,2.B.5.d,Management of Personnel Resources,skill,0.5147991180419922,1,True
esco_873,make independent operating decisions,2.B.5.a,Time Management,skill,0.490565687417984,2,True
esco_873,make independent operating decisions,2.C.1.a,Administration and Management,knowledge,0.4829055666923523,3,True
esco_874,assess procurement needs,2.B.5.b,Management of Financial Resources,skill,0.5290602445602417,1,True
esco_874,assess procurement needs,2.B.3.a,Operations Analysis,skill,0.520622730255127,2,True
esco_874,assess procurement needs,2.B.3.c,Equipment Selection,skill,0.4792059063911438,3,True
esco_875,ICT communications protocols,2.C.9.a,Telecommunications,knowledge,0.4616820216178894,1,True
esco_875,ICT communications protocols,2.B.3.d,Installation,skill,0.3389635682106018,2,False
esco_875,ICT communications protocols,2.C.3.a,Computers and Electronics,knowledge,0.3385891318321228,3,False
esco_876,analyse legislation,2.C.8.b,Law and Government,knowledge,0.5726089477539062,1,True
esco_876,analyse legislation,1.A.1.a.2,Written Comprehension,ability,0.4007924497127533,2,False
esco_876,analyse legislation,2.A.1.a,Reading Comprehension,skill,0.39505571126937866,3,False
esco_877,technical or academic writing,2.A.1.c,Writing,skill,0.640739381313324,1,True
esco_877,technical or academic writing,2.B.3.e,Programming,skill,0.5086278915405273,2,True
esco_877,technical or academic writing,1.A.1.a.4,Written Expression,ability,0.47356364130973816,3,True
esco_878,formulate findings,2.A.2.b,Active Learning,skill,0.49058452248573303,1,True
esco_878,formulate findings,1.A.1.a.2,Written Comprehension,ability,0.4778355360031128,2,True
esco_878,formulate findings,2.A.2.c,Learning Strategies,skill,0.4701187014579773,3,True
esco_879,developing objectives and strategies,2.A.2.c,Learning Strategies,skill,0.6138808727264404,1,True
esco_879,developing objectives and strategies,2.B.5.d,Management of Personnel Resources,skill,0.5643141865730286,2,True
esco_879,developing objectives and strategies,2.C.6,Education and Training,knowledge,0.5224170088768005,3,True
esco_880,solve location and navigation problems by using GPS tools,2.B.3.c,Equipment Selection,skill,0.3502615690231323,1,False
esco_880,solve location and navigation problems by using GPS tools,2.B.3.g,Operations Monitoring,skill,0.3284150958061218,2,False
esco_880,solve location and navigation problems by using GPS tools,2.B.3.j,Equipment Maintenance,skill,0.31960785388946533,3,False
esco_881,risk management,2.B.5.b,Management of Financial Resources,skill,0.43740934133529663,1,False
esco_881,risk management,2.B.4.e,Judgment and Decision Making,skill,0.4115338623523712,2,False
esco_881,risk management,2.C.1.a,Administration and Management,knowledge,0.40755194425582886,3,False
esco_882,communicating,2.A.1.d,Speaking,skill,0.692813515663147,1,True
esco_882,communicating,2.B.1.d,Negotiation,skill,0.5004735589027405,2,True
esco_882,communicating,2.A.1.c,Writing,skill,0.49630415439605713,3,True
esco_883,security engineering,2.C.8.a,Public Safety and Security,knowledge,0.45560598373413086,1,True
esco_883,security engineering,2.C.3.a,Computers and Electronics,knowledge,0.4096807539463043,2,False
esco_883,security engineering,2.B.3.a,Operations Analysis,skill,0.3962414264678955,3,False
esco_884,work in shifts,2.B.5.a,Time Management,skill,0.43512457609176636,1,False
esco_884,work in shifts,2.B.5.d,Management of Personnel Resources,skill,0.3881399631500244,2,False
esco_884,work in shifts,2.B.1.b,Coordination,skill,0.3818127512931824,3,False
esco_885,bicycle sharing systems,2.B.1.f,Service Orientation,skill,0.3052706718444824,1,False
esco_885,bicycle sharing systems,2.B.3.h,Operation and Control,skill,0.23282139003276825,2,False
esco_885,bicycle sharing systems,2.B.5.a,Time Management,skill,0.21599489450454712,3,False
esco_886,apply safety procedures in laboratory,2.B.3.j,Equipment Maintenance,skill,0.47213873267173767,1,True
esco_886,apply safety procedures in laboratory,2.A.1.f,Science,skill,0.46108484268188477,2,True
esco_886,apply safety procedures in laboratory,2.C.8.a,Public Safety and Security,knowledge,0.3888903856277466,3,False
esco_887,environmental legislation,2.C.8.b,Law and Government,knowledge,0.39698392152786255,1,False
esco_887,environmental legislation,2.B.5.c,Management of Material Resources,skill,0.3223007917404175,2,False
esco_887,environmental legislation,2.C.1.a,Administration and Management,knowledge,0.3070945143699646,3,False
esco_888,real estate market,2.C.1.d,Sales and Marketing,knowledge,0.2733663022518158,1,False
esco_888,real estate market,2.B.5.b,Management of Financial Resources,skill,0.2629550099372864,2,False
esco_888,real estate market,2.C.1.c,Economics and Accounting,knowledge,0.2525811195373535,3,False
esco_889,SQL Server Integration Services,2.C.9.a,Telecommunications,knowledge,0.291485458612442,1,False
esco_889,SQL Server Integration Services,2.B.3.d,Installation,skill,0.27462416887283325,2,False
esco_889,SQL Server Integration Services,2.B.3.k,Troubleshooting,skill,0.2624855935573578,3,False
esco_890,developing objectives and strategies,2.B.3.a,Operations Analysis,skill,0.5612673163414001,1,True
esco_890,developing objectives and strategies,2.A.2.c,Learning Strategies,skill,0.5388965606689453,2,True
esco_890,developing objectives and strategies,2.B.5.d,Management of Personnel Resources,skill,0.45639827847480774,3,True
esco_891,Ansible,2.B.3.h,Operation and Control,skill,0.24297168850898743,1,False
esco_891,Ansible,2.B.3.d,Installation,skill,0.22841006517410278,2,False
esco_891,Ansible,2.B.3.b,Technology Design,skill,0.21908816695213318,3,False
esco_892,ICT system integration,2.C.9.a,Telecommunications,knowledge,0.41579893231391907,1,False
esco_892,ICT system integration,2.B.3.b,Technology Design,skill,0.37254592776298523,2,False
esco_892,ICT system integration,2.B.4.g,Systems Analysis,skill,0.3600369691848755,3,False
esco_893,ensure correct goods labelling,2.C.2.a,Production and Processing,knowledge,0.3366357088088989,1,False
esco_893,ensure correct goods labelling,2.C.1.d,Sales and Marketing,knowledge,0.2934657037258148,2,False
esco_893,ensure correct goods labelling,2.A.1.a,Reading Comprehension,skill,0.2673145830631256,3,False
esco_894,consult with industry professionals,2.A.1.d,Speaking,skill,0.4573448598384857,1,True
esco_894,consult with industry professionals,2.B.5.d,Management of Personnel Resources,skill,0.41113919019699097,2,False
esco_894,consult with industry professionals,2.C.9.b,Communications and Media,knowledge,0.4007777273654938,3,False
esco_895,clean surfaces,2.B.3.j,Equipment Maintenance,skill,0.3909335434436798,1,False
esco_895,clean surfaces,2.B.3.l,Repairing,skill,0.3732437789440155,2,False
esco_895,clean surfaces,2.B.3.c,Equipment Selection,skill,0.2540682554244995,3,False
esco_896,communicable diseases,2.C.5.a,Medicine and Dentistry,knowledge,0.3133646547794342,1,False
esco_896,communicable diseases,2.C.4.e,Psychology,knowledge,0.2285405695438385,2,False
esco_896,communicable diseases,2.C.4.f,Sociology and Anthropology,knowledge,0.19427230954170227,3,False
esco_897,deal with public,2.B.1.f,Service Orientation,skill,0.5272893309593201,1,True
esco_897,deal with public,2.B.1.e,Instructing,skill,0.42172402143478394,2,False
esco_897,deal with public,2.C.8.a,Public Safety and Security,knowledge,0.3862309753894806,3,False
esco_898,establish relationship with the media,2.C.9.b,Communications and Media,knowledge,0.6075393557548523,1,True
esco_898,establish relationship with the media,2.A.1.c,Writing,skill,0.4366424083709717,2,False
esco_898,establish relationship with the media,2.B.1.d,Negotiation,skill,0.4226391315460205,3,False
esco_899,metalworking,2.B.3.c,Equipment Selection,skill,0.4544534683227539,1,True
esco_899,metalworking,2.C.3.e,Mechanical,knowledge,0.43540823459625244,2,False
esco_899,metalworking,2.B.3.j,Equipment Maintenance,skill,0.41157257556915283,3,False
esco_900,Cisco,2.C.9.a,Telecommunications,knowledge,0.42000168561935425,1,False
esco_900,Cisco,2.C.3.a,Computers and Electronics,knowledge,0.39317888021469116,2,False
esco_900,Cisco,2.B.3.h,Operation and Control,skill,0.3645891845226288,3,False
esco_901,ensure vehicle operability,2.B.3.j,Equipment Maintenance,skill,0.6124758124351501,1,True
esco_901,ensure vehicle operability,2.B.3.l,Repairing,skill,0.5401827692985535,2,True
esco_901,ensure vehicle operability,2.B.3.g,Operations Monitoring,skill,0.5008999705314636,3,True
esco_902,communicate in healthcare,2.A.1.d,Speaking,skill,0.5033103227615356,1,True
esco_902,communicate in healthcare,2.A.1.c,Writing,skill,0.4587070345878601,2,True
esco_902,communicate in healthcare,2.B.1.d,Negotiation,skill,0.4367855191230774,3,False
esco_903,project management,2.B.5.b,Management of Financial Resources,skill,0.583362877368927,1,True
esco_903,project management,2.C.1.a,Administration and Management,knowledge,0.46216288208961487,2,True
esco_903,project management,2.B.5.d,Management of Personnel Resources,skill,0.4504244029521942,3,True
esco_904,implement data quality processes,2.B.3.m,Quality Control Analysis,skill,0.4130980968475342,1,False
esco_904,implement data quality processes,2.B.3.e,Programming,skill,0.3673967719078064,2,False
esco_904,implement data quality processes,2.A.1.f,Science,skill,0.3577585816383362,3,False
esco_905,coordinate care,2.B.5.d,Management of Personnel Resources,skill,0.5578558444976807,1,True
esco_905,coordinate care,2.C.1.b,Administrative,knowledge,0.4666084051132202,2,True
esco_905,coordinate care,2.C.6,Education and Training,knowledge,0.4650186598300934,3,True
esco_906,develop staff,2.B.5.d,Management of Personnel Resources,skill,0.6878206729888916,1,True
esco_906,develop staff,2.C.1.f,Personnel and Human Resources,knowledge,0.5253728032112122,2,True
esco_906,develop staff,2.C.1.a,Administration and Management,knowledge,0.5130072236061096,3,True
esco_907,research design,2.B.2.i,Complex Problem Solving,skill,0.48214662075042725,1,True
esco_907,research design,2.A.1.c,Writing,skill,0.4619053602218628,2,True
esco_907,research design,2.A.1.d,Speaking,skill,0.44133639335632324,3,False
esco_908,ensure information privacy,2.C.8.a,Public Safety and Security,knowledge,0.33044835925102234,1,False
esco_908,ensure information privacy,2.B.3.b,Technology Design,skill,0.2726364731788635,2,False
esco_908,ensure information privacy,2.B.3.j,Equipment Maintenance,skill,0.264107346534729,3,False
esco_909,adobe creative suite,2.B.3.e,Programming,skill,0.3783636689186096,1,False
esco_909,adobe creative suite,2.B.3.b,Technology Design,skill,0.3618634343147278,2,False
esco_909,adobe creative suite,2.C.3.a,Computers and Electronics,knowledge,0.35603564977645874,3,False
esco_910,deploy ICT systems,2.B.3.d,Installation,skill,0.40506890416145325,1,False
esco_910,deploy ICT systems,2.B.5.c,Management of Material Resources,skill,0.3985222280025482,2,False
esco_910,deploy ICT systems,2.B.3.a,Operations Analysis,skill,0.3828006088733673,3,False
esco_911,use office systems,2.B.5.d,Management of Personnel Resources,skill,0.5036764740943909,1,True
esco_911,use office systems,2.C.1.b,Administrative,knowledge,0.5032699108123779,2,True
esco_911,use office systems,2.C.1.a,Administration and Management,knowledge,0.4592988193035126,3,True
esco_912,transmission technology,2.C.9.a,Telecommunications,knowledge,0.526983916759491,1,True
esco_912,transmission technology,2.B.3.b,Technology Design,skill,0.303910493850708,2,False
esco_912,transmission technology,2.C.3.a,Computers and Electronics,knowledge,0.2951045632362366,3,False
esco_913,automatic control system,2.B.3.h,Operation and Control,skill,0.5256163477897644,1,True
esco_913,automatic control system,2.B.3.g,Operations Monitoring,skill,0.40092235803604126,2,False
esco_913,automatic control system,2.B.3.k,Troubleshooting,skill,0.3681935667991638,3,False
esco_914,develop ICT test suite,2.B.3.j,Equipment Maintenance,skill,0.3949691355228424,1,False
esco_914,develop ICT test suite,2.B.3.a,Operations Analysis,skill,0.38619208335876465,2,False
esco_914,develop ICT test suite,2.B.3.b,Technology Design,skill,0.37322473526000977,3,False
esco_915,operational research,2.B.3.a,Operations Analysis,skill,0.6272168159484863,1,True
esco_915,operational research,2.B.5.b,Management of Financial Resources,skill,0.5225487351417542,2,True
esco_915,operational research,2.B.4.g,Systems Analysis,skill,0.5210155248641968,3,True
esco_916,protect employee rights,2.C.1.f,Personnel and Human Resources,knowledge,0.5284755229949951,1,True
esco_916,protect employee rights,2.B.5.d,Management of Personnel Resources,skill,0.5189197063446045,2,True
esco_916,protect employee rights,2.B.1.d,Negotiation,skill,0.3958800137042999,3,False
esco_917,engineering processes,2.B.3.a,Operations Analysis,skill,0.5014474987983704,1,True
esco_917,engineering processes,2.C.3.b,Engineering and Technology,knowledge,0.4899751543998718,2,True
esco_917,engineering processes,2.C.2.a,Production and Processing,knowledge,0.48637691140174866,3,True
esco_918,calculate design costs,2.B.3.a,Operations Analysis,skill,0.5116104483604431,1,True
esco_918,calculate design costs,2.B.5.b,Management of Financial Resources,skill,0.4892165958881378,2,True
esco_918,calculate design costs,2.C.3.c,Design,knowledge,0.4358605742454529,3,False
esco_919,provide information,2.A.1.d,Speaking,skill,0.5464264154434204,1,True
esco_919,provide information,2.C.4.e,Psychology,knowledge,0.4780581593513489,2,True
esco_919,provide information,2.C.5.b,Therapy and Counseling,knowledge,0.47144442796707153,3,True
esco_920,nuclear legislation,2.C.8.b,Law and Government,knowledge,0.34814536571502686,1,False
esco_920,nuclear legislation,2.B.3.h,Operation and Control,skill,0.26048532128334045,2,False
esco_920,nuclear legislation,2.C.8.a,Public Safety and Security,knowledge,0.2581118941307068,3,False
esco_921,use methodologies for user-centered design,2.B.3.a,Operations Analysis,skill,0.4274122416973114,1,False
esco_921,use methodologies for user-centered design,2.B.3.b,Technology Design,skill,0.40130770206451416,2,False
esco_921,use methodologies for user-centered design,2.C.3.c,Design,knowledge,0.39500269293785095,3,False
esco_922,operate relational database management system,2.B.3.e,Programming,skill,0.43902525305747986,1,False
esco_922,operate relational database management system,2.C.3.a,Computers and Electronics,knowledge,0.39002031087875366,2,False
esco_922,operate relational database management system,2.C.1.b,Administrative,knowledge,0.347275972366333,3,False
esco_923,plan digital marketing,2.C.1.a,Administration and Management,knowledge,0.4821164309978485,1,True
esco_923,plan digital marketing,2.C.1.d,Sales and Marketing,knowledge,0.4576910138130188,2,True
esco_923,plan digital marketing,2.B.5.d,Management of Personnel Resources,skill,0.4390614926815033,3,False
esco_924,use communication equipment,2.B.3.j,Equipment Maintenance,skill,0.5677733421325684,1,True
esco_924,use communication equipment,2.C.9.a,Telecommunications,knowledge,0.5068597197532654,2,True
esco_924,use communication equipment,2.B.3.c,Equipment Selection,skill,0.49598637223243713,3,True
esco_925,adapt to type of media,2.C.9.b,Communications and Media,knowledge,0.5768646597862244,1,True
esco_925,adapt to type of media,2.A.1.c,Writing,skill,0.4414691627025604,2,False
esco_925,adapt to type of media,2.A.1.d,Speaking,skill,0.4301465153694153,3,False
esco_926,assist police investigations,2.C.8.a,Public Safety and Security,knowledge,0.3978491425514221,1,False
esco_926,assist police investigations,2.B.2.i,Complex Problem Solving,skill,0.3557804226875305,2,False
esco_926,assist police investigations,2.A.1.f,Science,skill,0.3541334569454193,3,False
esco_927,transcription methods,1.A.4.b.4,Speech Recognition,ability,0.2959710359573364,1,False
esco_927,transcription methods,1.A.4.b.3,Sound Localization,ability,0.28244471549987793,2,False
esco_927,transcription methods,1.A.1.a.4,Written Expression,ability,0.28137749433517456,3,False
esco_928,coordinate public-private partnerships in tourism,2.C.8.a,Public Safety and Security,knowledge,0.34061193466186523,1,False
esco_928,coordinate public-private partnerships in tourism,2.C.1.a,Administration and Management,knowledge,0.300365149974823,2,False
esco_928,coordinate public-private partnerships in tourism,2.B.1.d,Negotiation,skill,0.28288865089416504,3,False
esco_929,recruiting and hiring,2.C.1.f,Personnel and Human Resources,knowledge,0.5583396553993225,1,True
esco_929,recruiting and hiring,2.B.5.d,Management of Personnel Resources,skill,0.5577070116996765,2,True
esco_929,recruiting and hiring,2.B.1.f,Service Orientation,skill,0.3285524845123291,3,False
esco_930,transportation methods,2.C.10,Transportation,knowledge,0.5371502041816711,1,True
esco_930,transportation methods,2.B.3.j,Equipment Maintenance,skill,0.32534661889076233,2,False
esco_930,transportation methods,2.B.3.h,Operation and Control,skill,0.31136465072631836,3,False
esco_931,use testing equipment,2.B.3.j,Equipment Maintenance,skill,0.6146553158760071,1,True
esco_931,use testing equipment,2.B.3.c,Equipment Selection,skill,0.5776253938674927,2,True
esco_931,use testing equipment,2.B.3.g,Operations Monitoring,skill,0.5131447315216064,3,True
esco_932,perform ICT troubleshooting,2.B.3.k,Troubleshooting,skill,0.6036675572395325,1,True
esco_932,perform ICT troubleshooting,2.B.3.l,Repairing,skill,0.4462119936943054,2,False
esco_932,perform ICT troubleshooting,2.B.3.j,Equipment Maintenance,skill,0.3594905734062195,3,False
esco_933,observe human behaviour,2.B.1.a,Social Perceptiveness,skill,0.5610668659210205,1,True
esco_933,observe human behaviour,2.A.1.d,Speaking,skill,0.5104774236679077,2,True
esco_933,observe human behaviour,2.B.1.e,Instructing,skill,0.46945440769195557,3,True
esco_934,budgetary principles,2.B.5.b,Management of Financial Resources,skill,0.6675394773483276,1,True
esco_934,budgetary principles,2.C.1.c,Economics and Accounting,knowledge,0.4882112145423889,2,True
esco_934,budgetary principles,2.C.1.a,Administration and Management,knowledge,0.48344025015830994,3,True
esco_935,plan facilities management policies,2.C.1.a,Administration and Management,knowledge,0.5768181681632996,1,True
esco_935,plan facilities management policies,2.B.5.d,Management of Personnel Resources,skill,0.5374375581741333,2,True
esco_935,plan facilities management policies,2.B.5.c,Management of Material Resources,skill,0.5275309085845947,3,True
esco_936,task algorithmisation,2.B.2.i,Complex Problem Solving,skill,0.4698587656021118,1,True
esco_936,task algorithmisation,2.B.3.a,Operations Analysis,skill,0.3994298279285431,2,False
esco_936,task algorithmisation,2.A.1.e,Mathematics,skill,0.34848666191101074,3,False
esco_937,health and safety measures in transportation,2.B.3.j,Equipment Maintenance,skill,0.4564743638038635,1,True
esco_937,health and safety measures in transportation,2.C.8.a,Public Safety and Security,knowledge,0.44591742753982544,2,False
esco_937,health and safety measures in transportation,2.C.10,Transportation,knowledge,0.3704829514026642,3,False
esco_938,plan social media marketing campaigns,2.C.1.d,Sales and Marketing,knowledge,0.4340433180332184,1,False
esco_938,plan social media marketing campaigns,2.C.1.a,Administration and Management,knowledge,0.4129890203475952,2,False
esco_938,plan social media marketing campaigns,2.B.5.d,Management of Personnel Resources,skill,0.35202348232269287,3,False
esco_939,scientific literature,2.C.4.a,Mathematics,knowledge,0.45843493938446045,1,True
esco_939,scientific literature,2.A.1.f,Science,skill,0.40742167830467224,2,False
esco_939,scientific literature,2.C.4.d,Biology,knowledge,0.3976218104362488,3,False
esco_940,develop ICT workflow,2.B.5.a,Time Management,skill,0.42934441566467285,1,False
esco_940,develop ICT workflow,2.B.5.d,Management of Personnel Resources,skill,0.4033011198043823,2,False
esco_940,develop ICT workflow,2.B.2.i,Complex Problem Solving,skill,0.35132449865341187,3,False
esco_941,tools for ICT test automation,2.B.3.k,Troubleshooting,skill,0.4194970726966858,1,False
esco_941,tools for ICT test automation,2.B.3.l,Repairing,skill,0.36201387643814087,2,False
esco_941,tools for ICT test automation,2.B.3.j,Equipment Maintenance,skill,0.3545241057872772,3,False
esco_942,inspect concrete structures,2.C.3.d,Building and Construction,knowledge,0.4938911199569702,1,True
esco_942,inspect concrete structures,2.B.3.c,Equipment Selection,skill,0.3732912540435791,2,False
esco_942,inspect concrete structures,2.B.3.j,Equipment Maintenance,skill,0.35437852144241333,3,False
esco_943,improve business processes,2.B.5.d,Management of Personnel Resources,skill,0.5467780828475952,1,True
esco_943,improve business processes,2.C.1.a,Administration and Management,knowledge,0.49747180938720703,2,True
esco_943,improve business processes,2.C.2.a,Production and Processing,knowledge,0.43533217906951904,3,False
esco_944,lead others,2.B.1.e,Instructing,skill,0.5728263854980469,1,True
esco_944,lead others,2.B.5.d,Management of Personnel Resources,skill,0.5216150879859924,2,True
esco_944,lead others,2.A.1.d,Speaking,skill,0.5067945122718811,3,True
esco_945,maintain customer service,2.C.1.e,Customer and Personal Service,knowledge,0.5829912424087524,1,True
esco_945,maintain customer service,2.C.1.d,Sales and Marketing,knowledge,0.5304617285728455,2,True
esco_945,maintain customer service,2.B.1.f,Service Orientation,skill,0.5172196626663208,3,True
esco_946,manage teamwork,2.B.5.d,Management of Personnel Resources,skill,0.6262751817703247,1,True
esco_946,manage teamwork,2.B.5.a,Time Management,skill,0.5417584180831909,2,True
esco_946,manage teamwork,2.C.1.a,Administration and Management,knowledge,0.4716600775718689,3,True
esco_947,pollution prevention,2.C.2.a,Production and Processing,knowledge,0.29394811391830444,1,False
esco_947,pollution prevention,2.B.5.c,Management of Material Resources,skill,0.2907516360282898,2,False
esco_947,pollution prevention,2.C.3.d,Building and Construction,knowledge,0.2879478633403778,3,False
esco_948,document analysis results,2.A.1.d,Speaking,skill,0.5163944959640503,1,True
esco_948,document analysis results,2.A.1.c,Writing,skill,0.49874264001846313,2,True
esco_948,document analysis results,2.C.4.e,Psychology,knowledge,0.47742408514022827,3,True
esco_949,use query languages,2.B.3.e,Programming,skill,0.49402081966400146,1,True
esco_949,use query languages,2.C.3.a,Computers and Electronics,knowledge,0.3731914758682251,2,False
esco_949,use query languages,2.B.3.l,Repairing,skill,0.2871822416782379,3,False
esco_950,follow clinical guidelines,2.C.5.b,Therapy and Counseling,knowledge,0.38856810331344604,1,False
esco_950,follow clinical guidelines,2.B.1.f,Service Orientation,skill,0.35900434851646423,2,False
esco_950,follow clinical guidelines,2.C.5.a,Medicine and Dentistry,knowledge,0.33384907245635986,3,False
esco_951,supervise property development projects,2.C.1.a,Administration and Management,knowledge,0.49027225375175476,1,True
esco_951,supervise property development projects,2.B.5.d,Management of Personnel Resources,skill,0.4658859968185425,2,True
esco_951,supervise property development projects,2.B.5.b,Management of Financial Resources,skill,0.4556291401386261,3,True
esco_952,create CAD drawings,2.C.3.c,Design,knowledge,0.4351384937763214,1,False
esco_952,create CAD drawings,2.B.3.a,Operations Analysis,skill,0.341826856136322,2,False
esco_952,create CAD drawings,1.A.1.f.2,Visualization,ability,0.306831955909729,3,False
esco_953,electrical safety regulations,2.B.3.j,Equipment Maintenance,skill,0.39241600036621094,1,False
esco_953,electrical safety regulations,2.C.8.a,Public Safety and Security,knowledge,0.3830529451370239,2,False
esco_953,electrical safety regulations,2.B.3.d,Installation,skill,0.3446071445941925,3,False
esco_954,manage rainwater,2.B.5.c,Management of Material Resources,skill,0.35880762338638306,1,False
esco_954,manage rainwater,2.B.5.b,Management of Financial Resources,skill,0.2927890419960022,2,False
esco_954,manage rainwater,2.B.3.j,Equipment Maintenance,skill,0.284403532743454,3,False
esco_955,zoning codes,2.C.3.d,Building and Construction,knowledge,0.44393104314804077,1,False
esco_955,zoning codes,2.B.3.d,Installation,skill,0.3689020872116089,2,False
esco_955,zoning codes,2.C.3.c,Design,knowledge,0.3527538776397705,3,False
esco_956,NoSQL,2.C.7.d,History and Archeology,knowledge,0.21215756237506866,1,False
esco_956,NoSQL,2.C.4.f,Sociology and Anthropology,knowledge,0.2074221819639206,2,False
esco_956,NoSQL,1.A.1.b.7,Category Flexibility,ability,0.1963518112897873,3,False
esco_957,handle mail,2.B.5.d,Management of Personnel Resources,skill,0.4138891100883484,1,False
esco_957,handle mail,2.C.1.b,Administrative,knowledge,0.3919537365436554,2,False
esco_957,handle mail,2.C.1.a,Administration and Management,knowledge,0.3879876732826233,3,False
esco_958,maintain a central project repository,2.B.5.d,Management of Personnel Resources,skill,0.3167530298233032,1,False
esco_958,maintain a central project repository,2.B.2.i,Complex Problem Solving,skill,0.31588101387023926,2,False
esco_958,maintain a central project repository,2.B.5.b,Management of Financial Resources,skill,0.30946657061576843,3,False
esco_959,represent clients in courts,2.B.1.d,Negotiation,skill,0.47514188289642334,1,True
esco_959,represent clients in courts,2.C.8.b,Law and Government,knowledge,0.4411070942878723,2,False
esco_959,represent clients in courts,2.A.1.d,Speaking,skill,0.4008180499076843,3,False
esco_960,monitor programming finances,2.B.5.b,Management of Financial Resources,skill,0.5080080032348633,1,True
esco_960,monitor programming finances,2.B.3.e,Programming,skill,0.47905561327934265,2,True
esco_960,monitor programming finances,2.C.1.c,Economics and Accounting,knowledge,0.38740074634552,3,False
esco_961,spray finishing technology,2.C.2.a,Production and Processing,knowledge,0.23792654275894165,1,False
esco_961,spray finishing technology,2.B.3.d,Installation,skill,0.21764004230499268,2,False
esco_961,spray finishing technology,2.C.3.c,Design,knowledge,0.20248453319072723,3,False
esco_962,adapt evaluation methodology,2.B.5.d,Management of Personnel Resources,skill,0.5372748970985413,1,True
esco_962,adapt evaluation methodology,2.C.1.a,Administration and Management,knowledge,0.44596943259239197,2,False
esco_962,adapt evaluation methodology,2.A.2.c,Learning Strategies,skill,0.4410405457019806,3,False
esco_963,show empathy,2.B.1.a,Social Perceptiveness,skill,0.5466904640197754,1,True
esco_963,show empathy,2.B.1.f,Service Orientation,skill,0.44467341899871826,2,False
esco_963,show empathy,2.C.5.b,Therapy and Counseling,knowledge,0.3996705412864685,3,False
esco_964,types of piping,2.B.3.d,Installation,skill,0.3471529483795166,1,False
esco_964,types of piping,2.C.3.d,Building and Construction,knowledge,0.31011080741882324,2,False
esco_964,types of piping,2.B.3.c,Equipment Selection,skill,0.3053398132324219,3,False
esco_965,manage administrative systems,2.C.1.b,Administrative,knowledge,0.5943385362625122,1,True
esco_965,manage administrative systems,2.C.1.a,Administration and Management,knowledge,0.5888696312904358,2,True
esco_965,manage administrative systems,2.B.5.d,Management of Personnel Resources,skill,0.5769365429878235,3,True
esco_966,analyse environmental data,2.B.4.g,Systems Analysis,skill,0.40749993920326233,1,False
esco_966,analyse environmental data,2.A.2.d,Monitoring,skill,0.38895511627197266,2,False
esco_966,analyse environmental data,2.A.1.f,Science,skill,0.3456982672214508,3,False
esco_967,maintain power plant machinery,2.B.3.j,Equipment Maintenance,skill,0.6861801147460938,1,True
esco_967,maintain power plant machinery,2.B.3.g,Operations Monitoring,skill,0.5541567206382751,2,True
esco_967,maintain power plant machinery,2.B.3.l,Repairing,skill,0.5509355664253235,3,True
esco_968,maintain professional records,2.B.3.j,Equipment Maintenance,skill,0.33994460105895996,1,False
esco_968,maintain professional records,2.C.1.f,Personnel and Human Resources,knowledge,0.3381597697734833,2,False
esco_968,maintain professional records,2.C.1.b,Administrative,knowledge,0.3261891305446625,3,False
esco_969,operate material handling equipment,2.B.3.j,Equipment Maintenance,skill,0.6078376173973083,1,True
esco_969,operate material handling equipment,2.B.3.c,Equipment Selection,skill,0.57847660779953,2,True
esco_969,operate material handling equipment,2.B.5.c,Management of Material Resources,skill,0.5577589869499207,3,True
esco_970,conduct threat intelligence,2.B.2.i,Complex Problem Solving,skill,0.4079846143722534,1,False
esco_970,conduct threat intelligence,2.C.8.a,Public Safety and Security,knowledge,0.4066220819950104,2,False
esco_970,conduct threat intelligence,2.B.3.e,Programming,skill,0.39952704310417175,3,False
esco_971,write routine reports,2.C.4.e,Psychology,knowledge,0.5034382939338684,1,True
esco_971,write routine reports,2.A.1.d,Speaking,skill,0.49353814125061035,2,True
esco_971,write routine reports,2.A.1.c,Writing,skill,0.4814455211162567,3,True
esco_972,perform screening for infectious diseases,2.B.3.j,Equipment Maintenance,skill,0.5669603943824768,1,True
esco_972,perform screening for infectious diseases,2.B.3.c,Equipment Selection,skill,0.49837249517440796,2,True
esco_972,perform screening for infectious diseases,2.B.3.g,Operations Monitoring,skill,0.47264236211776733,3,True
esco_973,pathogenic microorganisms,2.C.5.a,Medicine and Dentistry,knowledge,0.2179030179977417,1,False
esco_973,pathogenic microorganisms,2.C.2.b,Food Production,knowledge,0.21346017718315125,2,False
esco_973,pathogenic microorganisms,2.C.4.d,Biology,knowledge,0.2103627771139145,3,False
esco_974,topography,2.C.3.d,Building and Construction,knowledge,0.3811020851135254,1,False
esco_974,topography,2.C.4.g,Geography,knowledge,0.360607385635376,2,False
esco_974,topography,2.C.3.c,Design,knowledge,0.3587905168533325,3,False
esco_975,participate in training sessions,2.B.1.e,Instructing,skill,0.6059896945953369,1,True
esco_975,participate in training sessions,2.C.6,Education and Training,knowledge,0.5687682628631592,2,True
esco_975,participate in training sessions,2.A.1.d,Speaking,skill,0.5410720109939575,3,True
esco_976,negotiate compromises,2.B.1.d,Negotiation,skill,0.7644742131233215,1,True
esco_976,negotiate compromises,2.B.2.i,Complex Problem Solving,skill,0.36653634905815125,2,False
esco_976,negotiate compromises,2.B.1.c,Persuasion,skill,0.3572078347206116,3,False
esco_977,perform software unit testing,2.B.3.j,Equipment Maintenance,skill,0.403439998626709,1,False
esco_977,perform software unit testing,2.B.3.e,Programming,skill,0.39703625440597534,2,False
esco_977,perform software unit testing,2.B.3.a,Operations Analysis,skill,0.3562537133693695,3,False
esco_978,develop software prototype,2.B.3.e,Programming,skill,0.5495670437812805,1,True
esco_978,develop software prototype,2.B.3.a,Operations Analysis,skill,0.3865087628364563,2,False
esco_978,develop software prototype,2.C.3.a,Computers and Electronics,knowledge,0.38236063718795776,3,False
esco_979,optimise production,2.B.5.d,Management of Personnel Resources,skill,0.5466600656509399,1,True
esco_979,optimise production,2.C.2.a,Production and Processing,knowledge,0.5409517288208008,2,True
esco_979,optimise production,2.C.1.a,Administration and Management,knowledge,0.5158851146697998,3,True
esco_980,perform maintenance on installed equipment,2.B.3.j,Equipment Maintenance,skill,0.6757744550704956,1,True
esco_980,perform maintenance on installed equipment,2.B.3.l,Repairing,skill,0.5686032772064209,2,True
esco_980,perform maintenance on installed equipment,2.B.3.d,Installation,skill,0.5079426765441895,3,True
esco_981,use communication devices,2.B.3.j,Equipment Maintenance,skill,0.5375158190727234,1,True
esco_981,use communication devices,2.B.3.c,Equipment Selection,skill,0.49969205260276794,2,True
esco_981,use communication devices,2.B.3.g,Operations Monitoring,skill,0.45631468296051025,3,True
esco_982,organisational resilience,2.B.5.d,Management of Personnel Resources,skill,0.372026264667511,1,False
esco_982,organisational resilience,2.C.1.a,Administration and Management,knowledge,0.3628605306148529,2,False
esco_982,organisational resilience,2.B.3.l,Repairing,skill,0.33695098757743835,3,False
esco_983,operating pumping systems or equipment,2.B.3.h,Operation and Control,skill,0.4691039025783539,1,True
esco_983,operating pumping systems or equipment,2.B.3.c,Equipment Selection,skill,0.4534803330898285,2,True
esco_983,operating pumping systems or equipment,2.B.3.g,Operations Monitoring,skill,0.44397401809692383,3,False
esco_984,supervising people,2.B.1.e,Instructing,skill,0.6732316613197327,1,True
esco_984,supervising people,2.B.5.d,Management of Personnel Resources,skill,0.5684658288955688,2,True
esco_984,supervising people,2.C.6,Education and Training,knowledge,0.474394291639328,3,True
esco_985,cope with stress,2.C.5.b,Therapy and Counseling,knowledge,0.47130370140075684,1,True
esco_985,cope with stress,2.C.4.e,Psychology,knowledge,0.43097150325775146,2,False
esco_985,cope with stress,2.B.5.a,Time Management,skill,0.37726977467536926,3,False
esco_986,deal with killing animals processes,2.A.1.f,Science,skill,0.3971158564090729,1,False
esco_986,deal with killing animals processes,2.A.2.c,Learning Strategies,skill,0.38543593883514404,2,False
esco_986,deal with killing animals processes,2.A.2.b,Active Learning,skill,0.37479788064956665,3,False
esco_987,apply scientific methods,2.A.1.f,Science,skill,0.5806477665901184,1,True
esco_987,apply scientific methods,2.A.2.c,Learning Strategies,skill,0.4522041082382202,2,True
esco_987,apply scientific methods,1.A.1.b.4,Deductive Reasoning,ability,0.4357672333717346,3,False
esco_988,deal with pressure from unexpected circumstances,2.B.5.a,Time Management,skill,0.5500255823135376,1,True
esco_988,deal with pressure from unexpected circumstances,2.B.5.d,Management of Personnel Resources,skill,0.4757373034954071,2,True
esco_988,deal with pressure from unexpected circumstances,2.C.4.e,Psychology,knowledge,0.4139968156814575,3,False
esco_989,develop strategy to solve problems,2.B.2.i,Complex Problem Solving,skill,0.5647895336151123,1,True
esco_989,develop strategy to solve problems,2.B.5.d,Management of Personnel Resources,skill,0.561138391494751,2,True
esco_989,develop strategy to solve problems,2.C.1.a,Administration and Management,knowledge,0.5455492734909058,3,True
esco_990,work efficiently,2.B.5.d,Management of Personnel Resources,skill,0.4805234670639038,1,True
esco_990,work efficiently,2.B.5.a,Time Management,skill,0.47173553705215454,2,True
esco_990,work efficiently,2.C.2.a,Production and Processing,knowledge,0.372052937746048,3,False
esco_991,monitor processing conditions,2.C.4.e,Psychology,knowledge,0.49361342191696167,1,True
esco_991,monitor processing conditions,2.A.2.a,Critical Thinking,skill,0.44522032141685486,2,False
esco_991,monitor processing conditions,2.B.2.i,Complex Problem Solving,skill,0.42951005697250366,3,False
esco_992,analyse ICT system,2.B.4.g,Systems Analysis,skill,0.4517170190811157,1,True
esco_992,analyse ICT system,2.C.3.a,Computers and Electronics,knowledge,0.44577810168266296,2,False
esco_992,analyse ICT system,2.B.3.e,Programming,skill,0.4421491324901581,3,False
esco_993,manage workflow processes,2.B.3.a,Operations Analysis,skill,0.380117267370224,1,False
esco_993,manage workflow processes,2.B.2.i,Complex Problem Solving,skill,0.3735694885253906,2,False
esco_993,manage workflow processes,2.C.2.a,Production and Processing,knowledge,0.3702864944934845,3,False
esco_994,coordinate engineering teams,2.B.5.d,Management of Personnel Resources,skill,0.4908756911754608,1,True
esco_994,coordinate engineering teams,2.A.1.d,Speaking,skill,0.45760378241539,2,True
esco_994,coordinate engineering teams,2.B.1.b,Coordination,skill,0.45340245962142944,3,True
esco_995,apply transportation management concepts,2.C.10,Transportation,knowledge,0.5471900105476379,1,True
esco_995,apply transportation management concepts,2.B.3.a,Operations Analysis,skill,0.43937286734580994,2,False
esco_995,apply transportation management concepts,2.B.5.d,Management of Personnel Resources,skill,0.4341079294681549,3,False
esco_996,computer science,2.B.3.e,Programming,skill,0.6105898022651672,1,True
esco_996,computer science,2.C.3.a,Computers and Electronics,knowledge,0.5232762694358826,2,True
esco_996,computer science,2.C.9.a,Telecommunications,knowledge,0.4532070755958557,3,True
esco_997,milling machines,2.C.3.e,Mechanical,knowledge,0.4518493115901947,1,True
esco_997,milling machines,2.B.3.c,Equipment Selection,skill,0.4445393979549408,2,False
esco_997,milling machines,2.B.3.l,Repairing,skill,0.3594885468482971,3,False
esco_998,plan resource allocation,2.B.5.d,Management of Personnel Resources,skill,0.6210709810256958,1,True
esco_998,plan resource allocation,2.B.5.b,Management of Financial Resources,skill,0.6144026517868042,2,True
esco_998,plan resource allocation,2.C.1.a,Administration and Management,knowledge,0.5503051280975342,3,True
esco_999,conduct physical examinations,2.C.4.e,Psychology,knowledge,0.4403952360153198,1,False
esco_999,conduct physical examinations,2.C.6,Education and Training,knowledge,0.4176838994026184,2,False
esco_999,conduct physical examinations,1.A.1.d.1,Memorization,ability,0.41086050868034363,3,False
esco_1000,design buildings,2.C.3.d,Building and Construction,knowledge,0.4748426079750061,1,True
esco_1000,design buildings,2.C.3.c,Design,knowledge,0.44599175453186035,2,False
esco_1000,design buildings,2.B.3.a,Operations Analysis,skill,0.38953617215156555,3,False
esco_1001,operate industrial equipment,2.B.3.j,Equipment Maintenance,skill,0.679871141910553,1,True
esco_1001,operate industrial equipment,2.B.3.h,Operation and Control,skill,0.6001701354980469,2,True
esco_1001,operate industrial equipment,2.B.3.g,Operations Monitoring,skill,0.5724335312843323,3,True
esco_1002,use a warehouse management system,2.B.3.a,Operations Analysis,skill,0.37442633509635925,1,False
esco_1002,use a warehouse management system,2.B.5.c,Management of Material Resources,skill,0.355142742395401,2,False
esco_1002,use a warehouse management system,2.B.3.g,Operations Monitoring,skill,0.3548891544342041,3,False
esco_1003,use IT systems for commercial purposes,2.C.3.a,Computers and Electronics,knowledge,0.44012439250946045,1,False
esco_1003,use IT systems for commercial purposes,2.B.3.e,Programming,skill,0.4164077043533325,2,False
esco_1003,use IT systems for commercial purposes,2.B.3.d,Installation,skill,0.3800646960735321,3,False
esco_1004,use hand tools,2.B.3.c,Equipment Selection,skill,0.5919895768165588,1,True
esco_1004,use hand tools,1.A.2.a.2,Manual Dexterity,ability,0.46786752343177795,2,True
esco_1004,use hand tools,2.B.3.j,Equipment Maintenance,skill,0.45840951800346375,3,True
esco_1005,finish project within budget,2.B.5.b,Management of Financial Resources,skill,0.5858021378517151,1,True
esco_1005,finish project within budget,2.B.5.a,Time Management,skill,0.5270451903343201,2,True
esco_1005,finish project within budget,2.B.5.d,Management of Personnel Resources,skill,0.46294277906417847,3,True
esco_1006,use automatic programming,2.B.3.e,Programming,skill,0.5662047266960144,1,True
esco_1006,use automatic programming,2.B.3.d,Installation,skill,0.3736368715763092,2,False
esco_1006,use automatic programming,2.C.3.a,Computers and Electronics,knowledge,0.373582661151886,3,False
esco_1007,show intercultural awareness,2.C.4.f,Sociology and Anthropology,knowledge,0.41654878854751587,1,False
esco_1007,show intercultural awareness,2.B.1.d,Negotiation,skill,0.3752651810646057,2,False
esco_1007,show intercultural awareness,2.A.1.d,Speaking,skill,0.3743574619293213,3,False
esco_1008,cost management,2.B.5.b,Management of Financial Resources,skill,0.6263189911842346,1,True
esco_1008,cost management,2.B.5.c,Management of Material Resources,skill,0.43863487243652344,2,False
esco_1008,cost management,2.C.1.a,Administration and Management,knowledge,0.42742595076560974,3,False
esco_1009,geodesy,2.C.4.g,Geography,knowledge,0.3819667398929596,1,False
esco_1009,geodesy,2.C.4.a,Mathematics,knowledge,0.3349408805370331,2,False
esco_1009,geodesy,2.A.1.e,Mathematics,skill,0.30680713057518005,3,False
esco_1010,predictive maintenance,2.B.3.j,Equipment Maintenance,skill,0.5964803099632263,1,True
esco_1010,predictive maintenance,2.B.3.l,Repairing,skill,0.5121293663978577,2,True
esco_1010,predictive maintenance,2.B.3.g,Operations Monitoring,skill,0.45039889216423035,3,True
esco_1011,participate actively in civic life,2.B.1.f,Service Orientation,skill,0.45383843779563904,1,True
esco_1011,participate actively in civic life,2.C.8.b,Law and Government,knowledge,0.4413638412952423,2,False
esco_1011,participate actively in civic life,2.C.4.f,Sociology and Anthropology,knowledge,0.34282052516937256,3,False
esco_1012,think critically,2.A.2.a,Critical Thinking,skill,0.5589427947998047,1,True
esco_1012,think critically,2.B.1.a,Social Perceptiveness,skill,0.3825925588607788,2,False
esco_1012,think critically,1.A.1.a.2,Written Comprehension,ability,0.3819003105163574,3,False
esco_1013,document evidence,2.A.1.a,Reading Comprehension,skill,0.4814852774143219,1,True
esco_1013,document evidence,1.A.1.a.2,Written Comprehension,ability,0.46733856201171875,2,True
esco_1013,document evidence,1.A.1.a.4,Written Expression,ability,0.435047447681427,3,False
esco_1014,keep time accurately,2.B.5.a,Time Management,skill,0.8014400601387024,1,True
esco_1014,keep time accurately,2.B.5.d,Management of Personnel Resources,skill,0.3958851099014282,2,False
esco_1014,keep time accurately,1.A.1.g.2,Time Sharing,ability,0.3389968276023865,3,False
esco_1015,developing educational programmes,2.C.6,Education and Training,knowledge,0.6422296166419983,1,True
esco_1015,developing educational programmes,2.A.2.c,Learning Strategies,skill,0.548336386680603,2,True
esco_1015,developing educational programmes,2.B.1.e,Instructing,skill,0.5180746912956238,3,True
esco_1016,performing risk analysis and management,2.B.2.i,Complex Problem Solving,skill,0.47987693548202515,1,True
esco_1016,performing risk analysis and management,2.B.5.d,Management of Personnel Resources,skill,0.45741507411003113,2,True
esco_1016,performing risk analysis and management,2.C.1.c,Economics and Accounting,knowledge,0.4396277070045471,3,False
esco_1017,execute ICT audits,2.C.3.a,Computers and Electronics,knowledge,0.3826640844345093,1,False
esco_1017,execute ICT audits,2.C.1.c,Economics and Accounting,knowledge,0.3663175106048584,2,False
esco_1017,execute ICT audits,2.A.2.d,Monitoring,skill,0.3583930730819702,3,False
esco_1018,statistics,2.C.4.a,Mathematics,knowledge,0.4679773449897766,1,True
esco_1018,statistics,2.A.1.f,Science,skill,0.38574597239494324,2,False
esco_1018,statistics,2.A.1.e,Mathematics,skill,0.3630785346031189,3,False
esco_1019,develop learning curriculum,2.C.1.a,Administration and Management,knowledge,0.5570297837257385,1,True
esco_1019,develop learning curriculum,2.C.6,Education and Training,knowledge,0.5471380949020386,2,True
esco_1019,develop learning curriculum,2.A.2.c,Learning Strategies,skill,0.544478714466095,3,True
esco_1020,negotiate price,2.B.1.d,Negotiation,skill,0.6586486101150513,1,True
esco_1020,negotiate price,2.B.5.b,Management of Financial Resources,skill,0.33020371198654175,2,False
esco_1020,negotiate price,2.A.1.d,Speaking,skill,0.328468918800354,3,False
esco_1021,urban planning,2.C.3.d,Building and Construction,knowledge,0.4885290265083313,1,True
esco_1021,urban planning,2.C.3.c,Design,knowledge,0.4402691125869751,2,False
esco_1021,urban planning,2.B.3.a,Operations Analysis,skill,0.41835731267929077,3,False
esco_1022,assessment of risks and threats,2.C.8.a,Public Safety and Security,knowledge,0.4537092447280884,1,True
esco_1022,assessment of risks and threats,2.B.4.g,Systems Analysis,skill,0.36736902594566345,2,False
esco_1022,assessment of risks and threats,2.B.2.i,Complex Problem Solving,skill,0.35802915692329407,3,False
esco_1023,graphic design,1.A.1.f.2,Visualization,ability,0.3860245943069458,1,False
esco_1023,graphic design,2.C.3.c,Design,knowledge,0.35413217544555664,2,False
esco_1023,graphic design,2.B.3.e,Programming,skill,0.34572339057922363,3,False
esco_1024,learning technologies,2.A.2.c,Learning Strategies,skill,0.47791773080825806,1,True
esco_1024,learning technologies,2.B.1.e,Instructing,skill,0.40605461597442627,2,False
esco_1024,learning technologies,2.B.3.b,Technology Design,skill,0.3942873477935791,3,False
esco_1025,handle patient trauma,2.C.5.a,Medicine and Dentistry,knowledge,0.4236980676651001,1,False
esco_1025,handle patient trauma,2.C.5.b,Therapy and Counseling,knowledge,0.4084493815898895,2,False
esco_1025,handle patient trauma,2.B.1.f,Service Orientation,skill,0.35137540102005005,3,False
esco_1026,use communication techniques,2.A.1.d,Speaking,skill,0.6382598876953125,1,True
esco_1026,use communication techniques,2.C.9.b,Communications and Media,knowledge,0.5250101685523987,2,True
esco_1026,use communication techniques,2.A.1.c,Writing,skill,0.5181010961532593,3,True
esco_1027,prevent work accidents,2.B.3.j,Equipment Maintenance,skill,0.42665624618530273,1,False
esco_1027,prevent work accidents,2.B.5.d,Management of Personnel Resources,skill,0.41945481300354004,2,False
esco_1027,prevent work accidents,2.B.1.f,Service Orientation,skill,0.37851864099502563,3,False
esco_1028,prepare construction documents,2.C.3.d,Building and Construction,knowledge,0.5083063244819641,1,True
esco_1028,prepare construction documents,2.B.5.c,Management of Material Resources,skill,0.44280439615249634,2,False
esco_1028,prepare construction documents,2.C.3.c,Design,knowledge,0.4141598641872406,3,False
esco_1029,project management methodology (PM²),2.B.5.b,Management of Financial Resources,skill,0.4845021367073059,1,True
esco_1029,project management methodology (PM²),2.B.2.i,Complex Problem Solving,skill,0.4642794728279114,2,True
esco_1029,project management methodology (PM²),2.B.3.a,Operations Analysis,skill,0.42758747935295105,3,False
esco_1030,report utility meter readings,2.B.3.g,Operations Monitoring,skill,0.37663060426712036,1,False
esco_1030,report utility meter readings,2.C.4.e,Psychology,knowledge,0.3648078143596649,2,False
esco_1030,report utility meter readings,2.A.1.d,Speaking,skill,0.31647199392318726,3,False
esco_1031,manage major incidents,2.B.1.f,Service Orientation,skill,0.40508049726486206,1,False
esco_1031,manage major incidents,2.B.5.d,Management of Personnel Resources,skill,0.3827586770057678,2,False
esco_1031,manage major incidents,2.C.8.a,Public Safety and Security,knowledge,0.3781338632106781,3,False
esco_1032,cyber security,2.C.8.a,Public Safety and Security,knowledge,0.388711154460907,1,False
esco_1032,cyber security,2.B.3.k,Troubleshooting,skill,0.32162564992904663,2,False
esco_1032,cyber security,2.B.3.l,Repairing,skill,0.29224032163619995,3,False
esco_1033,architectural design,2.C.3.c,Design,knowledge,0.5681977272033691,1,True
esco_1033,architectural design,2.B.3.a,Operations Analysis,skill,0.5478537082672119,2,True
esco_1033,architectural design,2.C.3.d,Building and Construction,knowledge,0.46578896045684814,3,True
esco_1034,applying environmental skills and competences,2.C.6,Education and Training,knowledge,0.4162943959236145,1,False
esco_1034,applying environmental skills and competences,2.B.1.f,Service Orientation,skill,0.39597955346107483,2,False
esco_1034,applying environmental skills and competences,2.B.5.c,Management of Material Resources,skill,0.3904131352901459,3,False
esco_1035,negotiate employment agreements,2.B.1.d,Negotiation,skill,0.6107903718948364,1,True
esco_1035,negotiate employment agreements,2.C.1.f,Personnel and Human Resources,knowledge,0.42759019136428833,2,False
esco_1035,negotiate employment agreements,2.B.5.d,Management of Personnel Resources,skill,0.41591718792915344,3,False
esco_1036,financial capability,2.B.5.b,Management of Financial Resources,skill,0.5288149118423462,1,True
esco_1036,financial capability,2.C.1.c,Economics and Accounting,knowledge,0.5136473178863525,2,True
esco_1036,financial capability,2.C.1.a,Administration and Management,knowledge,0.3347070813179016,3,False
esco_1037,use word processing software,2.B.3.e,Programming,skill,0.44324687123298645,1,False
esco_1037,use word processing software,2.A.1.a,Reading Comprehension,skill,0.37861061096191406,2,False
esco_1037,use word processing software,2.C.3.a,Computers and Electronics,knowledge,0.3326791226863861,3,False
esco_1038,framework for a safety management system,2.C.8.a,Public Safety and Security,knowledge,0.4707866311073303,1,True
esco_1038,framework for a safety management system,2.B.3.j,Equipment Maintenance,skill,0.3969460129737854,2,False
esco_1038,framework for a safety management system,2.B.4.g,Systems Analysis,skill,0.38828587532043457,3,False
esco_1039,person centred care,2.B.1.f,Service Orientation,skill,0.5092257261276245,1,True
esco_1039,person centred care,2.B.5.d,Management of Personnel Resources,skill,0.38876813650131226,2,False
esco_1039,person centred care,2.C.1.e,Customer and Personal Service,knowledge,0.3801754415035248,3,False
esco_1040,handle cybersecurity incidents,2.C.8.a,Public Safety and Security,knowledge,0.372839093208313,1,False
esco_1040,handle cybersecurity incidents,2.B.3.l,Repairing,skill,0.3489188253879547,2,False
esco_1040,handle cybersecurity incidents,2.B.3.j,Equipment Maintenance,skill,0.288457989692688,3,False
esco_1041,install automation components,2.B.3.d,Installation,skill,0.5737833380699158,1,True
esco_1041,install automation components,2.B.3.l,Repairing,skill,0.39599233865737915,2,False
esco_1041,install automation components,2.B.3.j,Equipment Maintenance,skill,0.37975698709487915,3,False
esco_1042,send samples to laboratory,2.B.3.c,Equipment Selection,skill,0.31311583518981934,1,False
esco_1042,send samples to laboratory,2.B.3.j,Equipment Maintenance,skill,0.3119792342185974,2,False
esco_1042,send samples to laboratory,2.B.5.c,Management of Material Resources,skill,0.3045169711112976,3,False
esco_1043,analyse test data,1.A.1.d.1,Memorization,ability,0.42328184843063354,1,False
esco_1043,analyse test data,2.A.2.c,Learning Strategies,skill,0.420402467250824,2,False
esco_1043,analyse test data,1.A.1.a.2,Written Comprehension,ability,0.41346651315689087,3,False
esco_1044,instructional strategies,2.A.2.c,Learning Strategies,skill,0.7636279463768005,1,True
esco_1044,instructional strategies,2.C.6,Education and Training,knowledge,0.6214090585708618,2,True
esco_1044,instructional strategies,2.B.1.e,Instructing,skill,0.6199086904525757,3,True
esco_1045,environmental threats,2.A.1.f,Science,skill,0.36778712272644043,1,False
esco_1045,environmental threats,2.A.1.e,Mathematics,skill,0.3352823257446289,2,False
esco_1045,environmental threats,2.B.4.g,Systems Analysis,skill,0.3088896572589874,3,False
esco_1046,responding to complaints,2.B.1.f,Service Orientation,skill,0.36188530921936035,1,False
esco_1046,responding to complaints,2.A.2.a,Critical Thinking,skill,0.33818677067756653,2,False
esco_1046,responding to complaints,2.B.3.l,Repairing,skill,0.32616427540779114,3,False
esco_1047,evaluate information services using metrics,2.B.1.f,Service Orientation,skill,0.42865902185440063,1,False
esco_1047,evaluate information services using metrics,2.C.1.e,Customer and Personal Service,knowledge,0.41449597477912903,2,False
esco_1047,evaluate information services using metrics,2.B.4.h,Systems Evaluation,skill,0.40890854597091675,3,False
esco_1048,supporting others,2.B.1.f,Service Orientation,skill,0.4843398928642273,1,True
esco_1048,supporting others,2.B.1.e,Instructing,skill,0.3647787868976593,2,False
esco_1048,supporting others,2.B.1.c,Persuasion,skill,0.339917927980423,3,False
esco_1049,fossil-fuel power plant operations,2.B.3.j,Equipment Maintenance,skill,0.34139466285705566,1,False
esco_1049,fossil-fuel power plant operations,2.B.3.h,Operation and Control,skill,0.3032105267047882,2,False
esco_1049,fossil-fuel power plant operations,2.B.3.c,Equipment Selection,skill,0.2943262457847595,3,False
esco_1050,civil engineering,2.C.3.d,Building and Construction,knowledge,0.5649622082710266,1,True
esco_1050,civil engineering,2.C.3.c,Design,knowledge,0.44261232018470764,2,False
esco_1050,civil engineering,2.C.3.b,Engineering and Technology,knowledge,0.4403100609779358,3,False
esco_1051,revise legal documents,2.B.1.d,Negotiation,skill,0.4544323682785034,1,True
esco_1051,revise legal documents,2.C.8.b,Law and Government,knowledge,0.4363178014755249,2,False
esco_1051,revise legal documents,2.A.1.c,Writing,skill,0.3959150016307831,3,False
esco_1052,information skills,2.A.1.d,Speaking,skill,0.5427676439285278,1,True
esco_1052,information skills,1.A.1.e.1,Speed of Closure,ability,0.5093833804130554,2,True
esco_1052,information skills,1.A.1.a.2,Written Comprehension,ability,0.49689024686813354,3,True
esco_1053,use back-up and recovery tools,2.B.3.l,Repairing,skill,0.36656367778778076,1,False
esco_1053,use back-up and recovery tools,2.B.3.k,Troubleshooting,skill,0.2941811680793762,2,False
esco_1053,use back-up and recovery tools,2.B.3.j,Equipment Maintenance,skill,0.21565857529640198,3,False
esco_1054,calibrate laboratory equipment,2.B.3.j,Equipment Maintenance,skill,0.5331626534461975,1,True
esco_1054,calibrate laboratory equipment,2.B.3.g,Operations Monitoring,skill,0.5331450700759888,2,True
esco_1054,calibrate laboratory equipment,2.B.3.c,Equipment Selection,skill,0.48811542987823486,3,True
esco_1055,conduct quantitative research,2.C.4.e,Psychology,knowledge,0.4655499756336212,1,True
esco_1055,conduct quantitative research,2.C.4.a,Mathematics,knowledge,0.45110124349594116,2,True
esco_1055,conduct quantitative research,2.B.2.i,Complex Problem Solving,skill,0.44518959522247314,3,False
esco_1056,inspect trees,1.A.1.e.1,Speed of Closure,ability,0.3162587285041809,1,False
esco_1056,inspect trees,1.A.1.b.6,Information Ordering,ability,0.28691962361335754,2,False
esco_1056,inspect trees,1.A.1.b.4,Deductive Reasoning,ability,0.28558698296546936,3,False
esco_1057,victimology,2.C.4.f,Sociology and Anthropology,knowledge,0.32265394926071167,1,False
esco_1057,victimology,2.C.4.e,Psychology,knowledge,0.2701811194419861,2,False
esco_1057,victimology,2.C.5.a,Medicine and Dentistry,knowledge,0.2518169581890106,3,False
esco_1058,accepting feedback,2.B.1.e,Instructing,skill,0.3227268159389496,1,False
esco_1058,accepting feedback,2.C.4.e,Psychology,knowledge,0.2879902720451355,2,False
esco_1058,accepting feedback,2.B.5.d,Management of Personnel Resources,skill,0.28642839193344116,3,False
esco_1059,attend to detail,2.A.1.d,Speaking,skill,0.4699418544769287,1,True
esco_1059,attend to detail,2.B.1.e,Instructing,skill,0.4426317512989044,2,False
esco_1059,attend to detail,2.A.1.a,Reading Comprehension,skill,0.42111578583717346,3,False
esco_1060,energy efficiency,2.B.3.c,Equipment Selection,skill,0.32460224628448486,1,False
esco_1060,energy efficiency,2.B.3.a,Operations Analysis,skill,0.3038894236087799,2,False
esco_1060,energy efficiency,2.B.3.j,Equipment Maintenance,skill,0.3027113080024719,3,False
esco_1061,liaising and networking,2.A.1.d,Speaking,skill,0.5346391201019287,1,True
esco_1061,liaising and networking,2.B.5.d,Management of Personnel Resources,skill,0.4641321003437042,2,True
esco_1061,liaising and networking,2.C.1.f,Personnel and Human Resources,knowledge,0.40109553933143616,3,False
esco_1062,"communication, collaboration and creativity",2.A.1.d,Speaking,skill,0.4776148498058319,1,True
esco_1062,"communication, collaboration and creativity",2.B.1.d,Negotiation,skill,0.44641274213790894,2,False
esco_1062,"communication, collaboration and creativity",2.A.1.c,Writing,skill,0.4406335949897766,3,False
esco_1063,interpret technical texts,2.A.1.a,Reading Comprehension,skill,0.5669616460800171,1,True
esco_1063,interpret technical texts,1.A.1.a.2,Written Comprehension,ability,0.554279625415802,2,True
esco_1063,interpret technical texts,2.C.3.a,Computers and Electronics,knowledge,0.4598574638366699,3,True
esco_1064,carry out end of day accounts,2.B.5.a,Time Management,skill,0.404548317193985,1,False
esco_1064,carry out end of day accounts,2.B.5.b,Management of Financial Resources,skill,0.3735162615776062,2,False
esco_1064,carry out end of day accounts,2.C.1.c,Economics and Accounting,knowledge,0.3457755148410797,3,False
esco_1065,levels of software testing,2.B.3.e,Programming,skill,0.403187096118927,1,False
esco_1065,levels of software testing,2.B.3.k,Troubleshooting,skill,0.3829590678215027,2,False
esco_1065,levels of software testing,2.B.3.m,Quality Control Analysis,skill,0.3668857514858246,3,False
esco_1066,perform environmental remediation,2.B.3.j,Equipment Maintenance,skill,0.3836405575275421,1,False
esco_1066,perform environmental remediation,2.B.3.l,Repairing,skill,0.3412165641784668,2,False
esco_1066,perform environmental remediation,2.B.1.f,Service Orientation,skill,0.34028539061546326,3,False
esco_1067,install electronic communication equipment,2.B.3.d,Installation,skill,0.5644374489784241,1,True
esco_1067,install electronic communication equipment,2.B.3.j,Equipment Maintenance,skill,0.47102469205856323,2,True
esco_1067,install electronic communication equipment,2.B.3.l,Repairing,skill,0.3840816020965576,3,False
esco_1068,trace people,2.A.1.d,Speaking,skill,0.3444919288158417,1,False
esco_1068,trace people,1.A.1.e.1,Speed of Closure,ability,0.3325091600418091,2,False
esco_1068,trace people,2.B.5.d,Management of Personnel Resources,skill,0.3250125050544739,3,False
esco_1069,paediatrics,2.C.5.a,Medicine and Dentistry,knowledge,0.41962930560112,1,False
esco_1069,paediatrics,2.C.4.e,Psychology,knowledge,0.3444445729255676,2,False
esco_1069,paediatrics,2.C.5.b,Therapy and Counseling,knowledge,0.3209958076477051,3,False
esco_1070,developmental psychology,2.C.4.e,Psychology,knowledge,0.6149305701255798,1,True
esco_1070,developmental psychology,2.B.1.a,Social Perceptiveness,skill,0.518892765045166,2,True
esco_1070,developmental psychology,2.C.4.f,Sociology and Anthropology,knowledge,0.4591366946697235,3,True
esco_1071,perform surveying calculations,2.C.4.a,Mathematics,knowledge,0.5555392503738403,1,True
esco_1071,perform surveying calculations,2.A.1.e,Mathematics,skill,0.5057949423789978,2,True
esco_1071,perform surveying calculations,2.B.3.a,Operations Analysis,skill,0.461905837059021,3,True
esco_1072,management skills,2.C.1.a,Administration and Management,knowledge,0.5794632434844971,1,True
esco_1072,management skills,2.B.5.d,Management of Personnel Resources,skill,0.5788857936859131,2,True
esco_1072,management skills,2.C.1.f,Personnel and Human Resources,knowledge,0.43493831157684326,3,False
esco_1073,apply information security policies,2.C.8.a,Public Safety and Security,knowledge,0.4090733528137207,1,False
esco_1073,apply information security policies,2.C.1.f,Personnel and Human Resources,knowledge,0.2968360185623169,2,False
esco_1073,apply information security policies,2.A.1.f,Science,skill,0.27639949321746826,3,False
esco_1074,follow health and safety procedures in construction,2.B.3.j,Equipment Maintenance,skill,0.4737984538078308,1,True
esco_1074,follow health and safety procedures in construction,2.C.3.d,Building and Construction,knowledge,0.44191575050354004,2,False
esco_1074,follow health and safety procedures in construction,2.B.5.c,Management of Material Resources,skill,0.39009174704551697,3,False
esco_1075,develop work programmes,2.B.5.d,Management of Personnel Resources,skill,0.5683748722076416,1,True
esco_1075,develop work programmes,2.C.1.a,Administration and Management,knowledge,0.49544447660446167,2,True
esco_1075,develop work programmes,2.C.6,Education and Training,knowledge,0.41704368591308594,3,False
esco_1076,Microsoft Visio,1.A.1.f.2,Visualization,ability,0.4003467261791229,1,False
esco_1076,Microsoft Visio,2.B.3.a,Operations Analysis,skill,0.37887483835220337,2,False
esco_1076,Microsoft Visio,2.B.2.i,Complex Problem Solving,skill,0.33657005429267883,3,False
esco_1077,address identified risks,2.A.2.b,Active Learning,skill,0.4412790536880493,1,False
esco_1077,address identified risks,2.B.2.i,Complex Problem Solving,skill,0.4301673173904419,2,False
esco_1077,address identified risks,2.B.5.d,Management of Personnel Resources,skill,0.3807222843170166,3,False
esco_1078,design engineering components,2.C.3.c,Design,knowledge,0.5579259395599365,1,True
esco_1078,design engineering components,2.B.3.a,Operations Analysis,skill,0.5156258940696716,2,True
esco_1078,design engineering components,2.B.3.b,Technology Design,skill,0.4684436321258545,3,True
esco_1079,risk identification,2.B.4.e,Judgment and Decision Making,skill,0.3709386885166168,1,False
esco_1079,risk identification,2.B.2.i,Complex Problem Solving,skill,0.3708416521549225,2,False
esco_1079,risk identification,2.B.5.b,Management of Financial Resources,skill,0.3397365212440491,3,False
esco_1080,install plumbing systems,2.B.3.d,Installation,skill,0.47067776322364807,1,True
esco_1080,install plumbing systems,2.B.3.a,Operations Analysis,skill,0.3189564645290375,2,False
esco_1080,install plumbing systems,2.C.3.d,Building and Construction,knowledge,0.31048405170440674,3,False
esco_1081,rehabilitation,2.C.5.b,Therapy and Counseling,knowledge,0.5580328106880188,1,True
esco_1081,rehabilitation,2.B.1.f,Service Orientation,skill,0.40634840726852417,2,False
esco_1081,rehabilitation,2.C.4.e,Psychology,knowledge,0.35187044739723206,3,False
esco_1082,market research,2.C.1.a,Administration and Management,knowledge,0.4423910975456238,1,False
esco_1082,market research,2.C.1.d,Sales and Marketing,knowledge,0.4041801989078522,2,False
esco_1082,market research,2.C.1.c,Economics and Accounting,knowledge,0.39963462948799133,3,False
esco_1083,use clinical reasoning,2.A.2.a,Critical Thinking,skill,0.4779074490070343,1,True
esco_1083,use clinical reasoning,1.A.1.b.4,Deductive Reasoning,ability,0.47193291783332825,2,True
esco_1083,use clinical reasoning,2.B.2.i,Complex Problem Solving,skill,0.4294547140598297,3,False
esco_1084,review civil documentation,2.C.8.b,Law and Government,knowledge,0.4261631369590759,1,False
esco_1084,review civil documentation,2.A.1.a,Reading Comprehension,skill,0.37273579835891724,2,False
esco_1084,review civil documentation,2.C.1.b,Administrative,knowledge,0.32665640115737915,3,False
esco_1085,respond to enquiries,2.B.1.f,Service Orientation,skill,0.43869563937187195,1,False
esco_1085,respond to enquiries,2.C.5.b,Therapy and Counseling,knowledge,0.33486685156822205,2,False
esco_1085,respond to enquiries,2.B.1.e,Instructing,skill,0.328495055437088,3,False
esco_1086,negotiate with stakeholders,2.B.1.d,Negotiation,skill,0.7026254534721375,1,True
esco_1086,negotiate with stakeholders,2.B.3.a,Operations Analysis,skill,0.35968586802482605,2,False
esco_1086,negotiate with stakeholders,2.B.5.b,Management of Financial Resources,skill,0.3552749752998352,3,False
esco_1087,internal auditing,2.B.5.b,Management of Financial Resources,skill,0.47082170844078064,1,True
esco_1087,internal auditing,2.C.1.c,Economics and Accounting,knowledge,0.4223562479019165,2,False
esco_1087,internal auditing,2.A.2.d,Monitoring,skill,0.4192330837249756,3,False
esco_1088,accounting techniques,2.B.5.b,Management of Financial Resources,skill,0.6109321117401123,1,True
esco_1088,accounting techniques,2.C.1.c,Economics and Accounting,knowledge,0.5256855487823486,2,True
esco_1088,accounting techniques,2.B.3.a,Operations Analysis,skill,0.3835259675979614,3,False
esco_1089,criminal law,2.C.8.b,Law and Government,knowledge,0.46297717094421387,1,True
esco_1089,criminal law,2.C.1.a,Administration and Management,knowledge,0.3373103439807892,2,False
esco_1089,criminal law,2.C.8.a,Public Safety and Security,knowledge,0.2974494695663452,3,False
esco_1090,designing systems and products,2.B.3.a,Operations Analysis,skill,0.48080211877822876,1,True
esco_1090,designing systems and products,2.C.3.a,Computers and Electronics,knowledge,0.4672812223434448,2,True
esco_1090,designing systems and products,2.B.3.e,Programming,skill,0.4431542754173279,3,False
esco_1091,ensure equipment cooling,2.B.3.j,Equipment Maintenance,skill,0.6113928556442261,1,True
esco_1091,ensure equipment cooling,2.B.3.g,Operations Monitoring,skill,0.472042977809906,2,True
esco_1091,ensure equipment cooling,2.B.3.l,Repairing,skill,0.45949700474739075,3,True
esco_1092,reproduce documents,2.B.3.j,Equipment Maintenance,skill,0.5635001063346863,1,True
esco_1092,reproduce documents,2.B.3.c,Equipment Selection,skill,0.5422996878623962,2,True
esco_1092,reproduce documents,2.B.3.l,Repairing,skill,0.5054689645767212,3,True
esco_1093,carry out energy management of facilities,2.B.5.c,Management of Material Resources,skill,0.43247875571250916,1,False
esco_1093,carry out energy management of facilities,2.C.1.a,Administration and Management,knowledge,0.4138771593570709,2,False
esco_1093,carry out energy management of facilities,2.B.5.d,Management of Personnel Resources,skill,0.3795946538448334,3,False
esco_1094,calibrate electronic instruments,2.B.3.g,Operations Monitoring,skill,0.4745839238166809,1,True
esco_1094,calibrate electronic instruments,2.B.3.j,Equipment Maintenance,skill,0.45243313908576965,2,True
esco_1094,calibrate electronic instruments,2.B.3.c,Equipment Selection,skill,0.406535267829895,3,False
esco_1095,architecture regulations,2.C.3.d,Building and Construction,knowledge,0.41418588161468506,1,False
esco_1095,architecture regulations,2.C.3.c,Design,knowledge,0.39302071928977966,2,False
esco_1095,architecture regulations,2.C.8.b,Law and Government,knowledge,0.38160863518714905,3,False
esco_1096,economics,2.C.1.c,Economics and Accounting,knowledge,0.5283531546592712,1,True
esco_1096,economics,2.C.4.f,Sociology and Anthropology,knowledge,0.3629313111305237,2,False
esco_1096,economics,2.B.5.b,Management of Financial Resources,skill,0.3010508120059967,3,False
esco_1097,personnel management,2.B.5.d,Management of Personnel Resources,skill,0.7285559177398682,1,True
esco_1097,personnel management,2.C.1.f,Personnel and Human Resources,knowledge,0.7217857837677002,2,True
esco_1097,personnel management,2.C.1.a,Administration and Management,knowledge,0.5013574361801147,3,True
esco_1098,improve user-friendliness,2.A.1.d,Speaking,skill,0.46132421493530273,1,True
esco_1098,improve user-friendliness,2.A.1.c,Writing,skill,0.4245215654373169,2,False
esco_1098,improve user-friendliness,2.B.1.f,Service Orientation,skill,0.4006038010120392,3,False
esco_1099,act discreetly,2.B.1.a,Social Perceptiveness,skill,0.45818617939949036,1,True
esco_1099,act discreetly,2.A.1.d,Speaking,skill,0.4302232265472412,2,False
esco_1099,act discreetly,1.A.1.a.3,Oral Expression,ability,0.3741975426673889,3,False
esco_1100,postediting,2.C.4.f,Sociology and Anthropology,knowledge,0.43897655606269836,1,False
esco_1100,postediting,2.C.9.b,Communications and Media,knowledge,0.3252507448196411,2,False
esco_1100,postediting,2.C.7.d,History and Archeology,knowledge,0.32255011796951294,3,False
esco_1101,distributed computing,2.B.3.e,Programming,skill,0.37959516048431396,1,False
esco_1101,distributed computing,2.B.3.k,Troubleshooting,skill,0.35127127170562744,2,False
esco_1101,distributed computing,2.C.3.a,Computers and Electronics,knowledge,0.3259660601615906,3,False
esco_1102,conduct erosion control,2.B.3.j,Equipment Maintenance,skill,0.3430817127227783,1,False
esco_1102,conduct erosion control,2.B.1.e,Instructing,skill,0.26963186264038086,2,False
esco_1102,conduct erosion control,2.A.1.f,Science,skill,0.26496371626853943,3,False
esco_1103,maintain electronic systems,2.B.3.j,Equipment Maintenance,skill,0.7349945306777954,1,True
esco_1103,maintain electronic systems,2.B.3.l,Repairing,skill,0.607327401638031,2,True
esco_1103,maintain electronic systems,2.B.3.g,Operations Monitoring,skill,0.5711161494255066,3,True
esco_1104,conduct financial audits,2.B.5.b,Management of Financial Resources,skill,0.5214012861251831,1,True
esco_1104,conduct financial audits,2.A.2.d,Monitoring,skill,0.5100457072257996,2,True
esco_1104,conduct financial audits,2.C.1.c,Economics and Accounting,knowledge,0.45286041498184204,3,True
esco_1105,identify accounting errors,2.C.1.c,Economics and Accounting,knowledge,0.46162933111190796,1,True
esco_1105,identify accounting errors,2.B.5.b,Management of Financial Resources,skill,0.4464051425457001,2,False
esco_1105,identify accounting errors,2.B.3.k,Troubleshooting,skill,0.4003180265426636,3,False
esco_1106,developing professional relationships or networks,2.B.5.d,Management of Personnel Resources,skill,0.5128920078277588,1,True
esco_1106,developing professional relationships or networks,2.B.1.f,Service Orientation,skill,0.4445129930973053,2,False
esco_1106,developing professional relationships or networks,2.A.1.d,Speaking,skill,0.42055341601371765,3,False
esco_1107,evaluate employees work,2.B.5.d,Management of Personnel Resources,skill,0.6240833401679993,1,True
esco_1107,evaluate employees work,2.C.1.f,Personnel and Human Resources,knowledge,0.4819408059120178,2,True
esco_1107,evaluate employees work,2.B.5.b,Management of Financial Resources,skill,0.4373403489589691,3,False
esco_1108,clinical psychological treatment,2.C.4.e,Psychology,knowledge,0.5639994740486145,1,True
esco_1108,clinical psychological treatment,2.C.5.b,Therapy and Counseling,knowledge,0.5593081712722778,2,True
esco_1108,clinical psychological treatment,2.B.1.f,Service Orientation,skill,0.3410118818283081,3,False
esco_1109,use psychoeducation,2.B.1.e,Instructing,skill,0.5245183110237122,1,True
esco_1109,use psychoeducation,2.C.6,Education and Training,knowledge,0.522036075592041,2,True
esco_1109,use psychoeducation,2.C.4.e,Psychology,knowledge,0.5125594735145569,3,True
esco_1110,provide guidance on infectious disease,2.B.1.e,Instructing,skill,0.3445408344268799,1,False
esco_1110,provide guidance on infectious disease,2.C.5.a,Medicine and Dentistry,knowledge,0.3381537199020386,2,False
esco_1110,provide guidance on infectious disease,2.B.1.f,Service Orientation,skill,0.33811020851135254,3,False
esco_1111,advise on use of land,2.C.4.g,Geography,knowledge,0.3319263756275177,1,False
esco_1111,advise on use of land,2.B.5.c,Management of Material Resources,skill,0.29904505610466003,2,False
esco_1111,advise on use of land,2.C.8.b,Law and Government,knowledge,0.2905520498752594,3,False
esco_1112,evaluate employees,2.B.5.d,Management of Personnel Resources,skill,0.6567116975784302,1,True
esco_1112,evaluate employees,2.C.1.f,Personnel and Human Resources,knowledge,0.517818033695221,2,True
esco_1112,evaluate employees,2.C.1.a,Administration and Management,knowledge,0.4042743444442749,3,False
esco_1113,set organisational policies,2.B.5.d,Management of Personnel Resources,skill,0.5513064861297607,1,True
esco_1113,set organisational policies,2.C.1.a,Administration and Management,knowledge,0.5499129891395569,2,True
esco_1113,set organisational policies,2.C.1.f,Personnel and Human Resources,knowledge,0.47291266918182373,3,True
esco_1114,review trial cases,2.B.1.d,Negotiation,skill,0.47336551547050476,1,True
esco_1114,review trial cases,2.A.1.d,Speaking,skill,0.40063583850860596,2,False
esco_1114,review trial cases,2.B.4.e,Judgment and Decision Making,skill,0.3806886672973633,3,False
esco_1115,examine engineering principles,2.C.3.b,Engineering and Technology,knowledge,0.5862016677856445,1,True
esco_1115,examine engineering principles,2.C.3.a,Computers and Electronics,knowledge,0.5156006813049316,2,True
esco_1115,examine engineering principles,2.B.2.i,Complex Problem Solving,skill,0.47287923097610474,3,True
esco_1116,advise on efficiency improvements,2.B.5.d,Management of Personnel Resources,skill,0.4373895525932312,1,False
esco_1116,advise on efficiency improvements,2.B.5.b,Management of Financial Resources,skill,0.4156551957130432,2,False
esco_1116,advise on efficiency improvements,2.B.3.a,Operations Analysis,skill,0.3870365619659424,3,False
esco_1117,perform water treatment procedures,2.B.3.j,Equipment Maintenance,skill,0.6007142663002014,1,True
esco_1117,perform water treatment procedures,2.B.3.c,Equipment Selection,skill,0.4417065382003784,2,False
esco_1117,perform water treatment procedures,2.B.3.h,Operation and Control,skill,0.4383254051208496,3,False
esco_1118,resuscitation,2.C.5.a,Medicine and Dentistry,knowledge,0.2832338809967041,1,False
esco_1118,resuscitation,2.C.5.b,Therapy and Counseling,knowledge,0.2592775225639343,2,False
esco_1118,resuscitation,2.B.1.f,Service Orientation,skill,0.2224244475364685,3,False
esco_1119,handling and disposing of hazardous materials,2.B.3.j,Equipment Maintenance,skill,0.4513356685638428,1,True
esco_1119,handling and disposing of hazardous materials,2.B.3.c,Equipment Selection,skill,0.43826133012771606,2,False
esco_1119,handling and disposing of hazardous materials,2.B.5.c,Management of Material Resources,skill,0.4176434278488159,3,False
esco_1120,operating energy production or distribution equipment,2.B.3.j,Equipment Maintenance,skill,0.5253843069076538,1,True
esco_1120,operating energy production or distribution equipment,2.B.3.c,Equipment Selection,skill,0.5105339288711548,2,True
esco_1120,operating energy production or distribution equipment,2.B.3.h,Operation and Control,skill,0.48591527342796326,3,True
esco_1121,engage with offenders,2.C.5.b,Therapy and Counseling,knowledge,0.33351007103919983,1,False
esco_1121,engage with offenders,2.B.1.e,Instructing,skill,0.29689815640449524,2,False
esco_1121,engage with offenders,2.B.1.f,Service Orientation,skill,0.2920658588409424,3,False
esco_1122,types of pensions,2.B.5.b,Management of Financial Resources,skill,0.3546966016292572,1,False
esco_1122,types of pensions,2.C.1.c,Economics and Accounting,knowledge,0.2969092130661011,2,False
esco_1122,types of pensions,2.C.1.f,Personnel and Human Resources,knowledge,0.29177728295326233,3,False
esco_1123,develop creative ideas,2.A.1.d,Speaking,skill,0.4614484906196594,1,True
esco_1123,develop creative ideas,2.A.1.c,Writing,skill,0.442864328622818,2,False
esco_1123,develop creative ideas,2.C.9.b,Communications and Media,knowledge,0.4309369623661041,3,False
esco_1124,develop project schedule,2.B.5.a,Time Management,skill,0.47381216287612915,1,True
esco_1124,develop project schedule,2.B.5.d,Management of Personnel Resources,skill,0.4477381408214569,2,False
esco_1124,develop project schedule,2.C.1.a,Administration and Management,knowledge,0.4451054334640503,3,False
esco_1125,perform media outlets research,2.C.9.b,Communications and Media,knowledge,0.5860713720321655,1,True
esco_1125,perform media outlets research,2.A.1.c,Writing,skill,0.4292573630809784,2,False
esco_1125,perform media outlets research,1.A.1.a.2,Written Comprehension,ability,0.4043426513671875,3,False
esco_1126,observe confidentiality,2.B.1.f,Service Orientation,skill,0.38440340757369995,1,False
esco_1126,observe confidentiality,2.C.5.b,Therapy and Counseling,knowledge,0.3338370621204376,2,False
esco_1126,observe confidentiality,2.B.1.e,Instructing,skill,0.32622069120407104,3,False
esco_1127,quality standards,2.B.3.m,Quality Control Analysis,skill,0.48475897312164307,1,True
esco_1127,quality standards,2.B.3.a,Operations Analysis,skill,0.390127569437027,2,False
esco_1127,quality standards,2.C.1.a,Administration and Management,knowledge,0.36666256189346313,3,False
esco_1128,fill out forms,2.B.3.e,Programming,skill,0.3575412333011627,1,False
esco_1128,fill out forms,2.C.3.a,Computers and Electronics,knowledge,0.35111337900161743,2,False
esco_1128,fill out forms,2.A.1.a,Reading Comprehension,skill,0.3434397578239441,3,False
esco_1129,evaluate entertainment programme,2.C.9.b,Communications and Media,knowledge,0.40508049726486206,1,False
esco_1129,evaluate entertainment programme,2.A.1.c,Writing,skill,0.37757277488708496,2,False
esco_1129,evaluate entertainment programme,2.A.1.d,Speaking,skill,0.35858064889907837,3,False
esco_1130,packaging objects,2.B.3.d,Installation,skill,0.38472455739974976,1,False
esco_1130,packaging objects,2.C.2.a,Production and Processing,knowledge,0.38462525606155396,2,False
esco_1130,packaging objects,2.B.3.c,Equipment Selection,skill,0.375890851020813,3,False
esco_1131,coordinate automotive repair and maintenance service,2.B.3.j,Equipment Maintenance,skill,0.5892239809036255,1,True
esco_1131,coordinate automotive repair and maintenance service,2.B.3.l,Repairing,skill,0.5408471822738647,2,True
esco_1131,coordinate automotive repair and maintenance service,2.B.3.h,Operation and Control,skill,0.4341871440410614,3,False
esco_1132,track key performance indicators,2.A.2.d,Monitoring,skill,0.45449256896972656,1,True
esco_1132,track key performance indicators,2.B.5.b,Management of Financial Resources,skill,0.38417455554008484,2,False
esco_1132,track key performance indicators,2.B.4.h,Systems Evaluation,skill,0.3816329836845398,3,False
esco_1133,prepare correspondence for customers,2.C.1.e,Customer and Personal Service,knowledge,0.5007327198982239,1,True
esco_1133,prepare correspondence for customers,2.B.5.d,Management of Personnel Resources,skill,0.47620028257369995,2,True
esco_1133,prepare correspondence for customers,2.C.1.a,Administration and Management,knowledge,0.45179158449172974,3,True
esco_1134,operating audio-visual equipment,2.B.3.j,Equipment Maintenance,skill,0.5450119972229004,1,True
esco_1134,operating audio-visual equipment,2.C.3.a,Computers and Electronics,knowledge,0.4937874972820282,2,True
esco_1134,operating audio-visual equipment,2.B.3.c,Equipment Selection,skill,0.48230212926864624,3,True
esco_1135,manage tests,2.A.2.c,Learning Strategies,skill,0.37673747539520264,1,False
esco_1135,manage tests,2.C.4.a,Mathematics,knowledge,0.34740203619003296,2,False
esco_1135,manage tests,2.A.2.b,Active Learning,skill,0.3285924792289734,3,False
esco_1136,create special effects,2.A.1.d,Speaking,skill,0.41199347376823425,1,False
esco_1136,create special effects,2.C.9.b,Communications and Media,knowledge,0.35589155554771423,2,False
esco_1136,create special effects,2.B.3.a,Operations Analysis,skill,0.34280985593795776,3,False
esco_1137,crisis intervention,2.C.5.b,Therapy and Counseling,knowledge,0.48443275690078735,1,True
esco_1137,crisis intervention,2.B.1.f,Service Orientation,skill,0.4055037200450897,2,False
esco_1137,crisis intervention,2.B.1.e,Instructing,skill,0.3104240298271179,3,False
esco_1138,operate drill press,2.B.3.c,Equipment Selection,skill,0.5570713877677917,1,True
esco_1138,operate drill press,2.B.3.j,Equipment Maintenance,skill,0.5204822421073914,2,True
esco_1138,operate drill press,2.B.3.l,Repairing,skill,0.4711006283760071,3,True
esco_1139,log transmitter readings,2.A.1.d,Speaking,skill,0.42117786407470703,1,False
esco_1139,log transmitter readings,2.B.1.a,Social Perceptiveness,skill,0.37570685148239136,2,False
esco_1139,log transmitter readings,2.C.4.e,Psychology,knowledge,0.36178892850875854,3,False
esco_1140,developing policies and legislation,2.C.8.b,Law and Government,knowledge,0.5468754768371582,1,True
esco_1140,developing policies and legislation,2.B.5.d,Management of Personnel Resources,skill,0.44716405868530273,2,False
esco_1140,developing policies and legislation,2.C.1.f,Personnel and Human Resources,knowledge,0.39711692929267883,3,False
esco_1141,manage dispatch software systems,2.B.3.k,Troubleshooting,skill,0.48354029655456543,1,True
esco_1141,manage dispatch software systems,2.B.3.h,Operation and Control,skill,0.44559621810913086,2,False
esco_1141,manage dispatch software systems,2.B.4.g,Systems Analysis,skill,0.4110405743122101,3,False
esco_1142,maintain hydraulic systems,2.B.3.j,Equipment Maintenance,skill,0.615378737449646,1,True
esco_1142,maintain hydraulic systems,2.B.3.g,Operations Monitoring,skill,0.4960160255432129,2,True
esco_1142,maintain hydraulic systems,2.B.3.l,Repairing,skill,0.4847221374511719,3,True
esco_1143,molecular biology,2.C.4.d,Biology,knowledge,0.33922794461250305,1,False
esco_1143,molecular biology,2.A.1.f,Science,skill,0.28320419788360596,2,False
esco_1143,molecular biology,2.C.4.c,Chemistry,knowledge,0.22446952760219574,3,False
esco_1144,therapy in health care,2.C.5.b,Therapy and Counseling,knowledge,0.6754425764083862,1,True
esco_1144,therapy in health care,2.C.4.e,Psychology,knowledge,0.43562451004981995,2,False
esco_1144,therapy in health care,2.B.1.f,Service Orientation,skill,0.4150737524032593,3,False
esco_1145,presenting research or technical information,2.A.1.d,Speaking,skill,0.4982259273529053,1,True
esco_1145,presenting research or technical information,2.A.1.c,Writing,skill,0.47812342643737793,2,True
esco_1145,presenting research or technical information,2.A.2.c,Learning Strategies,skill,0.4368515610694885,3,False
esco_1146,write storylines,2.A.1.c,Writing,skill,0.5595289468765259,1,True
esco_1146,write storylines,2.A.1.d,Speaking,skill,0.40183383226394653,2,False
esco_1146,write storylines,1.A.1.a.4,Written Expression,ability,0.36729779839515686,3,False
esco_1147,"conducting studies, investigations and examinations",2.C.4.e,Psychology,knowledge,0.5060726404190063,1,True
esco_1147,"conducting studies, investigations and examinations",2.A.2.a,Critical Thinking,skill,0.44262343645095825,2,False
esco_1147,"conducting studies, investigations and examinations",2.A.1.f,Science,skill,0.4334231913089752,3,False
esco_1148,ensure correct gas pressure,2.B.3.g,Operations Monitoring,skill,0.3793458640575409,1,False
esco_1148,ensure correct gas pressure,2.B.3.j,Equipment Maintenance,skill,0.3768646717071533,2,False
esco_1148,ensure correct gas pressure,2.C.2.a,Production and Processing,knowledge,0.30947163701057434,3,False
esco_1149,use digital illustration techniques,1.A.1.f.2,Visualization,ability,0.3553928732872009,1,False
esco_1149,use digital illustration techniques,2.B.3.e,Programming,skill,0.33476966619491577,2,False
esco_1149,use digital illustration techniques,2.C.3.a,Computers and Electronics,knowledge,0.3230990767478943,3,False
esco_1150,create flowchart diagram,2.B.3.a,Operations Analysis,skill,0.5162493586540222,1,True
esco_1150,create flowchart diagram,2.B.4.g,Systems Analysis,skill,0.37990570068359375,2,False
esco_1150,create flowchart diagram,2.B.2.i,Complex Problem Solving,skill,0.3437036871910095,3,False
esco_1151,web application security threats,2.B.3.e,Programming,skill,0.2804943919181824,1,False
esco_1151,web application security threats,2.C.8.a,Public Safety and Security,knowledge,0.2633475363254547,2,False
esco_1151,web application security threats,2.B.3.k,Troubleshooting,skill,0.2354455590248108,3,False
esco_1152,work on the effects of abuse,2.C.5.b,Therapy and Counseling,knowledge,0.42703187465667725,1,False
esco_1152,work on the effects of abuse,2.B.1.f,Service Orientation,skill,0.3618975877761841,2,False
esco_1152,work on the effects of abuse,2.C.5.a,Medicine and Dentistry,knowledge,0.36014583706855774,3,False
esco_1153,performing general clerical and administrative tasks,2.C.1.b,Administrative,knowledge,0.584829568862915,1,True
esco_1153,performing general clerical and administrative tasks,2.B.5.d,Management of Personnel Resources,skill,0.5515678524971008,2,True
esco_1153,performing general clerical and administrative tasks,2.C.1.f,Personnel and Human Resources,knowledge,0.49484896659851074,3,True
esco_1154,create data sets,2.B.3.e,Programming,skill,0.33698204159736633,1,False
esco_1154,create data sets,1.A.1.b.4,Deductive Reasoning,ability,0.3047868609428406,2,False
esco_1154,create data sets,2.C.3.a,Computers and Electronics,knowledge,0.30406737327575684,3,False
esco_1155,hoshin kanri strategic planning,2.B.2.i,Complex Problem Solving,skill,0.46654677391052246,1,True
esco_1155,hoshin kanri strategic planning,2.C.1.a,Administration and Management,knowledge,0.4444102942943573,2,False
esco_1155,hoshin kanri strategic planning,2.B.5.d,Management of Personnel Resources,skill,0.4403257369995117,3,False
esco_1156,maintain plan for continuity of operations,2.B.5.d,Management of Personnel Resources,skill,0.5387661457061768,1,True
esco_1156,maintain plan for continuity of operations,2.C.1.a,Administration and Management,knowledge,0.5100901126861572,2,True
esco_1156,maintain plan for continuity of operations,2.B.3.h,Operation and Control,skill,0.4786374568939209,3,True
esco_1157,generate reconciliation reports,2.B.1.d,Negotiation,skill,0.2982654273509979,1,False
esco_1157,generate reconciliation reports,1.A.1.e.1,Speed of Closure,ability,0.2979203164577484,2,False
esco_1157,generate reconciliation reports,2.B.2.i,Complex Problem Solving,skill,0.2974211871623993,3,False
esco_1158,manage health promotion activities,2.B.1.f,Service Orientation,skill,0.48292121291160583,1,True
esco_1158,manage health promotion activities,2.B.5.d,Management of Personnel Resources,skill,0.46833521127700806,2,True
esco_1158,manage health promotion activities,2.B.5.a,Time Management,skill,0.434673011302948,3,False
esco_1159,organise training,2.B.5.d,Management of Personnel Resources,skill,0.580470860004425,1,True
esco_1159,organise training,2.C.1.a,Administration and Management,knowledge,0.5172354578971863,2,True
esco_1159,organise training,2.C.6,Education and Training,knowledge,0.48117882013320923,3,True
esco_1160,clean equipment,2.B.3.j,Equipment Maintenance,skill,0.6001976728439331,1,True
esco_1160,clean equipment,2.B.3.c,Equipment Selection,skill,0.46518266201019287,2,True
esco_1160,clean equipment,2.B.3.l,Repairing,skill,0.41107144951820374,3,False
esco_1161,operate hydraulic jack lift,2.B.3.h,Operation and Control,skill,0.3575590252876282,1,False
esco_1161,operate hydraulic jack lift,2.C.3.e,Mechanical,knowledge,0.3393433094024658,2,False
esco_1161,operate hydraulic jack lift,2.B.3.c,Equipment Selection,skill,0.33865123987197876,3,False
esco_1162,manage resources,2.B.5.d,Management of Personnel Resources,skill,0.6403952836990356,1,True
esco_1162,manage resources,2.B.5.c,Management of Material Resources,skill,0.5747634768486023,2,True
esco_1162,manage resources,2.C.1.a,Administration and Management,knowledge,0.5323795676231384,3,True
esco_1163,use shaping machinery,2.B.3.c,Equipment Selection,skill,0.5582534074783325,1,True
esco_1163,use shaping machinery,2.B.3.j,Equipment Maintenance,skill,0.49001678824424744,2,True
esco_1163,use shaping machinery,2.B.3.l,Repairing,skill,0.4626738429069519,3,True
esco_1164,execute software tests,2.B.3.e,Programming,skill,0.41867077350616455,1,False
esco_1164,execute software tests,2.B.3.j,Equipment Maintenance,skill,0.3979552686214447,2,False
esco_1164,execute software tests,2.B.3.a,Operations Analysis,skill,0.37416979670524597,3,False
esco_1165,taking a proactive approach,2.B.1.f,Service Orientation,skill,0.454292893409729,1,True
esco_1165,taking a proactive approach,2.A.2.b,Active Learning,skill,0.41655412316322327,2,False
esco_1165,taking a proactive approach,2.B.4.e,Judgment and Decision Making,skill,0.37210527062416077,3,False
esco_1166,write work-related reports,2.A.1.d,Speaking,skill,0.47771358489990234,1,True
esco_1166,write work-related reports,2.B.5.d,Management of Personnel Resources,skill,0.4701008200645447,2,True
esco_1166,write work-related reports,2.A.1.c,Writing,skill,0.46515077352523804,3,True
esco_1167,monitor system performance,2.B.3.g,Operations Monitoring,skill,0.5544124841690063,1,True
esco_1167,monitor system performance,2.A.2.d,Monitoring,skill,0.533728301525116,2,True
esco_1167,monitor system performance,2.B.3.k,Troubleshooting,skill,0.4830472469329834,3,True
esco_1168,meet deadlines,2.B.5.a,Time Management,skill,0.6899490356445312,1,True
esco_1168,meet deadlines,2.B.5.d,Management of Personnel Resources,skill,0.4854182302951813,2,True
esco_1168,meet deadlines,2.B.5.b,Management of Financial Resources,skill,0.3952406346797943,3,False
esco_1169,working with others,2.B.5.d,Management of Personnel Resources,skill,0.49236780405044556,1,True
esco_1169,working with others,2.B.1.e,Instructing,skill,0.4830617308616638,2,True
esco_1169,working with others,2.A.1.d,Speaking,skill,0.4666953980922699,3,True
esco_1170,writing techniques,2.A.1.c,Writing,skill,0.5912730097770691,1,True
esco_1170,writing techniques,2.B.3.e,Programming,skill,0.5310983657836914,2,True
esco_1170,writing techniques,1.A.1.a.4,Written Expression,ability,0.4333929121494293,3,False
esco_1171,monitor equipment condition,2.B.3.g,Operations Monitoring,skill,0.6529017686843872,1,True
esco_1171,monitor equipment condition,2.B.3.j,Equipment Maintenance,skill,0.6088452935218811,2,True
esco_1171,monitor equipment condition,2.B.3.c,Equipment Selection,skill,0.4903378188610077,3,True
esco_1172,develop architectural plans,2.C.3.c,Design,knowledge,0.5322263240814209,1,True
esco_1172,develop architectural plans,2.B.3.a,Operations Analysis,skill,0.46196916699409485,2,True
esco_1172,develop architectural plans,2.C.3.d,Building and Construction,knowledge,0.4557134509086609,3,True
esco_1173,manage contracts,2.B.1.d,Negotiation,skill,0.4804987907409668,1,True
esco_1173,manage contracts,2.B.5.b,Management of Financial Resources,skill,0.4112497866153717,2,False
esco_1173,manage contracts,2.B.2.i,Complex Problem Solving,skill,0.3615831434726715,3,False
esco_1174,apply digital mapping,2.C.3.a,Computers and Electronics,knowledge,0.3979596793651581,1,False
esco_1174,apply digital mapping,2.B.3.e,Programming,skill,0.35339075326919556,2,False
esco_1174,apply digital mapping,2.A.1.e,Mathematics,skill,0.335661381483078,3,False
esco_1175,allocating and controlling resources,2.B.5.d,Management of Personnel Resources,skill,0.6129647493362427,1,True
esco_1175,allocating and controlling resources,2.B.5.b,Management of Financial Resources,skill,0.5706430673599243,2,True
esco_1175,allocating and controlling resources,2.B.5.c,Management of Material Resources,skill,0.5321969389915466,3,True
esco_1176,monitor workload,2.A.2.d,Monitoring,skill,0.480508416891098,1,True
esco_1176,monitor workload,2.B.3.g,Operations Monitoring,skill,0.4709315896034241,2,True
esco_1176,monitor workload,2.B.5.a,Time Management,skill,0.36414146423339844,3,False
esco_1177,administer appointments,2.B.5.d,Management of Personnel Resources,skill,0.5562460422515869,1,True
esco_1177,administer appointments,2.B.5.a,Time Management,skill,0.5342360138893127,2,True
esco_1177,administer appointments,2.C.1.b,Administrative,knowledge,0.5334309935569763,3,True
esco_1178,design lighting,2.B.3.a,Operations Analysis,skill,0.3264378309249878,1,False
esco_1178,design lighting,2.C.3.c,Design,knowledge,0.3180578649044037,2,False
esco_1178,design lighting,2.A.1.d,Speaking,skill,0.3123939633369446,3,False
esco_1179,review unpublished articles,1.A.1.a.2,Written Comprehension,ability,0.35752350091934204,1,False
esco_1179,review unpublished articles,2.A.2.b,Active Learning,skill,0.3134160041809082,2,False
esco_1179,review unpublished articles,1.A.1.a.4,Written Expression,ability,0.277799516916275,3,False
esco_1180,information categorisation,2.C.9.b,Communications and Media,knowledge,0.43431955575942993,1,False
esco_1180,information categorisation,2.C.4.f,Sociology and Anthropology,knowledge,0.42729419469833374,2,False
esco_1180,information categorisation,2.C.9.a,Telecommunications,knowledge,0.3360402584075928,3,False
esco_1181,web based collaborative platforms,2.A.1.d,Speaking,skill,0.344443678855896,1,False
esco_1181,web based collaborative platforms,2.B.3.e,Programming,skill,0.3242463171482086,2,False
esco_1181,web based collaborative platforms,2.B.2.i,Complex Problem Solving,skill,0.3185201585292816,3,False
esco_1182,forensic intelligence,2.A.1.f,Science,skill,0.3186759948730469,1,False
esco_1182,forensic intelligence,2.C.7.d,History and Archeology,knowledge,0.30049097537994385,2,False
esco_1182,forensic intelligence,2.C.5.a,Medicine and Dentistry,knowledge,0.29862838983535767,3,False
esco_1183,manage processes,2.B.5.d,Management of Personnel Resources,skill,0.5707628726959229,1,True
esco_1183,manage processes,2.C.1.a,Administration and Management,knowledge,0.5091433525085449,2,True
esco_1183,manage processes,2.C.1.f,Personnel and Human Resources,knowledge,0.46010056138038635,3,True
esco_1184,write technical reports,2.A.1.c,Writing,skill,0.4730759263038635,1,True
esco_1184,write technical reports,2.B.3.e,Programming,skill,0.42914652824401855,2,False
esco_1184,write technical reports,2.A.1.d,Speaking,skill,0.427834153175354,3,False
esco_1185,support social service users to live at home,2.B.1.f,Service Orientation,skill,0.5040706396102905,1,True
esco_1185,support social service users to live at home,2.A.1.d,Speaking,skill,0.31889644265174866,2,False
esco_1185,support social service users to live at home,2.B.5.a,Time Management,skill,0.3010060787200928,3,False
esco_1186,inspect industrial equipment,2.B.3.j,Equipment Maintenance,skill,0.6032924056053162,1,True
esco_1186,inspect industrial equipment,2.B.3.c,Equipment Selection,skill,0.5818176865577698,2,True
esco_1186,inspect industrial equipment,2.B.3.g,Operations Monitoring,skill,0.5413459539413452,3,True
esco_1187,strategic planning,2.C.1.a,Administration and Management,knowledge,0.547705888748169,1,True
esco_1187,strategic planning,2.B.5.b,Management of Financial Resources,skill,0.4593811631202698,2,True
esco_1187,strategic planning,2.B.3.a,Operations Analysis,skill,0.44058704376220703,3,False
esco_1188,reproductive health,2.C.4.f,Sociology and Anthropology,knowledge,0.23865652084350586,1,False
esco_1188,reproductive health,2.B.1.f,Service Orientation,skill,0.19853512942790985,2,False
esco_1188,reproductive health,2.C.5.b,Therapy and Counseling,knowledge,0.19089078903198242,3,False
esco_1189,collaborate with engineers,2.C.3.b,Engineering and Technology,knowledge,0.47388288378715515,1,True
esco_1189,collaborate with engineers,2.B.3.a,Operations Analysis,skill,0.4246293306350708,2,False
esco_1189,collaborate with engineers,2.C.3.c,Design,knowledge,0.42325133085250854,3,False
esco_1190,interrogate individuals,2.A.1.d,Speaking,skill,0.5240029096603394,1,True
esco_1190,interrogate individuals,1.A.1.a.1,Oral Comprehension,ability,0.43691298365592957,2,False
esco_1190,interrogate individuals,1.A.4.b.4,Speech Recognition,ability,0.43372058868408203,3,False
esco_1191,ICT project management,2.B.5.b,Management of Financial Resources,skill,0.47132205963134766,1,True
esco_1191,ICT project management,2.B.5.c,Management of Material Resources,skill,0.39585694670677185,2,False
esco_1191,ICT project management,2.B.2.i,Complex Problem Solving,skill,0.39331668615341187,3,False
esco_1192,domestic heating systems,2.B.3.d,Installation,skill,0.2967592179775238,1,False
esco_1192,domestic heating systems,2.B.3.j,Equipment Maintenance,skill,0.2517779767513275,2,False
esco_1192,domestic heating systems,2.B.3.b,Technology Design,skill,0.24534901976585388,3,False
esco_1193,implement strategic management,2.C.1.a,Administration and Management,knowledge,0.5333858728408813,1,True
esco_1193,implement strategic management,2.B.5.d,Management of Personnel Resources,skill,0.44070082902908325,2,False
esco_1193,implement strategic management,2.B.3.a,Operations Analysis,skill,0.4091870188713074,3,False
esco_1194,manage logistics,2.B.5.d,Management of Personnel Resources,skill,0.508134126663208,1,True
esco_1194,manage logistics,2.C.1.a,Administration and Management,knowledge,0.4947589635848999,2,True
esco_1194,manage logistics,2.B.5.c,Management of Material Resources,skill,0.4643569588661194,3,True
esco_1195,advise on provision of social services,2.B.1.f,Service Orientation,skill,0.5005366802215576,1,True
esco_1195,advise on provision of social services,2.B.5.d,Management of Personnel Resources,skill,0.3929571509361267,2,False
esco_1195,advise on provision of social services,2.A.1.d,Speaking,skill,0.3832627534866333,3,False
esco_1196,public health,2.C.4.f,Sociology and Anthropology,knowledge,0.3571557402610779,1,False
esco_1196,public health,2.B.1.f,Service Orientation,skill,0.337102472782135,2,False
esco_1196,public health,2.C.5.a,Medicine and Dentistry,knowledge,0.32937055826187134,3,False
esco_1197,supervise crew,2.B.5.d,Management of Personnel Resources,skill,0.5678409934043884,1,True
esco_1197,supervise crew,2.C.1.f,Personnel and Human Resources,knowledge,0.5055551528930664,2,True
esco_1197,supervise crew,2.B.1.e,Instructing,skill,0.4689597189426422,3,True
esco_1198,assess risks and implications of a design,2.B.3.a,Operations Analysis,skill,0.515700101852417,1,True
esco_1198,assess risks and implications of a design,2.B.2.i,Complex Problem Solving,skill,0.5106544494628906,2,True
esco_1198,assess risks and implications of a design,2.C.3.c,Design,knowledge,0.4660327434539795,3,True
esco_1199,identify process improvements,2.B.5.d,Management of Personnel Resources,skill,0.5328289270401001,1,True
esco_1199,identify process improvements,2.A.2.d,Monitoring,skill,0.43528181314468384,2,False
esco_1199,identify process improvements,2.C.2.a,Production and Processing,knowledge,0.4231438636779785,3,False
esco_1200,speech techniques,2.A.1.d,Speaking,skill,0.5409562587738037,1,True
esco_1200,speech techniques,1.A.4.b.4,Speech Recognition,ability,0.5197914242744446,2,True
esco_1200,speech techniques,1.A.4.b.5,Speech Clarity,ability,0.44024747610092163,3,False
esco_1201,verify qualifications of water transport crew,2.C.1.f,Personnel and Human Resources,knowledge,0.4376528859138489,1,False
esco_1201,verify qualifications of water transport crew,2.B.5.d,Management of Personnel Resources,skill,0.3804893493652344,2,False
esco_1201,verify qualifications of water transport crew,2.C.6,Education and Training,knowledge,0.3522249758243561,3,False
esco_1202,"documenting technical designs, procedures, problems or activities",2.C.3.c,Design,knowledge,0.5154470205307007,1,True
esco_1202,"documenting technical designs, procedures, problems or activities",2.B.3.e,Programming,skill,0.44821247458457947,2,False
esco_1202,"documenting technical designs, procedures, problems or activities",2.B.3.b,Technology Design,skill,0.4395090937614441,3,False
esco_1203,environmental management standards,2.B.3.j,Equipment Maintenance,skill,0.41049113869667053,1,False
esco_1203,environmental management standards,2.B.5.c,Management of Material Resources,skill,0.40310022234916687,2,False
esco_1203,environmental management standards,2.B.3.c,Equipment Selection,skill,0.36132317781448364,3,False
esco_1204,electronics,2.C.3.a,Computers and Electronics,knowledge,0.5301171541213989,1,True
esco_1204,electronics,2.B.3.d,Installation,skill,0.3617074191570282,2,False
esco_1204,electronics,2.B.3.j,Equipment Maintenance,skill,0.3546791076660156,3,False
esco_1205,usability engineering,2.B.3.b,Technology Design,skill,0.4796631336212158,1,True
esco_1205,usability engineering,2.B.3.a,Operations Analysis,skill,0.47110944986343384,2,True
esco_1205,usability engineering,2.B.2.i,Complex Problem Solving,skill,0.4343265891075134,3,False
esco_1206,analyse road traffic patterns,2.C.10,Transportation,knowledge,0.3206377625465393,1,False
esco_1206,analyse road traffic patterns,1.A.1.b.4,Deductive Reasoning,ability,0.28762954473495483,2,False
esco_1206,analyse road traffic patterns,1.A.1.e.1,Speed of Closure,ability,0.2865673005580902,3,False
esco_1207,supervise staff,2.B.5.d,Management of Personnel Resources,skill,0.663713276386261,1,True
esco_1207,supervise staff,2.C.1.a,Administration and Management,knowledge,0.5525270700454712,2,True
esco_1207,supervise staff,2.C.1.b,Administrative,knowledge,0.525200605392456,3,True
esco_1208,apply risk management processes,2.B.2.i,Complex Problem Solving,skill,0.45097705721855164,1,True
esco_1208,apply risk management processes,2.B.5.d,Management of Personnel Resources,skill,0.4449487328529358,2,False
esco_1208,apply risk management processes,2.C.1.f,Personnel and Human Resources,knowledge,0.4357343912124634,3,False
esco_1209,resolve conflicts,2.B.1.d,Negotiation,skill,0.6331236958503723,1,True
esco_1209,resolve conflicts,2.B.5.d,Management of Personnel Resources,skill,0.4080143868923187,2,False
esco_1209,resolve conflicts,2.A.2.a,Critical Thinking,skill,0.404298335313797,3,False
esco_1210,Rapid application development,2.B.3.e,Programming,skill,0.45582377910614014,1,True
esco_1210,Rapid application development,2.B.3.b,Technology Design,skill,0.4185960292816162,2,False
esco_1210,Rapid application development,2.C.3.a,Computers and Electronics,knowledge,0.41089385747909546,3,False
esco_1211,analyse the context of an organisation,2.B.4.g,Systems Analysis,skill,0.43500831723213196,1,False
esco_1211,analyse the context of an organisation,2.C.1.a,Administration and Management,knowledge,0.42608222365379333,2,False
esco_1211,analyse the context of an organisation,2.B.3.a,Operations Analysis,skill,0.42261597514152527,3,False
esco_1212,manage car park operations,2.C.1.a,Administration and Management,knowledge,0.49083638191223145,1,True
esco_1212,manage car park operations,2.B.5.d,Management of Personnel Resources,skill,0.48345914483070374,2,True
esco_1212,manage car park operations,2.B.3.j,Equipment Maintenance,skill,0.39155787229537964,3,False
esco_1213,design piers,2.C.3.c,Design,knowledge,0.4387299716472626,1,False
esco_1213,design piers,2.B.3.a,Operations Analysis,skill,0.3781752586364746,2,False
esco_1213,design piers,2.C.3.d,Building and Construction,knowledge,0.3622777462005615,3,False
esco_1214,manage software releases,2.B.5.d,Management of Personnel Resources,skill,0.4175483286380768,1,False
esco_1214,manage software releases,2.C.1.a,Administration and Management,knowledge,0.3714786469936371,2,False
esco_1214,manage software releases,2.C.1.b,Administrative,knowledge,0.35118576884269714,3,False
esco_1215,demonstrate motivation for sales,2.C.1.d,Sales and Marketing,knowledge,0.5637496709823608,1,True
esco_1215,demonstrate motivation for sales,2.B.5.d,Management of Personnel Resources,skill,0.49323001503944397,2,True
esco_1215,demonstrate motivation for sales,2.B.1.f,Service Orientation,skill,0.44883015751838684,3,False
esco_1216,employment law,2.C.1.f,Personnel and Human Resources,knowledge,0.4952316880226135,1,True
esco_1216,employment law,2.B.5.d,Management of Personnel Resources,skill,0.40459635853767395,2,False
esco_1216,employment law,2.C.8.b,Law and Government,knowledge,0.36649638414382935,3,False
esco_1217,data analytics,2.B.3.a,Operations Analysis,skill,0.3918146789073944,1,False
esco_1217,data analytics,2.B.4.g,Systems Analysis,skill,0.3799729347229004,2,False
esco_1217,data analytics,2.B.3.e,Programming,skill,0.370335191488266,3,False
esco_1218,implement safety management systems,2.C.8.a,Public Safety and Security,knowledge,0.49870550632476807,1,True
esco_1218,implement safety management systems,2.B.3.j,Equipment Maintenance,skill,0.430484414100647,2,False
esco_1218,implement safety management systems,2.B.3.h,Operation and Control,skill,0.3964267373085022,3,False
esco_1219,operate GPS systems,2.C.3.a,Computers and Electronics,knowledge,0.36733877658843994,1,False
esco_1219,operate GPS systems,2.B.3.g,Operations Monitoring,skill,0.3350301682949066,2,False
esco_1219,operate GPS systems,2.B.3.e,Programming,skill,0.33234289288520813,3,False
esco_1220,examine the conditions of buildings,2.C.3.d,Building and Construction,knowledge,0.5156673789024353,1,True
esco_1220,examine the conditions of buildings,2.B.3.j,Equipment Maintenance,skill,0.4299524128437042,2,False
esco_1220,examine the conditions of buildings,2.B.5.c,Management of Material Resources,skill,0.38846075534820557,3,False
esco_1221,create designs for pipeline engineering,2.B.3.a,Operations Analysis,skill,0.5287017226219177,1,True
esco_1221,create designs for pipeline engineering,2.C.3.c,Design,knowledge,0.476111501455307,2,True
esco_1221,create designs for pipeline engineering,2.B.3.b,Technology Design,skill,0.39952701330184937,3,False
esco_1222,business process modelling,2.B.3.a,Operations Analysis,skill,0.5283557772636414,1,True
esco_1222,business process modelling,2.B.4.g,Systems Analysis,skill,0.4666580855846405,2,True
esco_1222,business process modelling,2.C.1.a,Administration and Management,knowledge,0.4201046824455261,3,False
esco_1223,use customer relationship management software,2.C.1.e,Customer and Personal Service,knowledge,0.3684070110321045,1,False
esco_1223,use customer relationship management software,2.B.3.a,Operations Analysis,skill,0.33927345275878906,2,False
esco_1223,use customer relationship management software,2.B.3.k,Troubleshooting,skill,0.3134782910346985,3,False
esco_1224,promote the transfer of knowledge,2.B.5.d,Management of Personnel Resources,skill,0.4843977093696594,1,True
esco_1224,promote the transfer of knowledge,2.A.1.d,Speaking,skill,0.47049957513809204,2,True
esco_1224,promote the transfer of knowledge,2.C.6,Education and Training,knowledge,0.4472125172615051,3,False
esco_1225,apply safety management,2.C.8.a,Public Safety and Security,knowledge,0.4740091562271118,1,True
esco_1225,apply safety management,2.B.3.j,Equipment Maintenance,skill,0.4223075807094574,2,False
esco_1225,apply safety management,2.B.3.h,Operation and Control,skill,0.3619338870048523,3,False
esco_1226,business analytics,2.B.3.a,Operations Analysis,skill,0.4475257992744446,1,False
esco_1226,business analytics,2.B.4.g,Systems Analysis,skill,0.42345109581947327,2,False
esco_1226,business analytics,2.C.1.c,Economics and Accounting,knowledge,0.41126877069473267,3,False
esco_1227,develop occupational classification systems,2.C.1.f,Personnel and Human Resources,knowledge,0.4454609751701355,1,False
esco_1227,develop occupational classification systems,2.B.5.d,Management of Personnel Resources,skill,0.4432019889354706,2,False
esco_1227,develop occupational classification systems,2.C.1.b,Administrative,knowledge,0.439850389957428,3,False
esco_1228,analyse transport studies,2.C.10,Transportation,knowledge,0.5615038275718689,1,True
esco_1228,analyse transport studies,2.C.9.a,Telecommunications,knowledge,0.38127779960632324,2,False
esco_1228,analyse transport studies,2.C.3.b,Engineering and Technology,knowledge,0.3537660241127014,3,False
esco_1229,financial analysis,2.C.1.c,Economics and Accounting,knowledge,0.5283536911010742,1,True
esco_1229,financial analysis,2.B.5.b,Management of Financial Resources,skill,0.5026810169219971,2,True
esco_1229,financial analysis,2.C.1.a,Administration and Management,knowledge,0.3595230281352997,3,False
esco_1230,contribute to the safeguarding of children,2.A.1.d,Speaking,skill,0.3942282199859619,1,False
esco_1230,contribute to the safeguarding of children,2.B.1.e,Instructing,skill,0.3652998208999634,2,False
esco_1230,contribute to the safeguarding of children,2.A.1.c,Writing,skill,0.3530471622943878,3,False
esco_1231,healthcare data systems,2.C.5.a,Medicine and Dentistry,knowledge,0.31815218925476074,1,False
esco_1231,healthcare data systems,2.B.4.g,Systems Analysis,skill,0.29701417684555054,2,False
esco_1231,healthcare data systems,2.C.1.f,Personnel and Human Resources,knowledge,0.2695927619934082,3,False
esco_1232,computer equipment,2.C.3.a,Computers and Electronics,knowledge,0.49805694818496704,1,True
esco_1232,computer equipment,2.B.3.j,Equipment Maintenance,skill,0.4744264483451843,2,True
esco_1232,computer equipment,2.B.3.c,Equipment Selection,skill,0.4343636631965637,3,False
esco_1233,specialist nursing care,2.C.5.b,Therapy and Counseling,knowledge,0.33869802951812744,1,False
esco_1233,specialist nursing care,2.B.1.f,Service Orientation,skill,0.31226223707199097,2,False
esco_1233,specialist nursing care,2.C.5.a,Medicine and Dentistry,knowledge,0.29929012060165405,3,False
esco_1234,engage with stakeholders,2.B.1.d,Negotiation,skill,0.44325917959213257,1,False
esco_1234,engage with stakeholders,2.A.1.c,Writing,skill,0.41263526678085327,2,False
esco_1234,engage with stakeholders,2.B.3.a,Operations Analysis,skill,0.4054376184940338,3,False
esco_1235,health education,2.C.6,Education and Training,knowledge,0.551331639289856,1,True
esco_1235,health education,2.C.5.a,Medicine and Dentistry,knowledge,0.43071287870407104,2,False
esco_1235,health education,2.C.4.e,Psychology,knowledge,0.42745858430862427,3,False
esco_1236,liaise with quality assurance,2.B.3.m,Quality Control Analysis,skill,0.5372300744056702,1,True
esco_1236,liaise with quality assurance,2.B.3.a,Operations Analysis,skill,0.4211982488632202,2,False
esco_1236,liaise with quality assurance,2.B.2.i,Complex Problem Solving,skill,0.40714961290359497,3,False
esco_1237,prepare scientific reports,2.A.1.f,Science,skill,0.479440838098526,1,True
esco_1237,prepare scientific reports,2.A.1.c,Writing,skill,0.43576425313949585,2,False
esco_1237,prepare scientific reports,2.A.1.d,Speaking,skill,0.3922762870788574,3,False
esco_1238,information governance compliance,2.C.8.b,Law and Government,knowledge,0.3228834867477417,1,False
esco_1238,information governance compliance,2.A.2.d,Monitoring,skill,0.2912184000015259,2,False
esco_1238,information governance compliance,2.C.1.c,Economics and Accounting,knowledge,0.27833062410354614,3,False
esco_1239,professional documentation in health care,2.C.5.a,Medicine and Dentistry,knowledge,0.4575934410095215,1,True
esco_1239,professional documentation in health care,2.C.1.f,Personnel and Human Resources,knowledge,0.42105287313461304,2,False
esco_1239,professional documentation in health care,2.C.5.b,Therapy and Counseling,knowledge,0.37938275933265686,3,False
esco_1240,support service users to use technological aids,2.B.1.f,Service Orientation,skill,0.47684937715530396,1,True
esco_1240,support service users to use technological aids,2.B.3.j,Equipment Maintenance,skill,0.4283030331134796,2,False
esco_1240,support service users to use technological aids,2.B.3.l,Repairing,skill,0.4246674180030823,3,False
esco_1241,maintain water distribution equipment,2.B.3.j,Equipment Maintenance,skill,0.5772789716720581,1,True
esco_1241,maintain water distribution equipment,2.B.5.c,Management of Material Resources,skill,0.4167395830154419,2,False
esco_1241,maintain water distribution equipment,2.B.3.d,Installation,skill,0.4072369933128357,3,False
esco_1242,process qualitative information,2.B.2.i,Complex Problem Solving,skill,0.4675557315349579,1,True
esco_1242,process qualitative information,2.A.1.d,Speaking,skill,0.46269917488098145,2,True
esco_1242,process qualitative information,2.C.2.a,Production and Processing,knowledge,0.4610946476459503,3,True
esco_1243,lay out digital written content,2.A.1.c,Writing,skill,0.5623704195022583,1,True
esco_1243,lay out digital written content,1.A.1.a.2,Written Comprehension,ability,0.4993588328361511,2,True
esco_1243,lay out digital written content,1.A.1.a.4,Written Expression,ability,0.4923703074455261,3,True
esco_1244,health care system,2.B.1.f,Service Orientation,skill,0.43565070629119873,1,False
esco_1244,health care system,2.C.5.a,Medicine and Dentistry,knowledge,0.39919814467430115,2,False
esco_1244,health care system,2.C.1.e,Customer and Personal Service,knowledge,0.3666474521160126,3,False
esco_1245,procurement legislation,2.B.5.b,Management of Financial Resources,skill,0.4266352951526642,1,False
esco_1245,procurement legislation,2.C.8.b,Law and Government,knowledge,0.3734874129295349,2,False
esco_1245,procurement legislation,2.B.3.d,Installation,skill,0.35660845041275024,3,False
esco_1246,develop scientific research protocols,2.A.1.f,Science,skill,0.5544297099113464,1,True
esco_1246,develop scientific research protocols,2.A.2.c,Learning Strategies,skill,0.46369025111198425,2,True
esco_1246,develop scientific research protocols,2.B.2.i,Complex Problem Solving,skill,0.448864221572876,3,False
esco_1247,meet the requirements of social security reimbursement bodies,2.B.1.f,Service Orientation,skill,0.36766743659973145,1,False
esco_1247,meet the requirements of social security reimbursement bodies,2.C.5.b,Therapy and Counseling,knowledge,0.3546558916568756,2,False
esco_1247,meet the requirements of social security reimbursement bodies,2.B.5.b,Management of Financial Resources,skill,0.26111337542533875,3,False
esco_1248,JavaScript Framework,2.B.3.e,Programming,skill,0.4115094542503357,1,False
esco_1248,JavaScript Framework,2.A.1.e,Mathematics,skill,0.30137741565704346,2,False
esco_1248,JavaScript Framework,2.C.3.a,Computers and Electronics,knowledge,0.2968469560146332,3,False
esco_1249,advise on legal decisions,2.C.8.b,Law and Government,knowledge,0.5211262702941895,1,True
esco_1249,advise on legal decisions,2.B.1.d,Negotiation,skill,0.4729931950569153,2,True
esco_1249,advise on legal decisions,2.B.4.e,Judgment and Decision Making,skill,0.44093966484069824,3,False
esco_1250,follow reporting procedures,2.A.1.d,Speaking,skill,0.4754542112350464,1,True
esco_1250,follow reporting procedures,2.C.5.b,Therapy and Counseling,knowledge,0.4559284448623657,2,True
esco_1250,follow reporting procedures,2.C.4.e,Psychology,knowledge,0.4397311508655548,3,False
esco_1251,conduct participatory research,2.A.2.b,Active Learning,skill,0.42205625772476196,1,False
esco_1251,conduct participatory research,2.A.1.c,Writing,skill,0.40001997351646423,2,False
esco_1251,conduct participatory research,2.A.1.d,Speaking,skill,0.39050525426864624,3,False
esco_1252,entering and transforming information,2.B.3.e,Programming,skill,0.3907541036605835,1,False
esco_1252,entering and transforming information,2.A.1.a,Reading Comprehension,skill,0.388766348361969,2,False
esco_1252,entering and transforming information,2.B.5.d,Management of Personnel Resources,skill,0.3866384029388428,3,False
esco_1253,demonstrate willingness to learn,2.B.1.e,Instructing,skill,0.483784019947052,1,True
esco_1253,demonstrate willingness to learn,2.A.2.c,Learning Strategies,skill,0.4803777039051056,2,True
esco_1253,demonstrate willingness to learn,1.A.1.a.3,Oral Expression,ability,0.41105926036834717,3,False
esco_1254,mechanical engineering,2.C.3.e,Mechanical,knowledge,0.58894282579422,1,True
esco_1254,mechanical engineering,2.C.3.b,Engineering and Technology,knowledge,0.48692211508750916,2,True
esco_1254,mechanical engineering,2.C.3.d,Building and Construction,knowledge,0.47629737854003906,3,True
esco_1255,manage backlogs,2.B.5.d,Management of Personnel Resources,skill,0.4516730308532715,1,True
esco_1255,manage backlogs,2.C.1.a,Administration and Management,knowledge,0.4166531562805176,2,False
esco_1255,manage backlogs,2.B.5.a,Time Management,skill,0.413115918636322,3,False
esco_1256,"use equipment, tools or technology with precision",2.B.3.c,Equipment Selection,skill,0.5861164331436157,1,True
esco_1256,"use equipment, tools or technology with precision",2.B.3.j,Equipment Maintenance,skill,0.5044790506362915,2,True
esco_1256,"use equipment, tools or technology with precision",2.C.3.e,Mechanical,knowledge,0.5035191178321838,3,True
esco_1257,mediating and resolving disputes,2.B.1.d,Negotiation,skill,0.7197096943855286,1,True
esco_1257,mediating and resolving disputes,2.B.1.c,Persuasion,skill,0.43950188159942627,2,False
esco_1257,mediating and resolving disputes,2.A.1.d,Speaking,skill,0.4157891273498535,3,False
esco_1258,primary care,2.C.5.a,Medicine and Dentistry,knowledge,0.371160089969635,1,False
esco_1258,primary care,2.B.1.f,Service Orientation,skill,0.36160874366760254,2,False
esco_1258,primary care,2.C.5.b,Therapy and Counseling,knowledge,0.34628695249557495,3,False
esco_1259,maintain power plants,2.B.3.j,Equipment Maintenance,skill,0.6639336347579956,1,True
esco_1259,maintain power plants,2.B.3.g,Operations Monitoring,skill,0.5281376838684082,2,True
esco_1259,maintain power plants,2.B.3.l,Repairing,skill,0.5100079774856567,3,True
esco_1260,edit digital moving images,2.C.9.b,Communications and Media,knowledge,0.37388938665390015,1,False
esco_1260,edit digital moving images,1.A.1.f.2,Visualization,ability,0.37174487113952637,2,False
esco_1260,edit digital moving images,2.A.1.d,Speaking,skill,0.36138325929641724,3,False
esco_1261,ICT software specifications,2.B.3.e,Programming,skill,0.5057716965675354,1,True
esco_1261,ICT software specifications,2.B.3.d,Installation,skill,0.4572499990463257,2,True
esco_1261,ICT software specifications,2.B.3.b,Technology Design,skill,0.44753870368003845,3,False
esco_1262,query languages,2.B.3.e,Programming,skill,0.4471345841884613,1,False
esco_1262,query languages,2.C.3.a,Computers and Electronics,knowledge,0.4063096344470978,2,False
esco_1262,query languages,2.C.9.a,Telecommunications,knowledge,0.3869784474372864,3,False
esco_1263,"data extraction, transformation and loading tools",2.C.3.a,Computers and Electronics,knowledge,0.30975598096847534,1,False
esco_1263,"data extraction, transformation and loading tools",2.B.3.a,Operations Analysis,skill,0.30811119079589844,2,False
esco_1263,"data extraction, transformation and loading tools",2.B.3.c,Equipment Selection,skill,0.2967787981033325,3,False
esco_1264,conduct ICT code review,2.B.3.e,Programming,skill,0.4343169331550598,1,False
esco_1264,conduct ICT code review,2.C.3.a,Computers and Electronics,knowledge,0.41842079162597656,2,False
esco_1264,conduct ICT code review,2.B.3.j,Equipment Maintenance,skill,0.3537581264972687,3,False
esco_1265,tools for software configuration management,2.B.3.d,Installation,skill,0.42718568444252014,1,False
esco_1265,tools for software configuration management,2.B.3.j,Equipment Maintenance,skill,0.33523452281951904,2,False
esco_1265,tools for software configuration management,2.B.3.k,Troubleshooting,skill,0.3322151005268097,3,False
esco_1266,develop reporting software,2.B.3.e,Programming,skill,0.554462730884552,1,True
esco_1266,develop reporting software,2.B.3.k,Troubleshooting,skill,0.36597105860710144,2,False
esco_1266,develop reporting software,2.B.3.a,Operations Analysis,skill,0.3472083806991577,3,False
esco_1267,liaise with colleagues,2.A.1.d,Speaking,skill,0.5527280569076538,1,True
esco_1267,liaise with colleagues,2.B.5.d,Management of Personnel Resources,skill,0.45653778314590454,2,True
esco_1267,liaise with colleagues,2.B.1.b,Coordination,skill,0.41880548000335693,3,False
esco_1268,manage payroll,2.B.5.d,Management of Personnel Resources,skill,0.5582705140113831,1,True
esco_1268,manage payroll,2.B.5.b,Management of Financial Resources,skill,0.5145821571350098,2,True
esco_1268,manage payroll,2.C.1.f,Personnel and Human Resources,knowledge,0.46793121099472046,3,True
esco_1269,introduce new employees,2.B.5.d,Management of Personnel Resources,skill,0.6080979108810425,1,True
esco_1269,introduce new employees,2.C.1.f,Personnel and Human Resources,knowledge,0.4804075360298157,2,True
esco_1269,introduce new employees,2.C.6,Education and Training,knowledge,0.41194960474967957,3,False
esco_1270,solve ICT system problems,2.B.2.i,Complex Problem Solving,skill,0.5152420997619629,1,True
esco_1270,solve ICT system problems,2.A.1.e,Mathematics,skill,0.4338259994983673,2,False
esco_1270,solve ICT system problems,2.C.9.a,Telecommunications,knowledge,0.4170430600643158,3,False
esco_1271,evaluate forensic data,1.A.1.b.4,Deductive Reasoning,ability,0.3776986002922058,1,False
esco_1271,evaluate forensic data,2.C.5.a,Medicine and Dentistry,knowledge,0.36367112398147583,2,False
esco_1271,evaluate forensic data,1.A.1.e.1,Speed of Closure,ability,0.352647989988327,3,False
esco_1272,business processes,2.B.3.a,Operations Analysis,skill,0.4797822833061218,1,True
esco_1272,business processes,2.B.5.b,Management of Financial Resources,skill,0.4588879346847534,2,True
esco_1272,business processes,2.C.1.a,Administration and Management,knowledge,0.44877249002456665,3,False
esco_1273,perform procurement processes,2.B.3.a,Operations Analysis,skill,0.5457726120948792,1,True
esco_1273,perform procurement processes,2.B.5.b,Management of Financial Resources,skill,0.4719746708869934,2,True
esco_1273,perform procurement processes,2.C.2.a,Production and Processing,knowledge,0.43885400891304016,3,False
esco_1274,database development tools,2.B.3.e,Programming,skill,0.330681174993515,1,False
esco_1274,database development tools,2.B.3.a,Operations Analysis,skill,0.30163711309432983,2,False
esco_1274,database development tools,2.B.3.b,Technology Design,skill,0.2773904800415039,3,False
esco_1275,monitor assessment,2.B.5.d,Management of Personnel Resources,skill,0.5519415736198425,1,True
esco_1275,monitor assessment,2.A.2.d,Monitoring,skill,0.5272154808044434,2,True
esco_1275,monitor assessment,2.C.1.a,Administration and Management,knowledge,0.5036119222640991,3,True
esco_1276,ensure fulfilment of legal requirements,2.C.8.b,Law and Government,knowledge,0.40153828263282776,1,False
esco_1276,ensure fulfilment of legal requirements,2.C.5.b,Therapy and Counseling,knowledge,0.334228515625,2,False
esco_1276,ensure fulfilment of legal requirements,2.C.5.a,Medicine and Dentistry,knowledge,0.3328559398651123,3,False
esco_1277,epidemiology,2.C.4.f,Sociology and Anthropology,knowledge,0.37130358815193176,1,False
esco_1277,epidemiology,2.C.5.a,Medicine and Dentistry,knowledge,0.34278497099876404,2,False
esco_1277,epidemiology,2.C.4.e,Psychology,knowledge,0.2984734773635864,3,False
esco_1278,manage data,1.A.1.b.7,Category Flexibility,ability,0.3707124590873718,1,False
esco_1278,manage data,2.B.5.d,Management of Personnel Resources,skill,0.3463054597377777,2,False
esco_1278,manage data,2.C.1.b,Administrative,knowledge,0.3317432999610901,3,False
esco_1279,manage key performance indicators of call centres,2.B.5.d,Management of Personnel Resources,skill,0.5176748037338257,1,True
esco_1279,manage key performance indicators of call centres,2.C.1.a,Administration and Management,knowledge,0.5015224814414978,2,True
esco_1279,manage key performance indicators of call centres,2.C.1.e,Customer and Personal Service,knowledge,0.4390549659729004,3,False
esco_1280,assertiveness,2.C.4.e,Psychology,knowledge,0.4072193503379822,1,False
esco_1280,assertiveness,2.C.5.b,Therapy and Counseling,knowledge,0.37099403142929077,2,False
esco_1280,assertiveness,2.C.4.a,Mathematics,knowledge,0.370776504278183,3,False
esco_1281,use accounting systems,2.C.1.a,Administration and Management,knowledge,0.4922829866409302,1,True
esco_1281,use accounting systems,2.C.1.c,Economics and Accounting,knowledge,0.48495206236839294,2,True
esco_1281,use accounting systems,2.B.5.d,Management of Personnel Resources,skill,0.4841825067996979,3,True
esco_1282,provide high quality customer service,2.C.1.e,Customer and Personal Service,knowledge,0.5979322195053101,1,True
esco_1282,provide high quality customer service,2.B.1.f,Service Orientation,skill,0.5134656429290771,2,True
esco_1282,provide high quality customer service,2.B.5.d,Management of Personnel Resources,skill,0.45665740966796875,3,True
esco_1283,freight transport methods,2.C.10,Transportation,knowledge,0.4977215528488159,1,True
esco_1283,freight transport methods,2.C.2.a,Production and Processing,knowledge,0.3424319624900818,2,False
esco_1283,freight transport methods,2.B.3.j,Equipment Maintenance,skill,0.3202221393585205,3,False
esco_1284,listen actively,2.A.1.b,Active Listening,skill,0.5799175500869751,1,True
esco_1284,listen actively,2.A.1.d,Speaking,skill,0.5705797076225281,2,True
esco_1284,listen actively,2.A.1.c,Writing,skill,0.42641445994377136,3,False
esco_1285,communicating with colleagues and clients,2.A.1.d,Speaking,skill,0.6572780609130859,1,True
esco_1285,communicating with colleagues and clients,2.A.1.c,Writing,skill,0.4970647096633911,2,True
esco_1285,communicating with colleagues and clients,2.A.1.b,Active Listening,skill,0.4920492172241211,3,True
esco_1286,respect cultural preferences,2.C.4.f,Sociology and Anthropology,knowledge,0.3992573320865631,1,False
esco_1286,respect cultural preferences,2.A.1.d,Speaking,skill,0.355545312166214,2,False
esco_1286,respect cultural preferences,2.A.1.c,Writing,skill,0.350142240524292,3,False
esco_1287,transport topography,2.C.10,Transportation,knowledge,0.4723684787750244,1,True
esco_1287,transport topography,2.C.4.g,Geography,knowledge,0.33402806520462036,2,False
esco_1287,transport topography,2.B.3.j,Equipment Maintenance,skill,0.2575097382068634,3,False
esco_1288,healthcare analytics,2.B.1.f,Service Orientation,skill,0.3158343732357025,1,False
esco_1288,healthcare analytics,2.C.4.f,Sociology and Anthropology,knowledge,0.3108866810798645,2,False
esco_1288,healthcare analytics,2.C.5.a,Medicine and Dentistry,knowledge,0.27211466431617737,3,False
esco_1289,demonstrate commitment to democracy,2.B.1.f,Service Orientation,skill,0.4606720805168152,1,True
esco_1289,demonstrate commitment to democracy,2.C.8.b,Law and Government,knowledge,0.4071423411369324,2,False
esco_1289,demonstrate commitment to democracy,2.B.1.c,Persuasion,skill,0.35948246717453003,3,False
esco_1290,follow work procedures,2.B.1.f,Service Orientation,skill,0.4602196216583252,1,True
esco_1290,follow work procedures,2.B.5.d,Management of Personnel Resources,skill,0.4345853924751282,2,False
esco_1290,follow work procedures,2.C.5.b,Therapy and Counseling,knowledge,0.4329165518283844,3,False
esco_1291,use computerised maintenance management systems,2.B.3.j,Equipment Maintenance,skill,0.5771223902702332,1,True
esco_1291,use computerised maintenance management systems,2.B.3.l,Repairing,skill,0.5225508213043213,2,True
esco_1291,use computerised maintenance management systems,2.B.3.g,Operations Monitoring,skill,0.4677838683128357,3,True
esco_1292,CAD software,2.C.3.c,Design,knowledge,0.5188770890235901,1,True
esco_1292,CAD software,2.B.3.a,Operations Analysis,skill,0.4663012623786926,2,True
esco_1292,CAD software,2.B.3.b,Technology Design,skill,0.3758823275566101,3,False
esco_1293,plan ICT capacity,2.B.5.d,Management of Personnel Resources,skill,0.44470953941345215,1,False
esco_1293,plan ICT capacity,2.C.1.a,Administration and Management,knowledge,0.4276506304740906,2,False
esco_1293,plan ICT capacity,2.B.5.c,Management of Material Resources,skill,0.38396865129470825,3,False
esco_1294,monitor daily work,2.A.2.d,Monitoring,skill,0.5467553734779358,1,True
esco_1294,monitor daily work,2.B.5.a,Time Management,skill,0.5014374852180481,2,True
esco_1294,monitor daily work,2.B.5.d,Management of Personnel Resources,skill,0.4935725927352905,3,True
esco_1295,solve problems in healthcare,2.B.2.i,Complex Problem Solving,skill,0.5380229353904724,1,True
esco_1295,solve problems in healthcare,2.A.2.a,Critical Thinking,skill,0.5366259217262268,2,True
esco_1295,solve problems in healthcare,2.A.1.e,Mathematics,skill,0.48119914531707764,3,True
esco_1296,advise on environmental risk management systems,2.B.4.g,Systems Analysis,skill,0.4669443964958191,1,True
esco_1296,advise on environmental risk management systems,2.B.2.i,Complex Problem Solving,skill,0.38249075412750244,2,False
esco_1296,advise on environmental risk management systems,2.B.5.c,Management of Material Resources,skill,0.3659520745277405,3,False
esco_1297,maintain updated professional knowledge,2.C.1.f,Personnel and Human Resources,knowledge,0.40758055448532104,1,False
esco_1297,maintain updated professional knowledge,2.B.5.d,Management of Personnel Resources,skill,0.4008447229862213,2,False
esco_1297,maintain updated professional knowledge,2.A.2.c,Learning Strategies,skill,0.3951385021209717,3,False
esco_1298,ICT problem management techniques,2.B.2.i,Complex Problem Solving,skill,0.6058307886123657,1,True
esco_1298,ICT problem management techniques,2.A.1.e,Mathematics,skill,0.4543509781360626,2,True
esco_1298,ICT problem management techniques,2.B.3.k,Troubleshooting,skill,0.4308253526687622,3,False
esco_1299,characteristics of plants,2.C.4.d,Biology,knowledge,0.49296054244041443,1,True
esco_1299,characteristics of plants,2.C.4.g,Geography,knowledge,0.342156320810318,2,False
esco_1299,characteristics of plants,2.A.1.f,Science,skill,0.2900717556476593,3,False
esco_1300,data protection,2.C.8.a,Public Safety and Security,knowledge,0.32165127992630005,1,False
esco_1300,data protection,2.B.3.e,Programming,skill,0.3030092120170593,2,False
esco_1300,data protection,2.C.3.a,Computers and Electronics,knowledge,0.27065449953079224,3,False
esco_1301,use learning strategies,2.A.2.c,Learning Strategies,skill,0.6065385937690735,1,True
esco_1301,use learning strategies,2.B.5.a,Time Management,skill,0.5174938440322876,2,True
esco_1301,use learning strategies,2.B.5.d,Management of Personnel Resources,skill,0.4639042615890503,3,True
esco_1302,execute ICT user research activities,2.B.1.f,Service Orientation,skill,0.41361337900161743,1,False
esco_1302,execute ICT user research activities,2.B.3.b,Technology Design,skill,0.4132024645805359,2,False
esco_1302,execute ICT user research activities,2.A.1.d,Speaking,skill,0.39572960138320923,3,False
esco_1303,ML (computer programming),2.B.3.e,Programming,skill,0.5225461721420288,1,True
esco_1303,ML (computer programming),2.C.3.a,Computers and Electronics,knowledge,0.39170992374420166,2,False
esco_1303,ML (computer programming),2.A.1.e,Mathematics,skill,0.3558637499809265,3,False
esco_1304,IBM WebSphere,2.C.3.a,Computers and Electronics,knowledge,0.331943541765213,1,False
esco_1304,IBM WebSphere,2.B.3.e,Programming,skill,0.3218817710876465,2,False
esco_1304,IBM WebSphere,2.B.3.b,Technology Design,skill,0.26341140270233154,3,False
esco_1305,identify security threats,2.C.8.a,Public Safety and Security,knowledge,0.46168220043182373,1,True
esco_1305,identify security threats,2.B.3.k,Troubleshooting,skill,0.2972787618637085,2,False
esco_1305,identify security threats,2.B.3.e,Programming,skill,0.2936406433582306,3,False
esco_1306,printed goods processes,2.C.2.a,Production and Processing,knowledge,0.49542853236198425,1,True
esco_1306,printed goods processes,2.B.3.a,Operations Analysis,skill,0.4015558958053589,2,False
esco_1306,printed goods processes,2.B.3.d,Installation,skill,0.3829958438873291,3,False
esco_1307,unmanned air systems,2.B.3.h,Operation and Control,skill,0.3493678569793701,1,False
esco_1307,unmanned air systems,2.B.3.c,Equipment Selection,skill,0.314603716135025,2,False
esco_1307,unmanned air systems,2.B.3.j,Equipment Maintenance,skill,0.30509740114212036,3,False
esco_1308,maintain circulation system,2.B.4.g,Systems Analysis,skill,0.39495041966438293,1,False
esco_1308,maintain circulation system,2.B.3.h,Operation and Control,skill,0.39100462198257446,2,False
esco_1308,maintain circulation system,2.B.3.a,Operations Analysis,skill,0.3705790042877197,3,False
esco_1309,information confidentiality,2.C.8.a,Public Safety and Security,knowledge,0.32392826676368713,1,False
esco_1309,information confidentiality,2.A.1.d,Speaking,skill,0.30911555886268616,2,False
esco_1309,information confidentiality,2.C.1.f,Personnel and Human Resources,knowledge,0.3021278977394104,3,False
esco_1310,inspect data,2.C.3.a,Computers and Electronics,knowledge,0.3266682028770447,1,False
esco_1310,inspect data,1.A.1.b.4,Deductive Reasoning,ability,0.3263198733329773,2,False
esco_1310,inspect data,2.A.2.b,Active Learning,skill,0.32094717025756836,3,False
esco_1311,LDAP,2.B.3.e,Programming,skill,0.37782561779022217,1,False
esco_1311,LDAP,2.C.3.a,Computers and Electronics,knowledge,0.347626268863678,2,False
esco_1311,LDAP,2.B.3.b,Technology Design,skill,0.33907178044319153,3,False
esco_1312,mentor individuals,2.B.1.e,Instructing,skill,0.5374933481216431,1,True
esco_1312,mentor individuals,2.B.5.d,Management of Personnel Resources,skill,0.4559907615184784,2,True
esco_1312,mentor individuals,2.A.1.d,Speaking,skill,0.42199546098709106,3,False
esco_1313,multimedia systems,2.C.9.b,Communications and Media,knowledge,0.42324569821357727,1,False
esco_1313,multimedia systems,2.C.3.a,Computers and Electronics,knowledge,0.3483316898345947,2,False
esco_1313,multimedia systems,2.C.9.a,Telecommunications,knowledge,0.3442682921886444,3,False
esco_1314,draw up reference documents for performance,2.B.5.d,Management of Personnel Resources,skill,0.45142996311187744,1,True
esco_1314,draw up reference documents for performance,2.B.5.c,Management of Material Resources,skill,0.42712438106536865,2,False
esco_1314,draw up reference documents for performance,2.B.5.b,Management of Financial Resources,skill,0.4228084683418274,3,False
esco_1315,teamwork principles,2.C.6,Education and Training,knowledge,0.4844760596752167,1,True
esco_1315,teamwork principles,2.B.5.d,Management of Personnel Resources,skill,0.4685544967651367,2,True
esco_1315,teamwork principles,2.B.1.e,Instructing,skill,0.4645910859107971,3,True
esco_1316,identify problems,2.B.2.i,Complex Problem Solving,skill,0.5022791028022766,1,True
esco_1316,identify problems,2.A.2.a,Critical Thinking,skill,0.473727822303772,2,True
esco_1316,identify problems,2.C.5.b,Therapy and Counseling,knowledge,0.4665992259979248,3,True
esco_1317,ensure compliance with purchasing and contracting regulations,2.B.3.j,Equipment Maintenance,skill,0.37726014852523804,1,False
esco_1317,ensure compliance with purchasing and contracting regulations,2.B.5.b,Management of Financial Resources,skill,0.37054312229156494,2,False
esco_1317,ensure compliance with purchasing and contracting regulations,2.C.1.e,Customer and Personal Service,knowledge,0.3384660482406616,3,False
esco_1318,implementing new procedures or processes,2.B.5.d,Management of Personnel Resources,skill,0.5096803903579712,1,True
esco_1318,implementing new procedures or processes,2.B.2.i,Complex Problem Solving,skill,0.5030361413955688,2,True
esco_1318,implementing new procedures or processes,2.A.2.c,Learning Strategies,skill,0.4958000183105469,3,True
esco_1319,manufacturing of pumps and compressors,2.B.3.c,Equipment Selection,skill,0.35410720109939575,1,False
esco_1319,manufacturing of pumps and compressors,2.C.2.a,Production and Processing,knowledge,0.3483106195926666,2,False
esco_1319,manufacturing of pumps and compressors,2.B.3.a,Operations Analysis,skill,0.3419368863105774,3,False
esco_1320,maintain contract administration,2.C.1.a,Administration and Management,knowledge,0.4539514183998108,1,True
esco_1320,maintain contract administration,2.C.1.b,Administrative,knowledge,0.4524487853050232,2,True
esco_1320,maintain contract administration,2.B.5.d,Management of Personnel Resources,skill,0.4256061315536499,3,False
esco_1321,graphics editor software,2.B.3.e,Programming,skill,0.3594000041484833,1,False
esco_1321,graphics editor software,1.A.1.f.2,Visualization,ability,0.34451064467430115,2,False
esco_1321,graphics editor software,2.B.3.b,Technology Design,skill,0.2999248802661896,3,False
esco_1322,"operating cutting, grinding and smoothing machinery",2.B.3.c,Equipment Selection,skill,0.5514662265777588,1,True
esco_1322,"operating cutting, grinding and smoothing machinery",2.B.3.j,Equipment Maintenance,skill,0.5070996880531311,2,True
esco_1322,"operating cutting, grinding and smoothing machinery",2.C.3.e,Mechanical,knowledge,0.48362278938293457,3,True
esco_1323,data storage,2.B.3.e,Programming,skill,0.3688690662384033,1,False
esco_1323,data storage,2.C.3.a,Computers and Electronics,knowledge,0.30766433477401733,2,False
esco_1323,data storage,2.A.1.e,Mathematics,skill,0.26123449206352234,3,False
esco_1324,monitor the conformance to the project methodology,2.B.5.b,Management of Financial Resources,skill,0.44907206296920776,1,False
esco_1324,monitor the conformance to the project methodology,2.A.2.d,Monitoring,skill,0.4257733225822449,2,False
esco_1324,monitor the conformance to the project methodology,2.B.3.a,Operations Analysis,skill,0.4187380075454712,3,False
esco_1325,manage data collection systems,2.B.5.c,Management of Material Resources,skill,0.4134953022003174,1,False
esco_1325,manage data collection systems,2.B.3.j,Equipment Maintenance,skill,0.3949545621871948,2,False
esco_1325,manage data collection systems,2.C.1.b,Administrative,knowledge,0.37733474373817444,3,False
esco_1326,ecology,2.C.4.d,Biology,knowledge,0.46772241592407227,1,True
esco_1326,ecology,2.A.1.f,Science,skill,0.3959171175956726,2,False
esco_1326,ecology,2.C.4.g,Geography,knowledge,0.3813362717628479,3,False
esco_1327,handle stressful situations in the work place,2.B.5.d,Management of Personnel Resources,skill,0.5405035614967346,1,True
esco_1327,handle stressful situations in the work place,2.B.5.a,Time Management,skill,0.5205786824226379,2,True
esco_1327,handle stressful situations in the work place,2.C.4.e,Psychology,knowledge,0.4125438332557678,3,False
esco_1328,legal research,2.C.8.b,Law and Government,knowledge,0.5261021852493286,1,True
esco_1328,legal research,2.C.1.a,Administration and Management,knowledge,0.46199727058410645,2,True
esco_1328,legal research,2.C.1.c,Economics and Accounting,knowledge,0.3996042013168335,3,False
esco_1329,monitor concrete curing process,2.C.3.d,Building and Construction,knowledge,0.3278747797012329,1,False
esco_1329,monitor concrete curing process,2.B.3.g,Operations Monitoring,skill,0.31370651721954346,2,False
esco_1329,monitor concrete curing process,2.B.3.j,Equipment Maintenance,skill,0.3054519593715668,3,False
esco_1330,interact with users to gather requirements,2.A.1.d,Speaking,skill,0.47832536697387695,1,True
esco_1330,interact with users to gather requirements,2.A.1.c,Writing,skill,0.4066189229488373,2,False
esco_1330,interact with users to gather requirements,2.B.1.c,Persuasion,skill,0.4020080864429474,3,False
esco_1331,digital media,2.C.9.b,Communications and Media,knowledge,0.4590691924095154,1,True
esco_1331,digital media,2.C.7.c,Fine Arts,knowledge,0.332030713558197,2,False
esco_1331,digital media,2.A.1.c,Writing,skill,0.30389404296875,3,False
esco_1332,synthesise research publications,2.A.1.f,Science,skill,0.4086081385612488,1,False
esco_1332,synthesise research publications,2.C.2.a,Production and Processing,knowledge,0.36432206630706787,2,False
esco_1332,synthesise research publications,2.B.3.a,Operations Analysis,skill,0.35012826323509216,3,False
esco_1333,PostgreSQL,2.C.3.a,Computers and Electronics,knowledge,0.2909618616104126,1,False
esco_1333,PostgreSQL,2.B.3.e,Programming,skill,0.2817404866218567,2,False
esco_1333,PostgreSQL,2.C.9.a,Telecommunications,knowledge,0.26455190777778625,3,False
esco_1334,manage personal professional development,2.B.5.d,Management of Personnel Resources,skill,0.5744404196739197,1,True
esco_1334,manage personal professional development,2.B.5.a,Time Management,skill,0.5081497430801392,2,True
esco_1334,manage personal professional development,2.C.6,Education and Training,knowledge,0.4475363492965698,3,False
esco_1335,draft design specifications,2.C.3.c,Design,knowledge,0.5472835302352905,1,True
esco_1335,draft design specifications,2.B.3.a,Operations Analysis,skill,0.4770517349243164,2,True
esco_1335,draft design specifications,2.B.3.b,Technology Design,skill,0.44291093945503235,3,False
esco_1336,shape corporate culture,2.B.5.d,Management of Personnel Resources,skill,0.5930892825126648,1,True
esco_1336,shape corporate culture,2.C.1.a,Administration and Management,knowledge,0.5323640704154968,2,True
esco_1336,shape corporate culture,2.B.1.f,Service Orientation,skill,0.45135629177093506,3,True
esco_1337,manage procurement planning,2.B.5.d,Management of Personnel Resources,skill,0.5442916750907898,1,True
esco_1337,manage procurement planning,2.C.1.a,Administration and Management,knowledge,0.5174145698547363,2,True
esco_1337,manage procurement planning,2.B.5.b,Management of Financial Resources,skill,0.5017565488815308,3,True
esco_1338,adhere to organisational guidelines,2.A.1.d,Speaking,skill,0.5137330889701843,1,True
esco_1338,adhere to organisational guidelines,2.B.5.d,Management of Personnel Resources,skill,0.5060999393463135,2,True
esco_1338,adhere to organisational guidelines,2.C.1.f,Personnel and Human Resources,knowledge,0.4804036021232605,3,True
esco_1339,rhetoric,2.A.1.c,Writing,skill,0.48829638957977295,1,True
esco_1339,rhetoric,2.C.9.b,Communications and Media,knowledge,0.4159857928752899,2,False
esco_1339,rhetoric,2.A.1.d,Speaking,skill,0.41040030121803284,3,False
esco_1340,create advertisements,2.A.1.d,Speaking,skill,0.36086469888687134,1,False
esco_1340,create advertisements,2.C.9.b,Communications and Media,knowledge,0.3604278564453125,2,False
esco_1340,create advertisements,2.A.1.c,Writing,skill,0.35525405406951904,3,False
esco_1341,supervising a team or group,2.B.5.d,Management of Personnel Resources,skill,0.6243135333061218,1,True
esco_1341,supervising a team or group,2.B.1.e,Instructing,skill,0.5991067290306091,2,True
esco_1341,supervising a team or group,2.C.6,Education and Training,knowledge,0.4893611669540405,3,True
esco_1342,analyse experimental laboratory data,2.A.1.f,Science,skill,0.4514663815498352,1,True
esco_1342,analyse experimental laboratory data,2.B.3.m,Quality Control Analysis,skill,0.4320063591003418,2,False
esco_1342,analyse experimental laboratory data,2.C.2.a,Production and Processing,knowledge,0.3521367013454437,3,False
esco_1343,domestic cooling systems,2.B.3.d,Installation,skill,0.2747729420661926,1,False
esco_1343,domestic cooling systems,2.B.3.j,Equipment Maintenance,skill,0.25320079922676086,2,False
esco_1343,domestic cooling systems,2.B.3.a,Operations Analysis,skill,0.24916137754917145,3,False
esco_1344,database management systems,2.B.3.k,Troubleshooting,skill,0.30117273330688477,1,False
esco_1344,database management systems,2.B.3.a,Operations Analysis,skill,0.29831671714782715,2,False
esco_1344,database management systems,2.C.1.a,Administration and Management,knowledge,0.2939571738243103,3,False
esco_1345,lift heavy weights,1.A.3.a.1,Static Strength,ability,0.4681636095046997,1,True
esco_1345,lift heavy weights,1.A.3.a.4,Trunk Strength,ability,0.3758307099342346,2,False
esco_1345,lift heavy weights,1.A.3.a.3,Dynamic Strength,ability,0.359402060508728,3,False
esco_1346,maintain ICT identity management,2.B.1.f,Service Orientation,skill,0.3489093780517578,1,False
esco_1346,maintain ICT identity management,2.B.5.d,Management of Personnel Resources,skill,0.3352421820163727,2,False
esco_1346,maintain ICT identity management,2.B.3.j,Equipment Maintenance,skill,0.325866162776947,3,False
esco_1347,manage inventory,2.C.1.a,Administration and Management,knowledge,0.4738238751888275,1,True
esco_1347,manage inventory,2.B.5.c,Management of Material Resources,skill,0.47205889225006104,2,True
esco_1347,manage inventory,2.B.5.d,Management of Personnel Resources,skill,0.4522235095500946,3,True
esco_1348,licences regulation,2.C.1.e,Customer and Personal Service,knowledge,0.35590702295303345,1,False
esco_1348,licences regulation,2.C.8.b,Law and Government,knowledge,0.29518961906433105,2,False
esco_1348,licences regulation,2.B.3.h,Operation and Control,skill,0.25763311982154846,3,False
esco_1349,perform clerical duties,2.C.1.b,Administrative,knowledge,0.5444024205207825,1,True
esco_1349,perform clerical duties,2.B.5.d,Management of Personnel Resources,skill,0.5343964695930481,2,True
esco_1349,perform clerical duties,2.C.1.a,Administration and Management,knowledge,0.4823707938194275,3,True
esco_1350,operate digital printers,2.B.3.g,Operations Monitoring,skill,0.3716892600059509,1,False
esco_1350,operate digital printers,2.B.3.j,Equipment Maintenance,skill,0.3506767451763153,2,False
esco_1350,operate digital printers,2.B.3.h,Operation and Control,skill,0.3119555413722992,3,False
esco_1351,interact with an audience,2.A.1.d,Speaking,skill,0.620505690574646,1,True
esco_1351,interact with an audience,2.A.1.c,Writing,skill,0.5854668617248535,2,True
esco_1351,interact with an audience,2.C.9.b,Communications and Media,knowledge,0.5194886326789856,3,True
esco_1352,exude enthusiasm during the action sessions,2.A.1.d,Speaking,skill,0.51528400182724,1,True
esco_1352,exude enthusiasm during the action sessions,2.B.1.e,Instructing,skill,0.48731541633605957,2,True
esco_1352,exude enthusiasm during the action sessions,2.B.5.d,Management of Personnel Resources,skill,0.44664260745048523,3,False
esco_1353,developing solutions,2.B.2.i,Complex Problem Solving,skill,0.542995274066925,1,True
esco_1353,developing solutions,2.B.5.d,Management of Personnel Resources,skill,0.5089945793151855,2,True
esco_1353,developing solutions,2.A.2.a,Critical Thinking,skill,0.4813385009765625,3,True
esco_1354,provide performance feedback,2.A.2.d,Monitoring,skill,0.44423332810401917,1,False
esco_1354,provide performance feedback,2.B.5.d,Management of Personnel Resources,skill,0.4397221803665161,2,False
esco_1354,provide performance feedback,2.B.1.e,Instructing,skill,0.3785468339920044,3,False
esco_1355,implement a virtual private network,2.B.3.e,Programming,skill,0.29688316583633423,1,False
esco_1355,implement a virtual private network,2.B.3.a,Operations Analysis,skill,0.19370870292186737,2,False
esco_1355,implement a virtual private network,2.B.3.d,Installation,skill,0.18858610093593597,3,False
esco_1356,presenting information in legal proceedings,2.A.1.d,Speaking,skill,0.5218599438667297,1,True
esco_1356,presenting information in legal proceedings,2.A.1.c,Writing,skill,0.5034002661705017,2,True
esco_1356,presenting information in legal proceedings,2.C.8.b,Law and Government,knowledge,0.48954057693481445,3,True
esco_1357,statistical analysis system software,2.B.4.g,Systems Analysis,skill,0.3455908000469208,1,False
esco_1357,statistical analysis system software,2.B.3.e,Programming,skill,0.3322472870349884,2,False
esco_1357,statistical analysis system software,2.A.1.f,Science,skill,0.3116523027420044,3,False
esco_1358,investigation research methods,2.B.1.f,Service Orientation,skill,0.49252569675445557,1,True
esco_1358,investigation research methods,2.B.3.a,Operations Analysis,skill,0.43363693356513977,2,False
esco_1358,investigation research methods,2.C.4.e,Psychology,knowledge,0.4273892045021057,3,False
esco_1359,solve problems,2.B.2.i,Complex Problem Solving,skill,0.5636888742446899,1,True
esco_1359,solve problems,2.A.1.e,Mathematics,skill,0.5478734970092773,2,True
esco_1359,solve problems,2.A.2.a,Critical Thinking,skill,0.4935739040374756,3,True
esco_1360,data security principles,2.C.8.a,Public Safety and Security,knowledge,0.382763147354126,1,False
esco_1360,data security principles,2.B.3.e,Programming,skill,0.3515080213546753,2,False
esco_1360,data security principles,2.A.1.f,Science,skill,0.31727170944213867,3,False
esco_1361,commercial clothing glossary,2.C.3.c,Design,knowledge,0.37958472967147827,1,False
esco_1361,commercial clothing glossary,2.C.2.a,Production and Processing,knowledge,0.33719539642333984,2,False
esco_1361,commercial clothing glossary,2.B.3.a,Operations Analysis,skill,0.3335514962673187,3,False
esco_1362,manage ICT virtualisation environments,2.B.3.h,Operation and Control,skill,0.36374199390411377,1,False
esco_1362,manage ICT virtualisation environments,2.B.3.j,Equipment Maintenance,skill,0.3355848789215088,2,False
esco_1362,manage ICT virtualisation environments,2.B.3.b,Technology Design,skill,0.332746297121048,3,False
esco_1363,test instrumentation equipment,2.B.3.j,Equipment Maintenance,skill,0.5922592878341675,1,True
esco_1363,test instrumentation equipment,2.B.3.c,Equipment Selection,skill,0.5304274559020996,2,True
esco_1363,test instrumentation equipment,2.B.3.g,Operations Monitoring,skill,0.5274481773376465,3,True
esco_1364,assemble instrumentation equipment,2.B.3.j,Equipment Maintenance,skill,0.513856053352356,1,True
esco_1364,assemble instrumentation equipment,2.B.3.c,Equipment Selection,skill,0.48843303322792053,2,True
esco_1364,assemble instrumentation equipment,2.B.3.l,Repairing,skill,0.48093509674072266,3,True
esco_1365,repair wiring,2.B.3.l,Repairing,skill,0.5861595273017883,1,True
esco_1365,repair wiring,2.B.3.j,Equipment Maintenance,skill,0.45770204067230225,2,True
esco_1365,repair wiring,2.B.3.g,Operations Monitoring,skill,0.4111749231815338,3,False
esco_1366,operate surveying instruments,2.B.3.g,Operations Monitoring,skill,0.5665760040283203,1,True
esco_1366,operate surveying instruments,2.B.3.c,Equipment Selection,skill,0.5546050667762756,2,True
esco_1366,operate surveying instruments,2.B.3.j,Equipment Maintenance,skill,0.5395412445068359,3,True
esco_1367,products coding system,2.C.2.a,Production and Processing,knowledge,0.3884337544441223,1,False
esco_1367,products coding system,2.B.3.a,Operations Analysis,skill,0.371698796749115,2,False
esco_1367,products coding system,1.A.1.b.7,Category Flexibility,ability,0.3613239526748657,3,False
esco_1368,collaborating and liaising,2.A.1.d,Speaking,skill,0.510266900062561,1,True
esco_1368,collaborating and liaising,2.B.1.b,Coordination,skill,0.4688289165496826,2,True
esco_1368,collaborating and liaising,2.B.5.d,Management of Personnel Resources,skill,0.4669124186038971,3,True
esco_1369,prune plants,2.C.4.d,Biology,knowledge,0.29500576853752136,1,False
esco_1369,prune plants,1.A.2.c.3,Speed of Limb Movement,ability,0.22080767154693604,2,False
esco_1369,prune plants,2.B.5.c,Management of Material Resources,skill,0.22051069140434265,3,False
esco_1370,conflict management,2.B.1.d,Negotiation,skill,0.5900760889053345,1,True
esco_1370,conflict management,2.B.2.i,Complex Problem Solving,skill,0.38512060046195984,2,False
esco_1370,conflict management,2.C.1.a,Administration and Management,knowledge,0.37575554847717285,3,False
esco_1371,computer graphics,2.C.3.a,Computers and Electronics,knowledge,0.4043017029762268,1,False
esco_1371,computer graphics,1.A.1.f.2,Visualization,ability,0.40390703082084656,2,False
esco_1371,computer graphics,2.B.3.e,Programming,skill,0.36980533599853516,3,False
esco_1372,coordinate operational activities,2.B.5.d,Management of Personnel Resources,skill,0.5613983273506165,1,True
esco_1372,coordinate operational activities,2.B.3.h,Operation and Control,skill,0.5567343831062317,2,True
esco_1372,coordinate operational activities,2.C.1.a,Administration and Management,knowledge,0.5310304760932922,3,True
esco_1373,conduct health related research,2.C.4.e,Psychology,knowledge,0.5458935499191284,1,True
esco_1373,conduct health related research,2.A.1.d,Speaking,skill,0.48243963718414307,2,True
esco_1373,conduct health related research,2.C.5.b,Therapy and Counseling,knowledge,0.4532029628753662,3,True
esco_1374,writing and composing,2.A.1.c,Writing,skill,0.6131736636161804,1,True
esco_1374,writing and composing,2.B.3.e,Programming,skill,0.4943947196006775,2,True
esco_1374,writing and composing,1.A.1.a.2,Written Comprehension,ability,0.458706259727478,3,True
esco_1375,design application interfaces,2.C.3.c,Design,knowledge,0.41176286339759827,1,False
esco_1375,design application interfaces,2.B.3.b,Technology Design,skill,0.404250830411911,2,False
esco_1375,design application interfaces,2.B.3.a,Operations Analysis,skill,0.39896243810653687,3,False
esco_1376,delegate responsibilities,2.B.1.b,Coordination,skill,0.4416806101799011,1,False
esco_1376,delegate responsibilities,2.B.1.e,Instructing,skill,0.4379735589027405,2,False
esco_1376,delegate responsibilities,2.B.5.d,Management of Personnel Resources,skill,0.4368759095668793,3,False
esco_1377,develop program ideas,2.B.3.e,Programming,skill,0.5626938343048096,1,True
esco_1377,develop program ideas,2.B.2.i,Complex Problem Solving,skill,0.46100249886512756,2,True
esco_1377,develop program ideas,2.B.3.a,Operations Analysis,skill,0.4190179407596588,3,False
esco_1378,maintain vessel steering mechanisms,2.B.3.h,Operation and Control,skill,0.3356171250343323,1,False
esco_1378,maintain vessel steering mechanisms,2.B.3.j,Equipment Maintenance,skill,0.32609760761260986,2,False
esco_1378,maintain vessel steering mechanisms,2.B.3.l,Repairing,skill,0.2899814248085022,3,False
esco_1379,manage closed-circuit television system,2.C.9.a,Telecommunications,knowledge,0.46215304732322693,1,True
esco_1379,manage closed-circuit television system,2.C.3.a,Computers and Electronics,knowledge,0.3764474391937256,2,False
esco_1379,manage closed-circuit television system,2.B.3.j,Equipment Maintenance,skill,0.3760531544685364,3,False
esco_1380,asset management,2.B.5.b,Management of Financial Resources,skill,0.5089221000671387,1,True
esco_1380,asset management,2.B.5.c,Management of Material Resources,skill,0.4703158438205719,2,True
esco_1380,asset management,2.C.1.a,Administration and Management,knowledge,0.42176032066345215,3,False
esco_1381,analyse business requirements,2.B.3.a,Operations Analysis,skill,0.603969156742096,1,True
esco_1381,analyse business requirements,2.B.4.g,Systems Analysis,skill,0.4796212911605835,2,True
esco_1381,analyse business requirements,2.B.2.i,Complex Problem Solving,skill,0.4578394889831543,3,True
esco_1382,read engineering drawings,2.C.3.c,Design,knowledge,0.4903874397277832,1,True
esco_1382,read engineering drawings,2.C.3.b,Engineering and Technology,knowledge,0.45088618993759155,2,True
esco_1382,read engineering drawings,1.A.1.f.2,Visualization,ability,0.41089925169944763,3,False
esco_1383,use communication and collaboration software,2.A.1.d,Speaking,skill,0.558059811592102,1,True
esco_1383,use communication and collaboration software,2.B.1.e,Instructing,skill,0.3878445327281952,2,False
esco_1383,use communication and collaboration software,1.A.1.g.2,Time Sharing,ability,0.38685503602027893,3,False
esco_1384,construction equipment related to building materials,2.B.3.c,Equipment Selection,skill,0.5810365080833435,1,True
esco_1384,construction equipment related to building materials,2.C.3.d,Building and Construction,knowledge,0.5556575059890747,2,True
esco_1384,construction equipment related to building materials,2.B.3.j,Equipment Maintenance,skill,0.49485427141189575,3,True
esco_1385,online analytical processing,2.B.3.a,Operations Analysis,skill,0.4240993857383728,1,False
esco_1385,online analytical processing,2.B.4.g,Systems Analysis,skill,0.37248754501342773,2,False
esco_1385,online analytical processing,2.B.2.i,Complex Problem Solving,skill,0.368734747171402,3,False
esco_1386,ICT system programming,2.B.3.e,Programming,skill,0.616016149520874,1,True
esco_1386,ICT system programming,2.C.9.a,Telecommunications,knowledge,0.47238704562187195,2,True
esco_1386,ICT system programming,2.B.4.g,Systems Analysis,skill,0.4321635663509369,3,False
esco_1387,using computer aided design and drawing tools,2.C.3.c,Design,knowledge,0.4465303421020508,1,False
esco_1387,using computer aided design and drawing tools,2.B.3.e,Programming,skill,0.4198142886161804,2,False
esco_1387,using computer aided design and drawing tools,2.C.3.a,Computers and Electronics,knowledge,0.41680485010147095,3,False
esco_1388,Open source model,2.B.3.e,Programming,skill,0.403542160987854,1,False
esco_1388,Open source model,2.B.3.a,Operations Analysis,skill,0.38076168298721313,2,False
esco_1388,Open source model,2.B.3.b,Technology Design,skill,0.36300966143608093,3,False
esco_1389,business communication,2.C.9.a,Telecommunications,knowledge,0.49744439125061035,1,True
esco_1389,business communication,2.C.9.b,Communications and Media,knowledge,0.47876179218292236,2,True
esco_1389,business communication,2.A.1.d,Speaking,skill,0.44712013006210327,3,False
esco_1390,value properties,2.B.5.d,Management of Personnel Resources,skill,0.39468953013420105,1,False
esco_1390,value properties,2.C.4.a,Mathematics,knowledge,0.3858766257762909,2,False
esco_1390,value properties,2.C.1.f,Personnel and Human Resources,knowledge,0.38367825746536255,3,False
esco_1391,design materials for multimedia campaigns,2.C.9.b,Communications and Media,knowledge,0.46575260162353516,1,True
esco_1391,design materials for multimedia campaigns,2.C.3.c,Design,knowledge,0.4014107584953308,2,False
esco_1391,design materials for multimedia campaigns,2.A.1.c,Writing,skill,0.39791035652160645,3,False
esco_1392,environmental engineering,2.C.3.d,Building and Construction,knowledge,0.43505141139030457,1,False
esco_1392,environmental engineering,2.C.3.b,Engineering and Technology,knowledge,0.43449509143829346,2,False
esco_1392,environmental engineering,2.B.3.j,Equipment Maintenance,skill,0.3865358829498291,3,False
esco_1393,draft legislation,2.B.1.d,Negotiation,skill,0.43397465348243713,1,False
esco_1393,draft legislation,2.C.8.b,Law and Government,knowledge,0.41895467042922974,2,False
esco_1393,draft legislation,2.A.1.d,Speaking,skill,0.3442302644252777,3,False
esco_1394,implement a management system,2.C.1.a,Administration and Management,knowledge,0.5631054043769836,1,True
esco_1394,implement a management system,2.B.5.d,Management of Personnel Resources,skill,0.5411681532859802,2,True
esco_1394,implement a management system,2.C.1.b,Administrative,knowledge,0.47119832038879395,3,True
esco_1395,supervise work,2.B.5.d,Management of Personnel Resources,skill,0.5989752411842346,1,True
esco_1395,supervise work,2.C.1.a,Administration and Management,knowledge,0.5267736911773682,2,True
esco_1395,supervise work,2.C.1.b,Administrative,knowledge,0.5112094283103943,3,True
esco_1396,ensure cross-department cooperation,2.B.5.d,Management of Personnel Resources,skill,0.47283753752708435,1,True
esco_1396,ensure cross-department cooperation,2.B.1.d,Negotiation,skill,0.446723997592926,2,False
esco_1396,ensure cross-department cooperation,2.B.1.b,Coordination,skill,0.3732147514820099,3,False
esco_1397,monitor vehicle maintenance activities,2.B.3.j,Equipment Maintenance,skill,0.5367090106010437,1,True
esco_1397,monitor vehicle maintenance activities,2.B.3.g,Operations Monitoring,skill,0.5249180793762207,2,True
esco_1397,monitor vehicle maintenance activities,2.A.2.d,Monitoring,skill,0.41950976848602295,3,False
esco_1398,assess project resource needs,2.B.5.c,Management of Material Resources,skill,0.5101556181907654,1,True
esco_1398,assess project resource needs,2.B.5.b,Management of Financial Resources,skill,0.5025394558906555,2,True
esco_1398,assess project resource needs,2.B.5.d,Management of Personnel Resources,skill,0.4945068955421448,3,True
esco_1399,designing structures or facilities,2.C.3.c,Design,knowledge,0.5780331492424011,1,True
esco_1399,designing structures or facilities,2.C.3.d,Building and Construction,knowledge,0.5320687294006348,2,True
esco_1399,designing structures or facilities,2.B.3.a,Operations Analysis,skill,0.5059544444084167,3,True
esco_1400,performing administrative activities,2.C.1.b,Administrative,knowledge,0.6666015982627869,1,True
esco_1400,performing administrative activities,2.C.1.a,Administration and Management,knowledge,0.5512663125991821,2,True
esco_1400,performing administrative activities,2.B.5.d,Management of Personnel Resources,skill,0.5497738122940063,3,True
esco_1401,"preparing financial documents, records, reports, or budgets",2.B.5.b,Management of Financial Resources,skill,0.6177850961685181,1,True
esco_1401,"preparing financial documents, records, reports, or budgets",2.C.1.c,Economics and Accounting,knowledge,0.5298336744308472,2,True
esco_1401,"preparing financial documents, records, reports, or budgets",2.B.5.d,Management of Personnel Resources,skill,0.4195834994316101,3,False
esco_1402,use CAD software,2.C.3.c,Design,knowledge,0.4277036190032959,1,False
esco_1402,use CAD software,2.B.3.e,Programming,skill,0.3369014859199524,2,False
esco_1402,use CAD software,2.C.3.a,Computers and Electronics,knowledge,0.3357977271080017,3,False
esco_1403,apply blended learning,2.B.1.e,Instructing,skill,0.3942452073097229,1,False
esco_1403,apply blended learning,2.A.2.c,Learning Strategies,skill,0.3727220892906189,2,False
esco_1403,apply blended learning,2.B.2.i,Complex Problem Solving,skill,0.36605703830718994,3,False
esco_1404,property law,2.C.8.b,Law and Government,knowledge,0.3627481758594513,1,False
esco_1404,property law,2.C.1.a,Administration and Management,knowledge,0.35354337096214294,2,False
esco_1404,property law,2.B.5.b,Management of Financial Resources,skill,0.35064059495925903,3,False
esco_1405,manage production systems,2.B.5.d,Management of Personnel Resources,skill,0.5312654376029968,1,True
esco_1405,manage production systems,2.C.1.a,Administration and Management,knowledge,0.5225925445556641,2,True
esco_1405,manage production systems,2.C.2.a,Production and Processing,knowledge,0.5051427483558655,3,True
esco_1406,configure ICT system,2.B.3.b,Technology Design,skill,0.3990429639816284,1,False
esco_1406,configure ICT system,2.B.3.d,Installation,skill,0.3816142678260803,2,False
esco_1406,configure ICT system,2.C.9.a,Telecommunications,knowledge,0.3466832637786865,3,False
esco_1407,labour law,2.C.1.f,Personnel and Human Resources,knowledge,0.4058288633823395,1,False
esco_1407,labour law,2.C.8.b,Law and Government,knowledge,0.3318275213241577,2,False
esco_1407,labour law,2.B.5.d,Management of Personnel Resources,skill,0.3011215031147003,3,False
esco_1408,improvise,2.B.1.e,Instructing,skill,0.391862690448761,1,False
esco_1408,improvise,1.A.1.b.2,Originality,ability,0.3458101749420166,2,False
esco_1408,improvise,2.A.2.c,Learning Strategies,skill,0.31557947397232056,3,False
esco_1409,advise on environmental remediation,2.B.2.i,Complex Problem Solving,skill,0.3870013654232025,1,False
esco_1409,advise on environmental remediation,2.A.1.f,Science,skill,0.3440110683441162,2,False
esco_1409,advise on environmental remediation,2.B.5.c,Management of Material Resources,skill,0.32685649394989014,3,False
esco_1410,repair ICT devices,2.B.3.l,Repairing,skill,0.7382122278213501,1,True
esco_1410,repair ICT devices,2.B.3.j,Equipment Maintenance,skill,0.5886478424072266,2,True
esco_1410,repair ICT devices,2.B.3.c,Equipment Selection,skill,0.44795432686805725,3,False
esco_1411,local geography,2.C.4.g,Geography,knowledge,0.5365036725997925,1,True
esco_1411,local geography,2.C.4.a,Mathematics,knowledge,0.28403234481811523,2,False
esco_1411,local geography,2.A.1.e,Mathematics,skill,0.2467447817325592,3,False
esco_1412,AJAX,2.A.1.d,Speaking,skill,0.23925763368606567,1,False
esco_1412,AJAX,2.B.3.e,Programming,skill,0.22435322403907776,2,False
esco_1412,AJAX,2.C.9.a,Telecommunications,knowledge,0.21412315964698792,3,False
esco_1413,produce customised tools,2.B.3.c,Equipment Selection,skill,0.39909467101097107,1,False
esco_1413,produce customised tools,1.A.1.b.7,Category Flexibility,ability,0.3808474838733673,2,False
esco_1413,produce customised tools,2.B.3.b,Technology Design,skill,0.3804759979248047,3,False
esco_1414,blood product storage conditions,2.B.3.j,Equipment Maintenance,skill,0.17023974657058716,1,False
esco_1414,blood product storage conditions,2.B.5.c,Management of Material Resources,skill,0.16417580842971802,2,False
esco_1414,blood product storage conditions,2.B.3.m,Quality Control Analysis,skill,0.15774056315422058,3,False
esco_1415,passenger transport regulations,2.C.10,Transportation,knowledge,0.4315442144870758,1,False
esco_1415,passenger transport regulations,2.C.1.e,Customer and Personal Service,knowledge,0.37603574991226196,2,False
esco_1415,passenger transport regulations,2.C.8.a,Public Safety and Security,knowledge,0.3248555660247803,3,False
esco_1416,work in a multicultural environment in health care,2.B.1.f,Service Orientation,skill,0.4032162129878998,1,False
esco_1416,work in a multicultural environment in health care,2.B.1.d,Negotiation,skill,0.3940443694591522,2,False
esco_1416,work in a multicultural environment in health care,2.B.5.d,Management of Personnel Resources,skill,0.3830636143684387,3,False
esco_1417,communicate with youth,2.A.1.d,Speaking,skill,0.45236343145370483,1,True
esco_1417,communicate with youth,2.B.1.e,Instructing,skill,0.44172346591949463,2,False
esco_1417,communicate with youth,2.A.1.c,Writing,skill,0.41359877586364746,3,False
esco_1418,database quality standards,2.B.3.m,Quality Control Analysis,skill,0.3283289670944214,1,False
esco_1418,database quality standards,2.B.3.k,Troubleshooting,skill,0.29399755597114563,2,False
esco_1418,database quality standards,2.B.3.a,Operations Analysis,skill,0.265545129776001,3,False
esco_1419,comply with regulations,2.C.8.b,Law and Government,knowledge,0.5409756302833557,1,True
esco_1419,comply with regulations,2.C.1.f,Personnel and Human Resources,knowledge,0.38069990277290344,2,False
esco_1419,comply with regulations,2.C.1.c,Economics and Accounting,knowledge,0.3597702085971832,3,False
esco_1420,move objects,2.B.1.b,Coordination,skill,0.4551438093185425,1,True
esco_1420,move objects,1.A.2.c.3,Speed of Limb Movement,ability,0.4362039864063263,2,False
esco_1420,move objects,1.A.2.a.2,Manual Dexterity,ability,0.4317038953304291,3,False
esco_1421,evidence-based nursing care,2.C.5.b,Therapy and Counseling,knowledge,0.37208670377731323,1,False
esco_1421,evidence-based nursing care,2.C.4.e,Psychology,knowledge,0.3282511234283447,2,False
esco_1421,evidence-based nursing care,2.C.6,Education and Training,knowledge,0.3219473659992218,3,False
esco_1422,assess reliability of data,1.A.1.d.1,Memorization,ability,0.37399548292160034,1,False
esco_1422,assess reliability of data,1.A.1.e.1,Speed of Closure,ability,0.37278884649276733,2,False
esco_1422,assess reliability of data,1.A.1.b.4,Deductive Reasoning,ability,0.3619731068611145,3,False
esco_1423,manage digital documents,2.B.3.e,Programming,skill,0.37357383966445923,1,False
esco_1423,manage digital documents,2.C.1.b,Administrative,knowledge,0.3590247631072998,2,False
esco_1423,manage digital documents,2.C.3.a,Computers and Electronics,knowledge,0.3284415602684021,3,False
esco_1424,instrumentation engineering,2.B.3.g,Operations Monitoring,skill,0.5028847455978394,1,True
esco_1424,instrumentation engineering,2.B.3.j,Equipment Maintenance,skill,0.4543905258178711,2,True
esco_1424,instrumentation engineering,2.B.3.c,Equipment Selection,skill,0.4397687315940857,3,False
esco_1425,ensure client orientation,2.B.1.f,Service Orientation,skill,0.5489805936813354,1,True
esco_1425,ensure client orientation,2.B.3.a,Operations Analysis,skill,0.44805654883384705,2,False
esco_1425,ensure client orientation,2.C.1.e,Customer and Personal Service,knowledge,0.41174766421318054,3,False
esco_1426,operate pumping systems,2.B.3.g,Operations Monitoring,skill,0.46453186869621277,1,True
esco_1426,operate pumping systems,2.B.3.h,Operation and Control,skill,0.4539850652217865,2,True
esco_1426,operate pumping systems,2.B.3.j,Equipment Maintenance,skill,0.4379652738571167,3,False
esco_1427,leading and motivating,2.B.5.d,Management of Personnel Resources,skill,0.6156570911407471,1,True
esco_1427,leading and motivating,2.B.1.e,Instructing,skill,0.5311754941940308,2,True
esco_1427,leading and motivating,2.B.1.f,Service Orientation,skill,0.4860617518424988,3,True
esco_1428,assisting and caring,2.B.1.f,Service Orientation,skill,0.5511932969093323,1,True
esco_1428,assisting and caring,2.B.1.e,Instructing,skill,0.5039328932762146,2,True
esco_1428,assisting and caring,2.C.5.b,Therapy and Counseling,knowledge,0.4993214011192322,3,True
esco_1429,"installing heating, ventilation and air conditioning equipment",2.B.3.d,Installation,skill,0.5573558807373047,1,True
esco_1429,"installing heating, ventilation and air conditioning equipment",2.B.3.j,Equipment Maintenance,skill,0.4565276503562927,2,True
esco_1429,"installing heating, ventilation and air conditioning equipment",2.B.3.c,Equipment Selection,skill,0.38956740498542786,3,False
esco_1430,"prescribing and ordering medical tests, treatments or devices",2.C.5.a,Medicine and Dentistry,knowledge,0.42922019958496094,1,False
esco_1430,"prescribing and ordering medical tests, treatments or devices",2.B.3.j,Equipment Maintenance,skill,0.42739999294281006,2,False
esco_1430,"prescribing and ordering medical tests, treatments or devices",2.B.3.c,Equipment Selection,skill,0.37286001443862915,3,False
esco_1431,lead technology development of an organisation,2.B.5.d,Management of Personnel Resources,skill,0.4342077374458313,1,False
esco_1431,lead technology development of an organisation,2.A.1.d,Speaking,skill,0.39022764563560486,2,False
esco_1431,lead technology development of an organisation,2.B.3.b,Technology Design,skill,0.37160056829452515,3,False
esco_1432,repair equipment on site,2.B.3.l,Repairing,skill,0.6304769515991211,1,True
esco_1432,repair equipment on site,2.B.3.j,Equipment Maintenance,skill,0.5528579354286194,2,True
esco_1432,repair equipment on site,2.B.3.c,Equipment Selection,skill,0.43488380312919617,3,False
esco_1433,electric drives,2.C.3.e,Mechanical,knowledge,0.25632256269454956,1,False
esco_1433,electric drives,2.B.3.c,Equipment Selection,skill,0.20573385059833527,2,False
esco_1433,electric drives,2.C.3.b,Engineering and Technology,knowledge,0.20184218883514404,3,False
esco_1434,advise on safety measures,2.C.8.a,Public Safety and Security,knowledge,0.46449753642082214,1,True
esco_1434,advise on safety measures,2.B.3.j,Equipment Maintenance,skill,0.4065520763397217,2,False
esco_1434,advise on safety measures,2.B.3.c,Equipment Selection,skill,0.3761588931083679,3,False
esco_1435,maintain internet protocol configuration,2.B.3.j,Equipment Maintenance,skill,0.3225300908088684,1,False
esco_1435,maintain internet protocol configuration,2.B.3.k,Troubleshooting,skill,0.30779391527175903,2,False
esco_1435,maintain internet protocol configuration,2.C.9.a,Telecommunications,knowledge,0.3040766716003418,3,False
esco_1436,identify legal requirements,2.C.8.b,Law and Government,knowledge,0.622780442237854,1,True
esco_1436,identify legal requirements,2.C.1.f,Personnel and Human Resources,knowledge,0.4047642648220062,2,False
esco_1436,identify legal requirements,2.C.4.a,Mathematics,knowledge,0.39161303639411926,3,False
esco_1437,analysing scientific and medical data,2.A.1.f,Science,skill,0.4803560972213745,1,True
esco_1437,analysing scientific and medical data,2.C.4.a,Mathematics,knowledge,0.44128262996673584,2,False
esco_1437,analysing scientific and medical data,2.C.4.e,Psychology,knowledge,0.40714097023010254,3,False
esco_1438,social security law,2.B.5.b,Management of Financial Resources,skill,0.3289198875427246,1,False
esco_1438,social security law,2.C.8.b,Law and Government,knowledge,0.3263782560825348,2,False
esco_1438,social security law,2.C.1.f,Personnel and Human Resources,knowledge,0.3162425458431244,3,False
esco_1439,computational mechanics,2.C.4.b,Physics,knowledge,0.5064934492111206,1,True
esco_1439,computational mechanics,2.A.1.f,Science,skill,0.4123992919921875,2,False
esco_1439,computational mechanics,2.A.1.e,Mathematics,skill,0.4097321629524231,3,False
esco_1440,define ICT network design policies,2.B.3.b,Technology Design,skill,0.48466867208480835,1,True
esco_1440,define ICT network design policies,2.C.3.c,Design,knowledge,0.40167316794395447,2,False
esco_1440,define ICT network design policies,2.B.3.a,Operations Analysis,skill,0.3709871172904968,3,False
esco_1441,issue permits,2.C.8.b,Law and Government,knowledge,0.43034762144088745,1,False
esco_1441,issue permits,2.C.3.a,Computers and Electronics,knowledge,0.35617882013320923,2,False
esco_1441,issue permits,2.C.1.f,Personnel and Human Resources,knowledge,0.3514983654022217,3,False
esco_1442,plan health and safety procedures,2.C.8.a,Public Safety and Security,knowledge,0.479840487241745,1,True
esco_1442,plan health and safety procedures,2.B.3.j,Equipment Maintenance,skill,0.447018563747406,2,False
esco_1442,plan health and safety procedures,2.C.1.f,Personnel and Human Resources,knowledge,0.43930792808532715,3,False
esco_1443,operate hydraulic machinery controls,2.B.3.h,Operation and Control,skill,0.5665135383605957,1,True
esco_1443,operate hydraulic machinery controls,2.B.3.g,Operations Monitoring,skill,0.5011395215988159,2,True
esco_1443,operate hydraulic machinery controls,2.B.3.j,Equipment Maintenance,skill,0.48576900362968445,3,True
esco_1444,making decisions,2.B.4.e,Judgment and Decision Making,skill,0.6915658712387085,1,True
esco_1444,making decisions,2.A.2.b,Active Learning,skill,0.44292786717414856,2,False
esco_1444,making decisions,2.A.2.a,Critical Thinking,skill,0.42204588651657104,3,False
esco_1445,conduct performance tests,2.B.3.m,Quality Control Analysis,skill,0.4405083656311035,1,False
esco_1445,conduct performance tests,2.B.3.a,Operations Analysis,skill,0.4037918448448181,2,False
esco_1445,conduct performance tests,2.C.4.e,Psychology,knowledge,0.3987935185432434,3,False
esco_1446,assist the homeless,2.B.1.f,Service Orientation,skill,0.4353848993778229,1,False
esco_1446,assist the homeless,2.C.5.b,Therapy and Counseling,knowledge,0.23240798711776733,2,False
esco_1446,assist the homeless,2.B.1.e,Instructing,skill,0.22404101490974426,3,False
esco_1447,manage digital identity,2.B.2.i,Complex Problem Solving,skill,0.38117194175720215,1,False
esco_1447,manage digital identity,2.B.5.d,Management of Personnel Resources,skill,0.3014494776725769,2,False
esco_1447,manage digital identity,2.B.1.f,Service Orientation,skill,0.2998030483722687,3,False
esco_1448,propose settlements,2.B.1.d,Negotiation,skill,0.5629181265830994,1,True
esco_1448,propose settlements,2.B.2.i,Complex Problem Solving,skill,0.3138063848018646,2,False
esco_1448,propose settlements,2.C.4.f,Sociology and Anthropology,knowledge,0.3002891540527344,3,False
esco_1449,conduct field work,2.C.3.a,Computers and Electronics,knowledge,0.43008875846862793,1,False
esco_1449,conduct field work,2.A.1.d,Speaking,skill,0.42634788155555725,2,False
esco_1449,conduct field work,2.A.1.a,Reading Comprehension,skill,0.41820991039276123,3,False
esco_1450,food service operations,2.C.2.b,Food Production,knowledge,0.47279971837997437,1,True
esco_1450,food service operations,2.C.2.a,Production and Processing,knowledge,0.4136691093444824,2,False
esco_1450,food service operations,2.B.1.f,Service Orientation,skill,0.4045068919658661,3,False
esco_1451,promote inclusion,2.B.1.f,Service Orientation,skill,0.37352973222732544,1,False
esco_1451,promote inclusion,2.B.5.d,Management of Personnel Resources,skill,0.3070836067199707,2,False
esco_1451,promote inclusion,2.C.4.f,Sociology and Anthropology,knowledge,0.3010101914405823,3,False
esco_1452,test tightness and pressure of refrigeration circuits,2.B.3.g,Operations Monitoring,skill,0.40573379397392273,1,False
esco_1452,test tightness and pressure of refrigeration circuits,2.B.3.j,Equipment Maintenance,skill,0.2610185742378235,2,False
esco_1452,test tightness and pressure of refrigeration circuits,2.B.3.k,Troubleshooting,skill,0.24551911652088165,3,False
esco_1453,demonstrate trustworthiness,2.B.1.a,Social Perceptiveness,skill,0.44284749031066895,1,False
esco_1453,demonstrate trustworthiness,2.A.1.d,Speaking,skill,0.42050209641456604,2,False
esco_1453,demonstrate trustworthiness,2.B.1.c,Persuasion,skill,0.38348326086997986,3,False
esco_1454,install monitors for process control,2.B.3.g,Operations Monitoring,skill,0.6338183879852295,1,True
esco_1454,install monitors for process control,2.B.3.d,Installation,skill,0.5264438390731812,2,True
esco_1454,install monitors for process control,2.B.3.j,Equipment Maintenance,skill,0.5089213252067566,3,True
esco_1455,cloud technologies,2.C.3.a,Computers and Electronics,knowledge,0.28403931856155396,1,False
esco_1455,cloud technologies,2.B.3.b,Technology Design,skill,0.2840285897254944,2,False
esco_1455,cloud technologies,2.B.3.e,Programming,skill,0.28362810611724854,3,False
esco_1456,maintain records of work with service users,2.B.1.f,Service Orientation,skill,0.4016103148460388,1,False
esco_1456,maintain records of work with service users,2.C.1.e,Customer and Personal Service,knowledge,0.37817156314849854,2,False
esco_1456,maintain records of work with service users,2.A.1.d,Speaking,skill,0.33844804763793945,3,False
esco_1457,accurately estimate work hours,2.B.5.a,Time Management,skill,0.5006575584411621,1,True
esco_1457,accurately estimate work hours,2.B.5.b,Management of Financial Resources,skill,0.4083041250705719,2,False
esco_1457,accurately estimate work hours,2.C.1.c,Economics and Accounting,knowledge,0.3011283874511719,3,False
esco_1458,coordinate environmental efforts,2.B.1.f,Service Orientation,skill,0.40811339020729065,1,False
esco_1458,coordinate environmental efforts,2.B.5.c,Management of Material Resources,skill,0.35501188039779663,2,False
esco_1458,coordinate environmental efforts,2.B.1.e,Instructing,skill,0.3386140763759613,3,False
esco_1459,respiratory medicine,2.C.5.a,Medicine and Dentistry,knowledge,0.3080427646636963,1,False
esco_1459,respiratory medicine,2.C.5.b,Therapy and Counseling,knowledge,0.2677297592163086,2,False
esco_1459,respiratory medicine,1.A.3.b.1,Stamina,ability,0.21444636583328247,3,False
esco_1460,ensure compliance with policies,2.B.1.f,Service Orientation,skill,0.4573858976364136,1,True
esco_1460,ensure compliance with policies,2.C.1.f,Personnel and Human Resources,knowledge,0.45705586671829224,2,True
esco_1460,ensure compliance with policies,2.B.5.d,Management of Personnel Resources,skill,0.455316424369812,3,True
esco_1461,process payments,2.B.5.b,Management of Financial Resources,skill,0.5233336091041565,1,True
esco_1461,process payments,2.B.5.d,Management of Personnel Resources,skill,0.4221402406692505,2,False
esco_1461,process payments,2.C.1.a,Administration and Management,knowledge,0.40167808532714844,3,False
esco_1462,show entrepreneurial spirit,2.B.1.f,Service Orientation,skill,0.4128589332103729,1,False
esco_1462,show entrepreneurial spirit,2.B.5.d,Management of Personnel Resources,skill,0.3551146984100342,2,False
esco_1462,show entrepreneurial spirit,1.A.1.a.3,Oral Expression,ability,0.29618215560913086,3,False
esco_1463,make data-driven decisions,2.A.2.b,Active Learning,skill,0.5182721018791199,1,True
esco_1463,make data-driven decisions,1.A.1.b.4,Deductive Reasoning,ability,0.4606124460697174,2,True
esco_1463,make data-driven decisions,2.B.2.i,Complex Problem Solving,skill,0.43920278549194336,3,False
esco_1464,provide written content,2.A.1.c,Writing,skill,0.5296460390090942,1,True
esco_1464,provide written content,2.A.1.d,Speaking,skill,0.4818943738937378,2,True
esco_1464,provide written content,1.A.1.a.4,Written Expression,ability,0.4807031750679016,3,True
esco_1465,interpret technical requirements,2.C.3.a,Computers and Electronics,knowledge,0.49160557985305786,1,True
esco_1465,interpret technical requirements,2.C.3.b,Engineering and Technology,knowledge,0.46880173683166504,2,True
esco_1465,interpret technical requirements,2.B.3.b,Technology Design,skill,0.45269644260406494,3,True
esco_1466,solving problems,2.A.1.e,Mathematics,skill,0.6868529319763184,1,True
esco_1466,solving problems,2.B.2.i,Complex Problem Solving,skill,0.6429067850112915,2,True
esco_1466,solving problems,1.A.1.c.1,Mathematical Reasoning,ability,0.5257128477096558,3,True
esco_1467,react to events in time-critical environments,2.B.5.a,Time Management,skill,0.5150638818740845,1,True
esco_1467,react to events in time-critical environments,2.B.1.b,Coordination,skill,0.5075833797454834,2,True
esco_1467,react to events in time-critical environments,2.B.1.a,Social Perceptiveness,skill,0.4986085295677185,3,True
esco_1468,principles of combustion engines,2.C.3.c,Design,knowledge,0.2616026997566223,1,False
esco_1468,principles of combustion engines,2.C.3.b,Engineering and Technology,knowledge,0.25257396697998047,2,False
esco_1468,principles of combustion engines,2.C.3.e,Mechanical,knowledge,0.24100802838802338,3,False
esco_1469,civil aviation regulations,2.C.1.e,Customer and Personal Service,knowledge,0.3591254651546478,1,False
esco_1469,civil aviation regulations,2.B.3.j,Equipment Maintenance,skill,0.35134580731391907,2,False
esco_1469,civil aviation regulations,2.B.3.h,Operation and Control,skill,0.3333386182785034,3,False
esco_1470,ICT project management methodologies,2.B.5.b,Management of Financial Resources,skill,0.4455927014350891,1,False
esco_1470,ICT project management methodologies,2.B.2.i,Complex Problem Solving,skill,0.3852090537548065,2,False
esco_1470,ICT project management methodologies,2.B.5.c,Management of Material Resources,skill,0.3850099444389343,3,False
esco_1471,organise information,1.A.1.b.6,Information Ordering,ability,0.47303473949432373,1,True
esco_1471,organise information,1.A.1.e.1,Speed of Closure,ability,0.43617984652519226,2,False
esco_1471,organise information,1.A.1.b.7,Category Flexibility,ability,0.3950355648994446,3,False
esco_1472,control engineering,2.B.3.h,Operation and Control,skill,0.5749331712722778,1,True
esco_1472,control engineering,1.A.2.b.1,Control Precision,ability,0.42693892121315,2,False
esco_1472,control engineering,2.B.3.g,Operations Monitoring,skill,0.4026710093021393,3,False
esco_1473,pneumatics,2.B.3.j,Equipment Maintenance,skill,0.4027402400970459,1,False
esco_1473,pneumatics,2.B.3.h,Operation and Control,skill,0.36807969212532043,2,False
esco_1473,pneumatics,2.B.3.l,Repairing,skill,0.36614418029785156,3,False
esco_1474,preparing mixtures or solutions,2.C.2.a,Production and Processing,knowledge,0.5136059522628784,1,True
esco_1474,preparing mixtures or solutions,2.A.1.f,Science,skill,0.4189647436141968,2,False
esco_1474,preparing mixtures or solutions,2.B.2.i,Complex Problem Solving,skill,0.409332811832428,3,False
esco_1475,apply basic programming skills,2.B.3.e,Programming,skill,0.6431382298469543,1,True
esco_1475,apply basic programming skills,2.C.3.a,Computers and Electronics,knowledge,0.4894484281539917,2,True
esco_1475,apply basic programming skills,2.A.1.e,Mathematics,skill,0.4290451407432556,3,False
esco_1476,draw blueprints,2.C.3.c,Design,knowledge,0.48665666580200195,1,True
esco_1476,draw blueprints,2.B.3.a,Operations Analysis,skill,0.37906569242477417,2,False
esco_1476,draw blueprints,2.B.1.e,Instructing,skill,0.35793307423591614,3,False
esco_1477,develop professional network,2.B.5.d,Management of Personnel Resources,skill,0.4383276700973511,1,False
esco_1477,develop professional network,2.A.1.d,Speaking,skill,0.4311487078666687,2,False
esco_1477,develop professional network,2.C.6,Education and Training,knowledge,0.37665727734565735,3,False
esco_1478,real-time computing,2.B.3.e,Programming,skill,0.42681750655174255,1,False
esco_1478,real-time computing,2.C.3.a,Computers and Electronics,knowledge,0.403005450963974,2,False
esco_1478,real-time computing,2.B.4.g,Systems Analysis,skill,0.3805621862411499,3,False
esco_1479,implement ICT network diagnostic tools,2.B.3.k,Troubleshooting,skill,0.535155177116394,1,True
esco_1479,implement ICT network diagnostic tools,2.B.3.g,Operations Monitoring,skill,0.4095790386199951,2,False
esco_1479,implement ICT network diagnostic tools,2.B.3.j,Equipment Maintenance,skill,0.3693885803222656,3,False
esco_1480,build networks,2.A.1.d,Speaking,skill,0.4320654273033142,1,False
esco_1480,build networks,2.B.2.i,Complex Problem Solving,skill,0.38961198925971985,2,False
esco_1480,build networks,2.B.5.d,Management of Personnel Resources,skill,0.38587284088134766,3,False
esco_1481,assigning work to others,2.B.5.d,Management of Personnel Resources,skill,0.34395676851272583,1,False
esco_1481,assigning work to others,2.B.1.e,Instructing,skill,0.3169057369232178,2,False
esco_1481,assigning work to others,2.B.5.b,Management of Financial Resources,skill,0.3012685179710388,3,False
esco_1482,prepare visual data,2.B.3.e,Programming,skill,0.4004252552986145,1,False
esco_1482,prepare visual data,1.A.1.f.2,Visualization,ability,0.3888148069381714,2,False
esco_1482,prepare visual data,2.C.3.a,Computers and Electronics,knowledge,0.3707466423511505,3,False
esco_1483,SQL Server,2.B.3.k,Troubleshooting,skill,0.28909599781036377,1,False
esco_1483,SQL Server,2.C.3.a,Computers and Electronics,knowledge,0.2884090840816498,2,False
esco_1483,SQL Server,2.C.9.a,Telecommunications,knowledge,0.2837179899215698,3,False
esco_1484,work with broad variety of personalities,2.B.5.d,Management of Personnel Resources,skill,0.45799702405929565,1,True
esco_1484,work with broad variety of personalities,2.B.1.d,Negotiation,skill,0.4192180037498474,2,False
esco_1484,work with broad variety of personalities,2.B.5.a,Time Management,skill,0.40995359420776367,3,False
esco_1485,implement efficiency plans for logistics operations,2.B.3.a,Operations Analysis,skill,0.4764028489589691,1,True
esco_1485,implement efficiency plans for logistics operations,2.C.2.a,Production and Processing,knowledge,0.4302363693714142,2,False
esco_1485,implement efficiency plans for logistics operations,2.C.1.a,Administration and Management,knowledge,0.3579756021499634,3,False
esco_1486,demonstrate intercultural competence,1.A.1.a.3,Oral Expression,ability,0.436538964509964,1,False
esco_1486,demonstrate intercultural competence,2.A.1.d,Speaking,skill,0.3956158459186554,2,False
esco_1486,demonstrate intercultural competence,2.A.1.b,Active Listening,skill,0.37635481357574463,3,False
esco_1487,arrange permits,2.C.1.b,Administrative,knowledge,0.38066524267196655,1,False
esco_1487,arrange permits,1.A.1.b.6,Information Ordering,ability,0.37312132120132446,2,False
esco_1487,arrange permits,2.C.8.b,Law and Government,knowledge,0.37158089876174927,3,False
esco_1488,management skills,2.C.1.a,Administration and Management,knowledge,0.5794632434844971,1,True
esco_1488,management skills,2.B.5.d,Management of Personnel Resources,skill,0.5788857936859131,2,True
esco_1488,management skills,2.C.1.f,Personnel and Human Resources,knowledge,0.43493831157684326,3,False
esco_1489,differentiate nuance of colours,1.A.4.a.3,Visual Color Discrimination,ability,0.5114160776138306,1,True
esco_1489,differentiate nuance of colours,2.B.1.a,Social Perceptiveness,skill,0.3453518748283386,2,False
esco_1489,differentiate nuance of colours,2.A.1.c,Writing,skill,0.34035220742225647,3,False
esco_1490,evaluate spatial information,2.C.4.g,Geography,knowledge,0.4693475663661957,1,True
esco_1490,evaluate spatial information,1.A.1.f.1,Spatial Orientation,ability,0.4692959487438202,2,True
esco_1490,evaluate spatial information,1.A.1.e.1,Speed of Closure,ability,0.3983365297317505,3,False
esco_1491,provide ICT support,2.C.3.a,Computers and Electronics,knowledge,0.4205108880996704,1,False
esco_1491,provide ICT support,2.B.3.l,Repairing,skill,0.4023955464363098,2,False
esco_1491,provide ICT support,2.B.3.e,Programming,skill,0.39090853929519653,3,False
esco_1492,developing operational policies and procedures,2.B.5.d,Management of Personnel Resources,skill,0.6034306287765503,1,True
esco_1492,developing operational policies and procedures,2.C.1.f,Personnel and Human Resources,knowledge,0.5686756372451782,2,True
esco_1492,developing operational policies and procedures,2.C.1.a,Administration and Management,knowledge,0.5174788236618042,3,True
esco_1493,ensure proper document management,2.A.1.a,Reading Comprehension,skill,0.43832090497016907,1,False
esco_1493,ensure proper document management,2.B.5.d,Management of Personnel Resources,skill,0.42164480686187744,2,False
esco_1493,ensure proper document management,2.C.1.b,Administrative,knowledge,0.3986789584159851,3,False
esco_1494,analyse seismic risk,2.C.3.d,Building and Construction,knowledge,0.36389797925949097,1,False
esco_1494,analyse seismic risk,2.A.2.b,Active Learning,skill,0.3218105435371399,2,False
esco_1494,analyse seismic risk,2.C.8.a,Public Safety and Security,knowledge,0.3157862722873688,3,False
esco_1495,management consulting,2.C.1.a,Administration and Management,knowledge,0.5083567500114441,1,True
esco_1495,management consulting,2.B.5.b,Management of Financial Resources,skill,0.46691691875457764,2,True
esco_1495,management consulting,2.B.5.d,Management of Personnel Resources,skill,0.4436420798301697,3,False
esco_1496,style sheet languages,2.B.3.e,Programming,skill,0.42991095781326294,1,False
esco_1496,style sheet languages,2.C.3.a,Computers and Electronics,knowledge,0.33712583780288696,2,False
esco_1496,style sheet languages,2.A.1.c,Writing,skill,0.3177821636199951,3,False
esco_1497,work independently,2.B.5.a,Time Management,skill,0.35007524490356445,1,False
esco_1497,work independently,2.B.1.f,Service Orientation,skill,0.3330085575580597,2,False
esco_1497,work independently,2.B.5.d,Management of Personnel Resources,skill,0.33043360710144043,3,False
esco_1498,think innovatively,1.A.1.b.2,Originality,ability,0.45665600895881653,1,True
esco_1498,think innovatively,2.A.2.a,Critical Thinking,skill,0.42732685804367065,2,False
esco_1498,think innovatively,2.B.2.i,Complex Problem Solving,skill,0.3868711590766907,3,False
esco_1499,perform safety data analysis,2.B.3.k,Troubleshooting,skill,0.43126702308654785,1,False
esco_1499,perform safety data analysis,2.B.3.j,Equipment Maintenance,skill,0.3926967978477478,2,False
esco_1499,perform safety data analysis,2.B.3.e,Programming,skill,0.3901181221008301,3,False
esco_1500,evaluate industrial hygiene,2.B.3.j,Equipment Maintenance,skill,0.43096739053726196,1,False
esco_1500,evaluate industrial hygiene,2.B.3.c,Equipment Selection,skill,0.39061039686203003,2,False
esco_1500,evaluate industrial hygiene,2.C.6,Education and Training,knowledge,0.3737460970878601,3,False
esco_1501,apply technical communication skills,2.A.1.d,Speaking,skill,0.5984238982200623,1,True
esco_1501,apply technical communication skills,2.A.1.c,Writing,skill,0.493760347366333,2,True
esco_1501,apply technical communication skills,2.B.1.e,Instructing,skill,0.44679832458496094,3,False
esco_1502,install operating system,2.B.3.d,Installation,skill,0.49413377046585083,1,True
esco_1502,install operating system,2.C.3.a,Computers and Electronics,knowledge,0.36998215317726135,2,False
esco_1502,install operating system,2.B.3.l,Repairing,skill,0.3569531738758087,3,False
esco_1503,civil law,2.C.8.b,Law and Government,knowledge,0.5149481296539307,1,True
esco_1503,civil law,2.C.1.a,Administration and Management,knowledge,0.3710259199142456,2,False
esco_1503,civil law,2.C.1.f,Personnel and Human Resources,knowledge,0.34071868658065796,3,False
esco_1504,organise project meetings,2.B.5.d,Management of Personnel Resources,skill,0.4683159589767456,1,True
esco_1504,organise project meetings,2.C.1.a,Administration and Management,knowledge,0.4553692936897278,2,True
esco_1504,organise project meetings,2.B.5.b,Management of Financial Resources,skill,0.40299394726753235,3,False
esco_1505,promote facilities management services,2.B.5.d,Management of Personnel Resources,skill,0.4710366725921631,1,True
esco_1505,promote facilities management services,2.C.1.a,Administration and Management,knowledge,0.4691883623600006,2,True
esco_1505,promote facilities management services,2.B.1.f,Service Orientation,skill,0.4521161913871765,3,True
esco_1506,maintain props,2.A.1.d,Speaking,skill,0.4071798026561737,1,False
esco_1506,maintain props,2.B.1.b,Coordination,skill,0.382765531539917,2,False
esco_1506,maintain props,2.B.1.d,Negotiation,skill,0.36537379026412964,3,False
esco_1507,write scientific publications,2.A.1.c,Writing,skill,0.4625205397605896,1,True
esco_1507,write scientific publications,1.A.1.a.4,Written Expression,ability,0.4351179301738739,2,False
esco_1507,write scientific publications,2.A.1.f,Science,skill,0.42443162202835083,3,False
esco_1508,operate lifting equipment,2.B.3.j,Equipment Maintenance,skill,0.5619174242019653,1,True
esco_1508,operate lifting equipment,2.B.3.c,Equipment Selection,skill,0.5252814292907715,2,True
esco_1508,operate lifting equipment,2.B.3.h,Operation and Control,skill,0.4672747850418091,3,True
esco_1509,deliver visual presentation of data,1.A.1.f.2,Visualization,ability,0.4388827979564667,1,False
esco_1509,deliver visual presentation of data,2.A.1.d,Speaking,skill,0.409110426902771,2,False
esco_1509,deliver visual presentation of data,2.A.1.c,Writing,skill,0.3894156217575073,3,False
esco_1510,use chemical analysis equipment,2.B.3.c,Equipment Selection,skill,0.402077317237854,1,False
esco_1510,use chemical analysis equipment,2.C.2.a,Production and Processing,knowledge,0.39759525656700134,2,False
esco_1510,use chemical analysis equipment,2.C.4.c,Chemistry,knowledge,0.3611840307712555,3,False
esco_1511,demonstrate awareness of health risks,2.B.1.f,Service Orientation,skill,0.45911064743995667,1,True
esco_1511,demonstrate awareness of health risks,2.A.1.d,Speaking,skill,0.43088266253471375,2,False
esco_1511,demonstrate awareness of health risks,2.B.1.e,Instructing,skill,0.41148582100868225,3,False
esco_1512,organisational structure,2.C.1.a,Administration and Management,knowledge,0.522487998008728,1,True
esco_1512,organisational structure,2.B.5.d,Management of Personnel Resources,skill,0.41608697175979614,2,False
esco_1512,organisational structure,2.B.5.b,Management of Financial Resources,skill,0.41323745250701904,3,False
esco_1513,carrying out forensic and police investigations,2.A.1.f,Science,skill,0.40253305435180664,1,False
esco_1513,carrying out forensic and police investigations,2.C.5.a,Medicine and Dentistry,knowledge,0.3896223306655884,2,False
esco_1513,carrying out forensic and police investigations,2.C.4.e,Psychology,knowledge,0.38144636154174805,3,False
esco_1514,ICT architectural frameworks,2.B.3.b,Technology Design,skill,0.4589237570762634,1,True
esco_1514,ICT architectural frameworks,2.C.9.a,Telecommunications,knowledge,0.39701828360557556,2,False
esco_1514,ICT architectural frameworks,2.B.3.a,Operations Analysis,skill,0.3951719403266907,3,False
esco_1515,desktop publishing,2.B.3.e,Programming,skill,0.41506773233413696,1,False
esco_1515,desktop publishing,2.C.9.b,Communications and Media,knowledge,0.3800945281982422,2,False
esco_1515,desktop publishing,2.B.3.b,Technology Design,skill,0.3317813575267792,3,False
esco_1516,prepare subgrade for road pavement,2.C.3.d,Building and Construction,knowledge,0.328312486410141,1,False
esco_1516,prepare subgrade for road pavement,2.B.5.c,Management of Material Resources,skill,0.23861292004585266,2,False
esco_1516,prepare subgrade for road pavement,2.B.3.a,Operations Analysis,skill,0.23276036977767944,3,False
esco_1517,implement front-end website design,2.B.3.e,Programming,skill,0.3876408040523529,1,False
esco_1517,implement front-end website design,2.B.3.b,Technology Design,skill,0.30109167098999023,2,False
esco_1517,implement front-end website design,2.C.3.a,Computers and Electronics,knowledge,0.2932046353816986,3,False
esco_1518,application usability,2.B.3.a,Operations Analysis,skill,0.42323413491249084,1,False
esco_1518,application usability,2.B.3.e,Programming,skill,0.41657525300979614,2,False
esco_1518,application usability,2.B.3.b,Technology Design,skill,0.41009801626205444,3,False
esco_1519,repair industrial equipment,2.B.3.l,Repairing,skill,0.7322776317596436,1,True
esco_1519,repair industrial equipment,2.B.3.j,Equipment Maintenance,skill,0.6235185265541077,2,True
esco_1519,repair industrial equipment,2.B.3.g,Operations Monitoring,skill,0.47880762815475464,3,True
esco_1520,results-based management,2.B.5.b,Management of Financial Resources,skill,0.5036048293113708,1,True
esco_1520,results-based management,2.C.1.a,Administration and Management,knowledge,0.4521275758743286,2,True
esco_1520,results-based management,2.B.5.d,Management of Personnel Resources,skill,0.4264836311340332,3,False
esco_1521,policy analysis,2.C.4.f,Sociology and Anthropology,knowledge,0.4090082049369812,1,False
esco_1521,policy analysis,2.C.8.b,Law and Government,knowledge,0.3426116704940796,2,False
esco_1521,policy analysis,2.C.1.c,Economics and Accounting,knowledge,0.31504741311073303,3,False
esco_1522,report analysis results,2.A.1.d,Speaking,skill,0.5006087422370911,1,True
esco_1522,report analysis results,2.C.4.e,Psychology,knowledge,0.500304639339447,2,True
esco_1522,report analysis results,2.B.1.a,Social Perceptiveness,skill,0.4455476403236389,3,False
esco_1523,driving heavy vehicles,2.B.3.c,Equipment Selection,skill,0.33657845854759216,1,False
esco_1523,driving heavy vehicles,2.C.3.a,Computers and Electronics,knowledge,0.32363301515579224,2,False
esco_1523,driving heavy vehicles,2.B.3.j,Equipment Maintenance,skill,0.3196563124656677,3,False
esco_1524,adjust priorities,2.B.5.a,Time Management,skill,0.5978443026542664,1,True
esco_1524,adjust priorities,2.B.5.d,Management of Personnel Resources,skill,0.5168555378913879,2,True
esco_1524,adjust priorities,2.B.4.e,Judgment and Decision Making,skill,0.44432494044303894,3,False
esco_1525,supervising people,2.B.1.e,Instructing,skill,0.6511266827583313,1,True
esco_1525,supervising people,2.B.5.d,Management of Personnel Resources,skill,0.6302663683891296,2,True
esco_1525,supervising people,2.C.6,Education and Training,knowledge,0.5083997249603271,3,True
esco_1526,manage claims process,2.B.5.d,Management of Personnel Resources,skill,0.45394402742385864,1,True
esco_1526,manage claims process,2.C.1.f,Personnel and Human Resources,knowledge,0.4168495833873749,2,False
esco_1526,manage claims process,2.C.1.b,Administrative,knowledge,0.4123174548149109,3,False
esco_1527,manage project metrics,2.B.5.b,Management of Financial Resources,skill,0.37302738428115845,1,False
esco_1527,manage project metrics,2.A.2.d,Monitoring,skill,0.36436402797698975,2,False
esco_1527,manage project metrics,2.B.3.g,Operations Monitoring,skill,0.29630324244499207,3,False
esco_1528,"conducting studies, investigations and examinations",2.A.1.f,Science,skill,0.5237280130386353,1,True
esco_1528,"conducting studies, investigations and examinations",2.C.4.e,Psychology,knowledge,0.4929986596107483,2,True
esco_1528,"conducting studies, investigations and examinations",2.C.6,Education and Training,knowledge,0.4272877871990204,3,False
esco_1529,manage maintenance operations,2.B.3.j,Equipment Maintenance,skill,0.5851823091506958,1,True
esco_1529,manage maintenance operations,2.B.5.d,Management of Personnel Resources,skill,0.5306112766265869,2,True
esco_1529,manage maintenance operations,2.C.1.f,Personnel and Human Resources,knowledge,0.4881211221218109,3,True
esco_1530,liaise with engineers,2.C.3.b,Engineering and Technology,knowledge,0.4697079062461853,1,True
esco_1530,liaise with engineers,2.C.3.c,Design,knowledge,0.44058775901794434,2,False
esco_1530,liaise with engineers,2.A.1.d,Speaking,skill,0.4268472492694855,3,False
esco_1531,think creatively,2.A.2.a,Critical Thinking,skill,0.43433576822280884,1,False
esco_1531,think creatively,1.A.1.b.2,Originality,ability,0.41574278473854065,2,False
esco_1531,think creatively,1.A.1.b.1,Fluency of Ideas,ability,0.4077165722846985,3,False
esco_1532,promote mental health,2.C.5.b,Therapy and Counseling,knowledge,0.558813750743866,1,True
esco_1532,promote mental health,2.C.6,Education and Training,knowledge,0.4632244110107422,2,True
esco_1532,promote mental health,2.C.4.e,Psychology,knowledge,0.4560880661010742,3,True
esco_1533,interact with healthcare users,2.B.1.f,Service Orientation,skill,0.45012879371643066,1,True
esco_1533,interact with healthcare users,2.A.1.d,Speaking,skill,0.4368134140968323,2,False
esco_1533,interact with healthcare users,2.A.1.c,Writing,skill,0.37250372767448425,3,False
esco_1534,support witnesses,2.B.1.f,Service Orientation,skill,0.4062488377094269,1,False
esco_1534,support witnesses,2.C.5.b,Therapy and Counseling,knowledge,0.3888186514377594,2,False
esco_1534,support witnesses,2.C.8.b,Law and Government,knowledge,0.3208654820919037,3,False
esco_1535,provide technical expertise,2.A.1.d,Speaking,skill,0.4613480567932129,1,True
esco_1535,provide technical expertise,2.B.2.i,Complex Problem Solving,skill,0.42509177327156067,2,False
esco_1535,provide technical expertise,2.B.3.b,Technology Design,skill,0.4175455570220947,3,False
esco_1536,human resources department processes,2.B.5.d,Management of Personnel Resources,skill,0.6769154071807861,1,True
esco_1536,human resources department processes,2.C.1.f,Personnel and Human Resources,knowledge,0.6715036034584045,2,True
esco_1536,human resources department processes,2.B.5.b,Management of Financial Resources,skill,0.48234817385673523,3,True
esco_1537,plan schedule,2.B.5.a,Time Management,skill,0.6164307594299316,1,True
esco_1537,plan schedule,2.B.5.d,Management of Personnel Resources,skill,0.48029178380966187,2,True
esco_1537,plan schedule,2.C.1.a,Administration and Management,knowledge,0.4551190733909607,3,True
esco_1538,apply for government funding,2.C.3.a,Computers and Electronics,knowledge,0.3738044202327728,1,False
esco_1538,apply for government funding,2.B.5.b,Management of Financial Resources,skill,0.3728514313697815,2,False
esco_1538,apply for government funding,2.C.8.b,Law and Government,knowledge,0.3674144148826599,3,False
esco_1539,providing medical advice,2.C.5.b,Therapy and Counseling,knowledge,0.4521918296813965,1,True
esco_1539,providing medical advice,2.C.5.a,Medicine and Dentistry,knowledge,0.4411041736602783,2,False
esco_1539,providing medical advice,2.B.1.f,Service Orientation,skill,0.4059279263019562,3,False
esco_1540,ecopedagogy,2.C.6,Education and Training,knowledge,0.41809752583503723,1,False
esco_1540,ecopedagogy,2.C.3.a,Computers and Electronics,knowledge,0.3718971014022827,2,False
esco_1540,ecopedagogy,2.C.4.d,Biology,knowledge,0.36477476358413696,3,False
esco_1541,maintain computer hardware,2.B.3.j,Equipment Maintenance,skill,0.7018635869026184,1,True
esco_1541,maintain computer hardware,2.B.3.l,Repairing,skill,0.6245173811912537,2,True
esco_1541,maintain computer hardware,2.C.3.a,Computers and Electronics,knowledge,0.4964049756526947,3,True
esco_1542,use photographic equipment,2.B.3.j,Equipment Maintenance,skill,0.5181117653846741,1,True
esco_1542,use photographic equipment,2.B.3.c,Equipment Selection,skill,0.4961627721786499,2,True
esco_1542,use photographic equipment,2.B.5.c,Management of Material Resources,skill,0.3847053349018097,3,False
esco_1543,quality assurance methodologies,2.B.3.m,Quality Control Analysis,skill,0.5745373368263245,1,True
esco_1543,quality assurance methodologies,2.A.2.d,Monitoring,skill,0.4660086929798126,2,True
esco_1543,quality assurance methodologies,2.B.5.d,Management of Personnel Resources,skill,0.42556101083755493,3,False
esco_1544,manage purchasing cycle,2.B.3.a,Operations Analysis,skill,0.42147621512413025,1,False
esco_1544,manage purchasing cycle,2.B.1.d,Negotiation,skill,0.35386398434638977,2,False
esco_1544,manage purchasing cycle,2.C.1.d,Sales and Marketing,knowledge,0.3536837100982666,3,False
esco_1545,lawn care,2.B.3.j,Equipment Maintenance,skill,0.2751867175102234,1,False
esco_1545,lawn care,2.B.1.f,Service Orientation,skill,0.23076269030570984,2,False
esco_1545,lawn care,2.C.1.e,Customer and Personal Service,knowledge,0.23042860627174377,3,False
esco_1546,legal terminology,2.C.8.b,Law and Government,knowledge,0.5429553985595703,1,True
esco_1546,legal terminology,2.C.1.b,Administrative,knowledge,0.41888850927352905,2,False
esco_1546,legal terminology,2.C.1.a,Administration and Management,knowledge,0.40735578536987305,3,False
esco_1547,making decisions,2.B.4.e,Judgment and Decision Making,skill,0.6032906770706177,1,True
esco_1547,making decisions,2.A.2.b,Active Learning,skill,0.4932386875152588,2,True
esco_1547,making decisions,2.B.2.i,Complex Problem Solving,skill,0.4876687228679657,3,True
esco_1548,negotiate supplier arrangements,2.B.1.d,Negotiation,skill,0.462663471698761,1,True
esco_1548,negotiate supplier arrangements,2.B.3.a,Operations Analysis,skill,0.42282941937446594,2,False
esco_1548,negotiate supplier arrangements,2.B.3.c,Equipment Selection,skill,0.34066131711006165,3,False
esco_1549,manage several projects,2.C.1.a,Administration and Management,knowledge,0.46655768156051636,1,True
esco_1549,manage several projects,2.B.5.d,Management of Personnel Resources,skill,0.4378516376018524,2,False
esco_1549,manage several projects,2.B.2.i,Complex Problem Solving,skill,0.36034220457077026,3,False
esco_1550,electricity,2.C.4.b,Physics,knowledge,0.3236730098724365,1,False
esco_1550,electricity,2.C.3.a,Computers and Electronics,knowledge,0.2888979911804199,2,False
esco_1550,electricity,2.C.9.a,Telecommunications,knowledge,0.2274843156337738,3,False
esco_1551,electric generators,2.B.3.b,Technology Design,skill,0.22124283015727997,1,False
esco_1551,electric generators,2.C.3.a,Computers and Electronics,knowledge,0.21401749551296234,2,False
esco_1551,electric generators,2.C.3.b,Engineering and Technology,knowledge,0.20188042521476746,3,False
esco_1552,write charity grant proposals,2.A.1.c,Writing,skill,0.3482511341571808,1,False
esco_1552,write charity grant proposals,2.B.5.b,Management of Financial Resources,skill,0.34096449613571167,2,False
esco_1552,write charity grant proposals,2.B.1.f,Service Orientation,skill,0.34076759219169617,3,False
esco_1553,rewrite articles,2.A.1.c,Writing,skill,0.436975359916687,1,False
esco_1553,rewrite articles,2.B.1.d,Negotiation,skill,0.4306403398513794,2,False
esco_1553,rewrite articles,2.A.1.d,Speaking,skill,0.3932386040687561,3,False
esco_1554,install software,2.B.3.d,Installation,skill,0.5167195796966553,1,True
esco_1554,install software,2.B.3.l,Repairing,skill,0.3098657727241516,2,False
esco_1554,install software,2.C.3.a,Computers and Electronics,knowledge,0.29829156398773193,3,False
esco_1555,ensure equipment maintenance,2.B.3.j,Equipment Maintenance,skill,0.7777777314186096,1,True
esco_1555,ensure equipment maintenance,2.B.3.l,Repairing,skill,0.5400723814964294,2,True
esco_1555,ensure equipment maintenance,2.B.5.c,Management of Material Resources,skill,0.5276919007301331,3,True
esco_1556,use specific data analysis software,2.B.3.e,Programming,skill,0.32306352257728577,1,False
esco_1556,use specific data analysis software,2.B.3.a,Operations Analysis,skill,0.3222547769546509,2,False
esco_1556,use specific data analysis software,2.B.4.g,Systems Analysis,skill,0.30580416321754456,3,False
esco_1557,combine multiple fields of knowledge,2.C.4.a,Mathematics,knowledge,0.4160538911819458,1,False
esco_1557,combine multiple fields of knowledge,2.C.3.a,Computers and Electronics,knowledge,0.4089309573173523,2,False
esco_1557,combine multiple fields of knowledge,1.A.1.b.7,Category Flexibility,ability,0.3980369567871094,3,False
esco_1558,inspect sewerage systems,2.B.3.j,Equipment Maintenance,skill,0.38165998458862305,1,False
esco_1558,inspect sewerage systems,2.B.2.i,Complex Problem Solving,skill,0.3642563819885254,2,False
esco_1558,inspect sewerage systems,2.B.4.g,Systems Analysis,skill,0.3381763696670532,3,False
esco_1559,ICT recovery techniques,2.B.3.l,Repairing,skill,0.4198952317237854,1,False
esco_1559,ICT recovery techniques,2.B.3.j,Equipment Maintenance,skill,0.31297290325164795,2,False
esco_1559,ICT recovery techniques,2.B.3.k,Troubleshooting,skill,0.30469590425491333,3,False
esco_1560,perform studies and field investigation,2.C.3.a,Computers and Electronics,knowledge,0.45225760340690613,1,True
esco_1560,perform studies and field investigation,2.C.4.a,Mathematics,knowledge,0.45163625478744507,2,True
esco_1560,perform studies and field investigation,2.A.1.f,Science,skill,0.4394741654396057,3,False
esco_1561,type at speed,1.A.1.e.1,Speed of Closure,ability,0.5173479318618774,1,True
esco_1561,type at speed,2.A.1.d,Speaking,skill,0.40170782804489136,2,False
esco_1561,type at speed,1.A.1.a.2,Written Comprehension,ability,0.37106579542160034,3,False
esco_1562,transcribe texts,2.A.1.a,Reading Comprehension,skill,0.5305033922195435,1,True
esco_1562,transcribe texts,1.A.1.a.2,Written Comprehension,ability,0.46595513820648193,2,True
esco_1562,transcribe texts,2.A.1.c,Writing,skill,0.4349074363708496,3,False
esco_1563,respond to customers' inquiries,2.C.1.e,Customer and Personal Service,knowledge,0.5359718799591064,1,True
esco_1563,respond to customers' inquiries,2.B.1.f,Service Orientation,skill,0.44226929545402527,2,False
esco_1563,respond to customers' inquiries,2.B.5.d,Management of Personnel Resources,skill,0.38115739822387695,3,False
esco_1564,teaching and training,2.C.6,Education and Training,knowledge,0.6455730199813843,1,True
esco_1564,teaching and training,2.B.1.e,Instructing,skill,0.6191219687461853,2,True
esco_1564,teaching and training,2.A.2.c,Learning Strategies,skill,0.6058783531188965,3,True
esco_1565,focus on service,2.B.1.f,Service Orientation,skill,0.6835596561431885,1,True
esco_1565,focus on service,2.C.5.b,Therapy and Counseling,knowledge,0.418570339679718,2,False
esco_1565,focus on service,2.B.1.e,Instructing,skill,0.40544426441192627,3,False
esco_1566,operate scientific measuring equipment,2.B.3.g,Operations Monitoring,skill,0.5468813180923462,1,True
esco_1566,operate scientific measuring equipment,2.B.3.j,Equipment Maintenance,skill,0.4967638850212097,2,True
esco_1566,operate scientific measuring equipment,2.B.3.c,Equipment Selection,skill,0.44941383600234985,3,False
esco_1567,scientific modelling,2.A.1.f,Science,skill,0.5184046030044556,1,True
esco_1567,scientific modelling,2.B.4.g,Systems Analysis,skill,0.44949913024902344,2,False
esco_1567,scientific modelling,2.C.4.b,Physics,knowledge,0.42387741804122925,3,False
esco_1568,prepare building site,2.C.6,Education and Training,knowledge,0.5241750478744507,1,True
esco_1568,prepare building site,2.C.3.d,Building and Construction,knowledge,0.49633896350860596,2,True
esco_1568,prepare building site,2.A.2.c,Learning Strategies,skill,0.4676855504512787,3,True
esco_1569,manage a team,2.B.5.d,Management of Personnel Resources,skill,0.604083776473999,1,True
esco_1569,manage a team,2.A.1.d,Speaking,skill,0.5021244883537292,2,True
esco_1569,manage a team,2.C.1.a,Administration and Management,knowledge,0.4660244584083557,3,True
esco_1570,constitutional law,2.C.8.b,Law and Government,knowledge,0.549296498298645,1,True
esco_1570,constitutional law,2.C.1.a,Administration and Management,knowledge,0.3920944333076477,2,False
esco_1570,constitutional law,2.B.5.b,Management of Financial Resources,skill,0.30473703145980835,3,False
esco_1571,remote sensing techniques,2.C.4.g,Geography,knowledge,0.27603763341903687,1,False
esco_1571,remote sensing techniques,2.A.1.f,Science,skill,0.21311205625534058,2,False
esco_1571,remote sensing techniques,1.A.4.a.2,Far Vision,ability,0.2025662362575531,3,False
esco_1572,use tools for construction and repair,2.B.3.c,Equipment Selection,skill,0.5841667652130127,1,True
esco_1572,use tools for construction and repair,2.B.3.l,Repairing,skill,0.48373860120773315,2,True
esco_1572,use tools for construction and repair,2.C.3.d,Building and Construction,knowledge,0.46419447660446167,3,True
esco_1573,identifying opportunities,2.B.5.d,Management of Personnel Resources,skill,0.44958534836769104,1,False
esco_1573,identifying opportunities,2.B.1.f,Service Orientation,skill,0.3815684914588928,2,False
esco_1573,identifying opportunities,2.C.1.f,Personnel and Human Resources,knowledge,0.37230998277664185,3,False
esco_1574,manage employee complaints,2.B.5.d,Management of Personnel Resources,skill,0.5343175530433655,1,True
esco_1574,manage employee complaints,2.C.1.f,Personnel and Human Resources,knowledge,0.4644654393196106,2,True
esco_1574,manage employee complaints,2.B.5.a,Time Management,skill,0.40685731172561646,3,False
esco_1575,construction methods,2.C.3.d,Building and Construction,knowledge,0.6027462482452393,1,True
esco_1575,construction methods,2.C.3.c,Design,knowledge,0.47990500926971436,2,True
esco_1575,construction methods,2.B.3.c,Equipment Selection,skill,0.4727047085762024,3,True
esco_1576,data quality assessment,2.B.3.m,Quality Control Analysis,skill,0.3651098608970642,1,False
esco_1576,data quality assessment,2.B.3.a,Operations Analysis,skill,0.27233102917671204,2,False
esco_1576,data quality assessment,2.A.2.d,Monitoring,skill,0.26901185512542725,3,False
esco_1577,preparation for parenthood,2.C.4.a,Mathematics,knowledge,0.2846650183200836,1,False
esco_1577,preparation for parenthood,2.C.6,Education and Training,knowledge,0.27616584300994873,2,False
esco_1577,preparation for parenthood,2.C.4.e,Psychology,knowledge,0.270901083946228,3,False
esco_1578,structure information,1.A.1.b.6,Information Ordering,ability,0.4544724225997925,1,True
esco_1578,structure information,1.A.1.b.7,Category Flexibility,ability,0.44471845030784607,2,False
esco_1578,structure information,1.A.1.e.1,Speed of Closure,ability,0.3859570622444153,3,False
esco_1579,provide customer follow-up,2.C.1.d,Sales and Marketing,knowledge,0.43240684270858765,1,False
esco_1579,provide customer follow-up,2.C.1.e,Customer and Personal Service,knowledge,0.4163064956665039,2,False
esco_1579,provide customer follow-up,2.B.1.f,Service Orientation,skill,0.37930527329444885,3,False
esco_1580,project configuration management,2.B.3.d,Installation,skill,0.4555971026420593,1,True
esco_1580,project configuration management,2.B.5.b,Management of Financial Resources,skill,0.4248887896537781,2,False
esco_1580,project configuration management,2.B.3.a,Operations Analysis,skill,0.4167277216911316,3,False
esco_1581,real estate underwriting,2.B.5.b,Management of Financial Resources,skill,0.3351903557777405,1,False
esco_1581,real estate underwriting,2.C.1.c,Economics and Accounting,knowledge,0.2855771780014038,2,False
esco_1581,real estate underwriting,2.C.8.b,Law and Government,knowledge,0.2211104929447174,3,False
esco_1582,Python (computer programming),2.B.3.e,Programming,skill,0.6199280619621277,1,True
esco_1582,Python (computer programming),2.C.3.a,Computers and Electronics,knowledge,0.38252925872802734,2,False
esco_1582,Python (computer programming),2.C.9.a,Telecommunications,knowledge,0.36574268341064453,3,False
esco_1583,business ICT systems,2.B.3.a,Operations Analysis,skill,0.421535462141037,1,False
esco_1583,business ICT systems,2.C.9.a,Telecommunications,knowledge,0.4070090353488922,2,False
esco_1583,business ICT systems,2.B.3.b,Technology Design,skill,0.4011076092720032,3,False
esco_1584,keep records of work progress,2.B.5.d,Management of Personnel Resources,skill,0.48477840423583984,1,True
esco_1584,keep records of work progress,2.B.5.a,Time Management,skill,0.4572039246559143,2,True
esco_1584,keep records of work progress,2.A.1.d,Speaking,skill,0.42923209071159363,3,False
esco_1585,prepare samples for testing,2.B.3.m,Quality Control Analysis,skill,0.34251344203948975,1,False
esco_1585,prepare samples for testing,2.B.3.j,Equipment Maintenance,skill,0.3420591354370117,2,False
esco_1585,prepare samples for testing,2.A.2.c,Learning Strategies,skill,0.329973042011261,3,False
esco_1586,perform project management,2.A.1.d,Speaking,skill,0.44972464442253113,1,False
esco_1586,perform project management,2.B.5.b,Management of Financial Resources,skill,0.420675128698349,2,False
esco_1586,perform project management,2.B.2.i,Complex Problem Solving,skill,0.41282954812049866,3,False
esco_1587,coordinate communication within a team,2.B.1.b,Coordination,skill,0.5612771511077881,1,True
esco_1587,coordinate communication within a team,2.A.1.d,Speaking,skill,0.5498482584953308,2,True
esco_1587,coordinate communication within a team,2.C.9.b,Communications and Media,knowledge,0.4377669394016266,3,False
esco_1588,establish customer rapport,2.C.1.e,Customer and Personal Service,knowledge,0.493044912815094,1,True
esco_1588,establish customer rapport,2.A.1.d,Speaking,skill,0.44563302397727966,2,False
esco_1588,establish customer rapport,2.B.1.f,Service Orientation,skill,0.44241321086883545,3,False
esco_1589,write inspection reports,2.C.4.e,Psychology,knowledge,0.47748103737831116,1,True
esco_1589,write inspection reports,2.C.6,Education and Training,knowledge,0.45313286781311035,2,True
esco_1589,write inspection reports,2.A.1.c,Writing,skill,0.45295214653015137,3,True
esco_1590,ensure safety of healthcare users,2.C.8.a,Public Safety and Security,knowledge,0.4348411560058594,1,False
esco_1590,ensure safety of healthcare users,2.C.5.a,Medicine and Dentistry,knowledge,0.3546257019042969,2,False
esco_1590,ensure safety of healthcare users,2.C.1.f,Personnel and Human Resources,knowledge,0.3293222486972809,3,False
esco_1591,leading and motivating,2.B.5.d,Management of Personnel Resources,skill,0.5138601660728455,1,True
esco_1591,leading and motivating,2.B.1.e,Instructing,skill,0.512506365776062,2,True
esco_1591,leading and motivating,2.B.1.f,Service Orientation,skill,0.4571472108364105,3,True
esco_1592,iOS,2.B.3.e,Programming,skill,0.3751552999019623,1,False
esco_1592,iOS,2.C.3.a,Computers and Electronics,knowledge,0.34641048312187195,2,False
esco_1592,iOS,2.C.9.a,Telecommunications,knowledge,0.33816659450531006,3,False
esco_1593,collaborate in company's daily operations,2.A.1.d,Speaking,skill,0.5000792741775513,1,True
esco_1593,collaborate in company's daily operations,2.B.5.d,Management of Personnel Resources,skill,0.4609115719795227,2,True
esco_1593,collaborate in company's daily operations,2.B.1.b,Coordination,skill,0.4412241578102112,3,False
esco_1594,perform copywriting,2.A.1.c,Writing,skill,0.5188532471656799,1,True
esco_1594,perform copywriting,1.A.1.a.4,Written Expression,ability,0.4388822019100189,2,False
esco_1594,perform copywriting,2.A.1.d,Speaking,skill,0.3738388121128082,3,False
esco_1595,operation of lifting gears,2.B.3.j,Equipment Maintenance,skill,0.4633280634880066,1,True
esco_1595,operation of lifting gears,2.B.3.c,Equipment Selection,skill,0.42802441120147705,2,False
esco_1595,operation of lifting gears,2.B.3.l,Repairing,skill,0.42003393173217773,3,False
esco_1596,ethics,2.B.1.f,Service Orientation,skill,0.4496038854122162,1,False
esco_1596,ethics,2.C.4.e,Psychology,knowledge,0.3943808376789093,2,False
esco_1596,ethics,2.C.8.b,Law and Government,knowledge,0.3873060345649719,3,False
esco_1597,clinical coding,2.C.5.a,Medicine and Dentistry,knowledge,0.414010614156723,1,False
esco_1597,clinical coding,2.C.5.b,Therapy and Counseling,knowledge,0.4039607644081116,2,False
esco_1597,clinical coding,2.B.3.e,Programming,skill,0.39321666955947876,3,False
esco_1598,office software,2.B.3.e,Programming,skill,0.43486130237579346,1,False
esco_1598,office software,2.B.3.b,Technology Design,skill,0.35368192195892334,2,False
esco_1598,office software,2.B.3.a,Operations Analysis,skill,0.35202720761299133,3,False
esco_1599,perform backups,2.B.3.j,Equipment Maintenance,skill,0.3297432065010071,1,False
esco_1599,perform backups,2.B.3.l,Repairing,skill,0.3279302418231964,2,False
esco_1599,perform backups,2.B.3.k,Troubleshooting,skill,0.31899192929267883,3,False
esco_1600,mobile device management,2.B.3.b,Technology Design,skill,0.3796195685863495,1,False
esco_1600,mobile device management,2.B.3.j,Equipment Maintenance,skill,0.3582398593425751,2,False
esco_1600,mobile device management,2.C.9.a,Telecommunications,knowledge,0.3393009305000305,3,False
esco_1601,leadership in nursing,2.B.5.d,Management of Personnel Resources,skill,0.5023555159568787,1,True
esco_1601,leadership in nursing,2.B.1.f,Service Orientation,skill,0.39650198817253113,2,False
esco_1601,leadership in nursing,2.C.1.a,Administration and Management,knowledge,0.36909493803977966,3,False
esco_1602,heat transfer processes,2.C.2.a,Production and Processing,knowledge,0.30446434020996094,1,False
esco_1602,heat transfer processes,2.C.3.b,Engineering and Technology,knowledge,0.28077706694602966,2,False
esco_1602,heat transfer processes,2.B.5.c,Management of Material Resources,skill,0.26192763447761536,3,False
esco_1603,planning events and programmes,2.B.5.d,Management of Personnel Resources,skill,0.4346006512641907,1,False
esco_1603,planning events and programmes,2.B.1.e,Instructing,skill,0.4343891143798828,2,False
esco_1603,planning events and programmes,2.C.6,Education and Training,knowledge,0.4182624816894531,3,False
esco_1604,use technical documentation,2.A.2.c,Learning Strategies,skill,0.3772689402103424,1,False
esco_1604,use technical documentation,2.A.1.c,Writing,skill,0.3727260231971741,2,False
esco_1604,use technical documentation,1.A.1.a.4,Written Expression,ability,0.3652045726776123,3,False
esco_1605,manage website,2.B.3.e,Programming,skill,0.3677768111228943,1,False
esco_1605,manage website,2.C.3.a,Computers and Electronics,knowledge,0.3388122022151947,2,False
esco_1605,manage website,2.C.1.b,Administrative,knowledge,0.33163687586784363,3,False
esco_1606,manage ground maintenance,2.B.3.j,Equipment Maintenance,skill,0.5552346706390381,1,True
esco_1606,manage ground maintenance,2.C.1.a,Administration and Management,knowledge,0.47663813829421997,2,True
esco_1606,manage ground maintenance,2.B.5.d,Management of Personnel Resources,skill,0.45363736152648926,3,True
esco_1607,implement risk management for outdoors,2.C.8.a,Public Safety and Security,knowledge,0.4389793276786804,1,False
esco_1607,implement risk management for outdoors,2.B.3.j,Equipment Maintenance,skill,0.4201025366783142,2,False
esco_1607,implement risk management for outdoors,2.B.5.c,Management of Material Resources,skill,0.39231178164482117,3,False
esco_1608,national generally accepted accounting principles,2.C.1.c,Economics and Accounting,knowledge,0.5366901159286499,1,True
esco_1608,national generally accepted accounting principles,2.B.5.b,Management of Financial Resources,skill,0.5118457078933716,2,True
esco_1608,national generally accepted accounting principles,2.C.1.a,Administration and Management,knowledge,0.4337187111377716,3,False
esco_1609,ICT infrastructure,2.B.3.b,Technology Design,skill,0.43194442987442017,1,False
esco_1609,ICT infrastructure,2.B.3.d,Installation,skill,0.40843892097473145,2,False
esco_1609,ICT infrastructure,2.B.3.j,Equipment Maintenance,skill,0.40157076716423035,3,False
esco_1610,present reports,2.A.1.d,Speaking,skill,0.5328461527824402,1,True
esco_1610,present reports,2.C.4.e,Psychology,knowledge,0.4698590040206909,2,True
esco_1610,present reports,2.C.5.b,Therapy and Counseling,knowledge,0.46598443388938904,3,True
esco_1611,assist employee health programmes,2.B.1.f,Service Orientation,skill,0.5466676950454712,1,True
esco_1611,assist employee health programmes,2.B.5.d,Management of Personnel Resources,skill,0.5110750198364258,2,True
esco_1611,assist employee health programmes,2.C.5.b,Therapy and Counseling,knowledge,0.4683896601200104,3,True
esco_1612,blueprints,2.C.3.c,Design,knowledge,0.5567505955696106,1,True
esco_1612,blueprints,2.C.3.d,Building and Construction,knowledge,0.47126325964927673,2,True
esco_1612,blueprints,2.B.3.a,Operations Analysis,skill,0.44024476408958435,3,False
esco_1613,apply operations for an ITIL-based environment,2.B.3.a,Operations Analysis,skill,0.4622536897659302,1,True
esco_1613,apply operations for an ITIL-based environment,2.B.3.j,Equipment Maintenance,skill,0.44914689660072327,2,False
esco_1613,apply operations for an ITIL-based environment,2.B.2.i,Complex Problem Solving,skill,0.4292588233947754,3,False
esco_1614,asbestos removal regulations,2.B.3.j,Equipment Maintenance,skill,0.3156079947948456,1,False
esco_1614,asbestos removal regulations,2.B.5.c,Management of Material Resources,skill,0.28592565655708313,2,False
esco_1614,asbestos removal regulations,2.B.3.c,Equipment Selection,skill,0.2688749134540558,3,False
esco_1615,have computer literacy,2.B.3.e,Programming,skill,0.5193995237350464,1,True
esco_1615,have computer literacy,2.C.3.a,Computers and Electronics,knowledge,0.5161535739898682,2,True
esco_1615,have computer literacy,2.B.3.l,Repairing,skill,0.3363627791404724,3,False
esco_1616,estimate costs of required supplies,2.B.5.b,Management of Financial Resources,skill,0.5510474443435669,1,True
esco_1616,estimate costs of required supplies,2.B.3.c,Equipment Selection,skill,0.5117449760437012,2,True
esco_1616,estimate costs of required supplies,2.B.5.c,Management of Material Resources,skill,0.4514184296131134,3,True
esco_1617,inspect machinery,2.B.3.c,Equipment Selection,skill,0.5533285140991211,1,True
esco_1617,inspect machinery,2.B.3.l,Repairing,skill,0.5243538618087769,2,True
esco_1617,inspect machinery,2.B.3.g,Operations Monitoring,skill,0.5175353288650513,3,True
esco_1618,distributed directory information services,2.C.9.a,Telecommunications,knowledge,0.34410178661346436,1,False
esco_1618,distributed directory information services,2.C.1.f,Personnel and Human Resources,knowledge,0.3223761320114136,2,False
esco_1618,distributed directory information services,2.B.5.d,Management of Personnel Resources,skill,0.29173216223716736,3,False
esco_1619,resource-efficient technologies,2.C.3.b,Engineering and Technology,knowledge,0.4908145070075989,1,True
esco_1619,resource-efficient technologies,2.B.3.c,Equipment Selection,skill,0.47814446687698364,2,True
esco_1619,resource-efficient technologies,2.B.3.b,Technology Design,skill,0.4371735155582428,3,False
esco_1620,refer service users to community resources,2.B.1.f,Service Orientation,skill,0.5742589235305786,1,True
esco_1620,refer service users to community resources,2.C.1.e,Customer and Personal Service,knowledge,0.37330424785614014,2,False
esco_1620,refer service users to community resources,2.C.5.b,Therapy and Counseling,knowledge,0.3218177855014801,3,False
esco_1621,evaluate implementation of safety procedures,2.C.8.a,Public Safety and Security,knowledge,0.45751529932022095,1,True
esco_1621,evaluate implementation of safety procedures,2.B.3.j,Equipment Maintenance,skill,0.4456903338432312,2,False
esco_1621,evaluate implementation of safety procedures,2.C.1.f,Personnel and Human Resources,knowledge,0.40493714809417725,3,False
esco_1622,youth-centred approach,2.B.1.f,Service Orientation,skill,0.38131898641586304,1,False
esco_1622,youth-centred approach,2.C.4.f,Sociology and Anthropology,knowledge,0.3510577380657196,2,False
esco_1622,youth-centred approach,2.A.1.c,Writing,skill,0.32458770275115967,3,False
esco_1623,advise on housing,2.B.1.d,Negotiation,skill,0.34182530641555786,1,False
esco_1623,advise on housing,2.C.3.d,Building and Construction,knowledge,0.3047223389148712,2,False
esco_1623,advise on housing,2.A.1.c,Writing,skill,0.2925812005996704,3,False
esco_1624,excavation techniques,2.B.3.c,Equipment Selection,skill,0.4526568055152893,1,True
esco_1624,excavation techniques,2.C.3.d,Building and Construction,knowledge,0.3767799735069275,2,False
esco_1624,excavation techniques,2.B.5.c,Management of Material Resources,skill,0.32830679416656494,3,False
esco_1625,mitigate waste of resources,2.B.5.d,Management of Personnel Resources,skill,0.5501034259796143,1,True
esco_1625,mitigate waste of resources,2.B.1.f,Service Orientation,skill,0.5214596390724182,2,True
esco_1625,mitigate waste of resources,2.B.5.a,Time Management,skill,0.47338128089904785,3,True
esco_1626,follow safety precautions in work practices,2.B.3.j,Equipment Maintenance,skill,0.4819263219833374,1,True
esco_1626,follow safety precautions in work practices,2.B.5.d,Management of Personnel Resources,skill,0.40779972076416016,2,False
esco_1626,follow safety precautions in work practices,2.C.8.a,Public Safety and Security,knowledge,0.3906521201133728,3,False
esco_1627,manage cloud data and storage,2.B.5.c,Management of Material Resources,skill,0.296023964881897,1,False
esco_1627,manage cloud data and storage,2.B.3.j,Equipment Maintenance,skill,0.2945614457130432,2,False
esco_1627,manage cloud data and storage,2.B.3.h,Operation and Control,skill,0.2714729309082031,3,False
esco_1628,ICT encryption,2.C.9.a,Telecommunications,knowledge,0.27199238538742065,1,False
esco_1628,ICT encryption,2.C.3.a,Computers and Electronics,knowledge,0.27081477642059326,2,False
esco_1628,ICT encryption,2.B.3.e,Programming,skill,0.26502397656440735,3,False
esco_1629,public administration,2.C.4.f,Sociology and Anthropology,knowledge,0.5460366010665894,1,True
esco_1629,public administration,2.C.1.a,Administration and Management,knowledge,0.5364044308662415,2,True
esco_1629,public administration,2.C.8.b,Law and Government,knowledge,0.49255114793777466,3,True
esco_1630,apply organisational techniques,2.B.5.d,Management of Personnel Resources,skill,0.584445595741272,1,True
esco_1630,apply organisational techniques,2.B.5.a,Time Management,skill,0.538753867149353,2,True
esco_1630,apply organisational techniques,2.C.1.a,Administration and Management,knowledge,0.5165735483169556,3,True
esco_1631,consider economic criteria in decision making,2.B.4.e,Judgment and Decision Making,skill,0.5787036418914795,1,True
esco_1631,consider economic criteria in decision making,2.C.1.a,Administration and Management,knowledge,0.4808134436607361,2,True
esco_1631,consider economic criteria in decision making,2.C.1.c,Economics and Accounting,knowledge,0.4556646943092346,3,True
esco_1632,negotiate settlements,2.B.1.d,Negotiation,skill,0.7316723465919495,1,True
esco_1632,negotiate settlements,2.B.4.e,Judgment and Decision Making,skill,0.3145255744457245,2,False
esco_1632,negotiate settlements,2.B.1.c,Persuasion,skill,0.29840970039367676,3,False
esco_1633,examine civil structures,2.C.3.d,Building and Construction,knowledge,0.5596338510513306,1,True
esco_1633,examine civil structures,2.C.7.d,History and Archeology,knowledge,0.4628332257270813,2,True
esco_1633,examine civil structures,2.B.2.i,Complex Problem Solving,skill,0.42067596316337585,3,False
esco_1634,correctional procedures,2.C.5.b,Therapy and Counseling,knowledge,0.40899771451950073,1,False
esco_1634,correctional procedures,2.C.1.f,Personnel and Human Resources,knowledge,0.36528825759887695,2,False
esco_1634,correctional procedures,2.C.8.a,Public Safety and Security,knowledge,0.36442703008651733,3,False
esco_1635,grammar,2.A.1.c,Writing,skill,0.3929307460784912,1,False
esco_1635,grammar,2.C.7.a,English Language,knowledge,0.328291654586792,2,False
esco_1635,grammar,2.A.1.d,Speaking,skill,0.2667917013168335,3,False
esco_1636,provide improvement strategies,2.B.5.d,Management of Personnel Resources,skill,0.607222855091095,1,True
esco_1636,provide improvement strategies,2.C.1.a,Administration and Management,knowledge,0.492395281791687,2,True
esco_1636,provide improvement strategies,2.A.2.c,Learning Strategies,skill,0.4783549904823303,3,True
esco_1637,manage budgets for social services programs,2.B.5.b,Management of Financial Resources,skill,0.5942647457122803,1,True
esco_1637,manage budgets for social services programs,2.B.5.d,Management of Personnel Resources,skill,0.5822485685348511,2,True
esco_1637,manage budgets for social services programs,2.C.1.a,Administration and Management,knowledge,0.5116008520126343,3,True
esco_1638,oversee record management,2.C.1.b,Administrative,knowledge,0.5092769265174866,1,True
esco_1638,oversee record management,2.B.5.d,Management of Personnel Resources,skill,0.46509549021720886,2,True
esco_1638,oversee record management,2.C.1.f,Personnel and Human Resources,knowledge,0.40898528695106506,3,False
esco_1639,test procedures,2.B.3.j,Equipment Maintenance,skill,0.462795615196228,1,True
esco_1639,test procedures,2.B.3.g,Operations Monitoring,skill,0.4340921640396118,2,False
esco_1639,test procedures,2.B.3.m,Quality Control Analysis,skill,0.43072572350502014,3,False
esco_1640,leadership principles,2.B.5.d,Management of Personnel Resources,skill,0.5065906047821045,1,True
esco_1640,leadership principles,2.C.1.a,Administration and Management,knowledge,0.5054299831390381,2,True
esco_1640,leadership principles,2.C.6,Education and Training,knowledge,0.45334696769714355,3,True
esco_1641,providing information to the public and clients,2.B.5.d,Management of Personnel Resources,skill,0.4975086450576782,1,True
esco_1641,providing information to the public and clients,2.A.1.d,Speaking,skill,0.4932669401168823,2,True
esco_1641,providing information to the public and clients,2.B.1.f,Service Orientation,skill,0.4872387647628784,3,True
esco_1642,provide technical training,2.C.6,Education and Training,knowledge,0.5538646578788757,1,True
esco_1642,provide technical training,2.A.1.d,Speaking,skill,0.5187551379203796,2,True
esco_1642,provide technical training,2.B.1.e,Instructing,skill,0.502998411655426,3,True
esco_1643,design control systems,2.C.3.c,Design,knowledge,0.5190398693084717,1,True
esco_1643,design control systems,2.B.3.a,Operations Analysis,skill,0.46777793765068054,2,True
esco_1643,design control systems,2.B.3.h,Operation and Control,skill,0.46429455280303955,3,True
esco_1644,make drawings,1.A.1.f.2,Visualization,ability,0.38399362564086914,1,False
esco_1644,make drawings,2.B.1.d,Negotiation,skill,0.3759379982948303,2,False
esco_1644,make drawings,2.B.1.e,Instructing,skill,0.36995866894721985,3,False
esco_1645,monitor water quality,2.A.2.d,Monitoring,skill,0.3868735134601593,1,False
esco_1645,monitor water quality,2.B.3.g,Operations Monitoring,skill,0.3804435431957245,2,False
esco_1645,monitor water quality,2.B.3.m,Quality Control Analysis,skill,0.30188727378845215,3,False
esco_1646,Process-based management,2.C.1.a,Administration and Management,knowledge,0.526929497718811,1,True
esco_1646,Process-based management,2.C.2.a,Production and Processing,knowledge,0.4981117844581604,2,True
esco_1646,Process-based management,2.B.3.a,Operations Analysis,skill,0.49401190876960754,3,True
esco_1647,smart city features,2.C.3.a,Computers and Electronics,knowledge,0.32019662857055664,1,False
esco_1647,smart city features,2.C.9.a,Telecommunications,knowledge,0.29755961894989014,2,False
esco_1647,smart city features,2.C.8.a,Public Safety and Security,knowledge,0.2914097309112549,3,False
esco_1648,manage research and development projects,2.B.5.b,Management of Financial Resources,skill,0.42464643716812134,1,False
esco_1648,manage research and development projects,2.B.5.d,Management of Personnel Resources,skill,0.37453800439834595,2,False
esco_1648,manage research and development projects,2.B.2.i,Complex Problem Solving,skill,0.36261194944381714,3,False
esco_1649,occupational health,2.B.1.f,Service Orientation,skill,0.46422162652015686,1,True
esco_1649,occupational health,2.C.5.b,Therapy and Counseling,knowledge,0.4300830662250519,2,False
esco_1649,occupational health,2.B.3.j,Equipment Maintenance,skill,0.39664095640182495,3,False
esco_1650,review patient's medical data,2.C.5.a,Medicine and Dentistry,knowledge,0.4128188192844391,1,False
esco_1650,review patient's medical data,2.A.1.a,Reading Comprehension,skill,0.33768144249916077,2,False
esco_1650,review patient's medical data,1.A.1.d.1,Memorization,ability,0.3272075057029724,3,False
esco_1651,assist scientific research,2.A.1.f,Science,skill,0.5336158275604248,1,True
esco_1651,assist scientific research,2.C.4.e,Psychology,knowledge,0.38398945331573486,2,False
esco_1651,assist scientific research,2.C.4.d,Biology,knowledge,0.35712432861328125,3,False
esco_1652,make decisions,2.B.4.e,Judgment and Decision Making,skill,0.5285313725471497,1,True
esco_1652,make decisions,2.A.2.a,Critical Thinking,skill,0.44719892740249634,2,False
esco_1652,make decisions,2.B.2.i,Complex Problem Solving,skill,0.43894511461257935,3,False
esco_1653,commercial law,2.C.8.b,Law and Government,knowledge,0.401009202003479,1,False
esco_1653,commercial law,2.C.1.a,Administration and Management,knowledge,0.39770984649658203,2,False
esco_1653,commercial law,2.B.5.b,Management of Financial Resources,skill,0.3498575985431671,3,False
esco_1654,inspect material,2.A.1.a,Reading Comprehension,skill,0.3998821973800659,1,False
esco_1654,inspect material,2.C.3.a,Computers and Electronics,knowledge,0.3968932628631592,2,False
esco_1654,inspect material,1.A.1.a.2,Written Comprehension,ability,0.38520586490631104,3,False
esco_1655,supervise sewerage systems construction,2.B.5.d,Management of Personnel Resources,skill,0.4046974182128906,1,False
esco_1655,supervise sewerage systems construction,2.B.2.i,Complex Problem Solving,skill,0.38853779435157776,2,False
esco_1655,supervise sewerage systems construction,2.C.3.d,Building and Construction,knowledge,0.37318459153175354,3,False
esco_1656,managing transport and logistics activities,2.B.5.d,Management of Personnel Resources,skill,0.49776673316955566,1,True
esco_1656,managing transport and logistics activities,2.C.1.a,Administration and Management,knowledge,0.46720054745674133,2,True
esco_1656,managing transport and logistics activities,2.C.10,Transportation,knowledge,0.4426901042461395,3,False
esco_1657,maintain database performance,2.B.3.k,Troubleshooting,skill,0.4114617109298706,1,False
esco_1657,maintain database performance,2.A.2.d,Monitoring,skill,0.3542892038822174,2,False
esco_1657,maintain database performance,2.B.3.j,Equipment Maintenance,skill,0.3214837610721588,3,False
esco_1658,product comprehension,2.C.2.a,Production and Processing,knowledge,0.4542502462863922,1,True
esco_1658,product comprehension,2.B.3.a,Operations Analysis,skill,0.441472589969635,2,False
esco_1658,product comprehension,2.C.1.d,Sales and Marketing,knowledge,0.4320700764656067,3,False
esco_1659,programming computer systems,2.B.3.e,Programming,skill,0.7524343132972717,1,True
esco_1659,programming computer systems,2.C.3.a,Computers and Electronics,knowledge,0.4469605088233948,2,False
esco_1659,programming computer systems,2.B.3.d,Installation,skill,0.40573492646217346,3,False
esco_1660,ensure compliance with accounting conventions,2.B.5.b,Management of Financial Resources,skill,0.605689287185669,1,True
esco_1660,ensure compliance with accounting conventions,2.C.1.c,Economics and Accounting,knowledge,0.46664899587631226,2,True
esco_1660,ensure compliance with accounting conventions,2.B.5.c,Management of Material Resources,skill,0.4469289183616638,3,False
esco_1661,maintain landscape site,2.C.4.g,Geography,knowledge,0.2653350830078125,1,False
esco_1661,maintain landscape site,1.A.1.b.7,Category Flexibility,ability,0.23684757947921753,2,False
esco_1661,maintain landscape site,1.A.1.f.1,Spatial Orientation,ability,0.19678035378456116,3,False
esco_1662,undertake employee screening,2.B.5.d,Management of Personnel Resources,skill,0.4710599184036255,1,True
esco_1662,undertake employee screening,2.C.1.f,Personnel and Human Resources,knowledge,0.4343011975288391,2,False
esco_1662,undertake employee screening,2.A.2.d,Monitoring,skill,0.32212626934051514,3,False
esco_1663,operation of transport equipment,2.B.3.j,Equipment Maintenance,skill,0.5896033048629761,1,True
esco_1663,operation of transport equipment,2.B.3.h,Operation and Control,skill,0.5614112019538879,2,True
esco_1663,operation of transport equipment,2.C.10,Transportation,knowledge,0.44491320848464966,3,False
esco_1664,network standards,2.C.9.a,Telecommunications,knowledge,0.4769831895828247,1,True
esco_1664,network standards,2.B.3.b,Technology Design,skill,0.3547409772872925,2,False
esco_1664,network standards,2.C.3.a,Computers and Electronics,knowledge,0.34759294986724854,3,False
esco_1665,assess risk factors,1.A.1.d.1,Memorization,ability,0.4181448221206665,1,False
esco_1665,assess risk factors,2.A.2.b,Active Learning,skill,0.4141983091831207,2,False
esco_1665,assess risk factors,2.B.4.e,Judgment and Decision Making,skill,0.39102721214294434,3,False
esco_1666,video conferencing tool,2.A.1.d,Speaking,skill,0.4023686349391937,1,False
esco_1666,video conferencing tool,2.C.9.b,Communications and Media,knowledge,0.35875019431114197,2,False
esco_1666,video conferencing tool,2.C.9.a,Telecommunications,knowledge,0.2830377519130707,3,False
esco_1667,repair plumbing systems,2.B.3.l,Repairing,skill,0.4506765902042389,1,True
esco_1667,repair plumbing systems,2.B.3.j,Equipment Maintenance,skill,0.31226715445518494,2,False
esco_1667,repair plumbing systems,2.B.3.d,Installation,skill,0.2811708152294159,3,False
esco_1668,create digital content,2.C.9.b,Communications and Media,knowledge,0.3876575231552124,1,False
esco_1668,create digital content,2.C.3.a,Computers and Electronics,knowledge,0.3813062012195587,2,False
esco_1668,create digital content,2.C.7.c,Fine Arts,knowledge,0.35945332050323486,3,False
esco_1669,cope with challenging demands,2.B.5.a,Time Management,skill,0.5868756771087646,1,True
esco_1669,cope with challenging demands,2.B.5.d,Management of Personnel Resources,skill,0.5049660205841064,2,True
esco_1669,cope with challenging demands,2.C.4.e,Psychology,knowledge,0.4347338080406189,3,False
esco_1670,manage environmental impact of operations,2.B.3.j,Equipment Maintenance,skill,0.48260194063186646,1,True
esco_1670,manage environmental impact of operations,2.B.5.c,Management of Material Resources,skill,0.45678991079330444,2,True
esco_1670,manage environmental impact of operations,2.B.3.a,Operations Analysis,skill,0.4023663103580475,3,False
esco_1671,manage time,2.B.5.a,Time Management,skill,0.750982403755188,1,True
esco_1671,manage time,1.A.1.g.2,Time Sharing,ability,0.47022074460983276,2,True
esco_1671,manage time,2.B.5.d,Management of Personnel Resources,skill,0.4401939809322357,3,False
esco_1672,analysing financial and economic data,2.C.1.c,Economics and Accounting,knowledge,0.5855737328529358,1,True
esco_1672,analysing financial and economic data,2.C.4.a,Mathematics,knowledge,0.4378895163536072,2,False
esco_1672,analysing financial and economic data,2.B.5.b,Management of Financial Resources,skill,0.40266403555870056,3,False
esco_1673,treat contaminated water,2.B.5.c,Management of Material Resources,skill,0.24122187495231628,1,False
esco_1673,treat contaminated water,2.B.3.j,Equipment Maintenance,skill,0.23712044954299927,2,False
esco_1673,treat contaminated water,2.C.10,Transportation,knowledge,0.20891864597797394,3,False
esco_1674,labour market,2.C.1.f,Personnel and Human Resources,knowledge,0.34195420145988464,1,False
esco_1674,labour market,2.B.5.d,Management of Personnel Resources,skill,0.3215431272983551,2,False
esco_1674,labour market,2.C.4.f,Sociology and Anthropology,knowledge,0.29716259241104126,3,False
esco_1675,category specific expertise,2.C.8.b,Law and Government,knowledge,0.46916326880455017,1,True
esco_1675,category specific expertise,2.C.1.c,Economics and Accounting,knowledge,0.406325101852417,2,False
esco_1675,category specific expertise,2.C.1.a,Administration and Management,knowledge,0.38569366931915283,3,False
esco_1676,install water purity mechanism,2.B.3.d,Installation,skill,0.39939042925834656,1,False
esco_1676,install water purity mechanism,2.B.3.j,Equipment Maintenance,skill,0.3252033591270447,2,False
esco_1676,install water purity mechanism,2.B.3.a,Operations Analysis,skill,0.2601109743118286,3,False
esco_1677,define technical requirements,2.B.3.b,Technology Design,skill,0.5071160197257996,1,True
esco_1677,define technical requirements,2.B.3.a,Operations Analysis,skill,0.4951183497905731,2,True
esco_1677,define technical requirements,2.B.5.c,Management of Material Resources,skill,0.4862782657146454,3,True
esco_1678,analyse network bandwidth requirements,2.B.3.k,Troubleshooting,skill,0.3232497572898865,1,False
esco_1678,analyse network bandwidth requirements,2.B.3.a,Operations Analysis,skill,0.31656524538993835,2,False
esco_1678,analyse network bandwidth requirements,2.B.3.e,Programming,skill,0.2903417944908142,3,False
esco_1679,collect financial data,2.C.1.c,Economics and Accounting,knowledge,0.4996446371078491,1,True
esco_1679,collect financial data,2.B.5.b,Management of Financial Resources,skill,0.4546873867511749,2,True
esco_1679,collect financial data,2.C.4.a,Mathematics,knowledge,0.37558940052986145,3,False
esco_1680,ensure compliance with disclosure criteria of accounting information,2.C.1.c,Economics and Accounting,knowledge,0.5238840579986572,1,True
esco_1680,ensure compliance with disclosure criteria of accounting information,2.B.5.b,Management of Financial Resources,skill,0.4153999984264374,2,False
esco_1680,ensure compliance with disclosure criteria of accounting information,2.C.1.f,Personnel and Human Resources,knowledge,0.34592437744140625,3,False
esco_1681,lean project management,2.B.5.b,Management of Financial Resources,skill,0.5179147124290466,1,True
esco_1681,lean project management,2.C.1.a,Administration and Management,knowledge,0.4335477352142334,2,False
esco_1681,lean project management,2.B.3.a,Operations Analysis,skill,0.4256576597690582,3,False
esco_1682,identify ICT system weaknesses,2.B.3.k,Troubleshooting,skill,0.5191361904144287,1,True
esco_1682,identify ICT system weaknesses,2.B.2.i,Complex Problem Solving,skill,0.4020956754684448,2,False
esco_1682,identify ICT system weaknesses,2.B.4.g,Systems Analysis,skill,0.3900905251502991,3,False
esco_1683,develop design concept,2.C.3.c,Design,knowledge,0.5247172117233276,1,True
esco_1683,develop design concept,2.B.3.a,Operations Analysis,skill,0.49711015820503235,2,True
esco_1683,develop design concept,2.B.3.b,Technology Design,skill,0.4529794454574585,3,True
esco_1684,design open spaces,2.C.3.c,Design,knowledge,0.3764546513557434,1,False
esco_1684,design open spaces,2.B.3.a,Operations Analysis,skill,0.36996686458587646,2,False
esco_1684,design open spaces,2.A.1.d,Speaking,skill,0.3358641266822815,3,False
esco_1685,court procedures,2.C.8.b,Law and Government,knowledge,0.46087050437927246,1,True
esco_1685,court procedures,2.B.5.b,Management of Financial Resources,skill,0.39098334312438965,2,False
esco_1685,court procedures,2.B.5.c,Management of Material Resources,skill,0.3400804102420807,3,False
esco_1686,critically evaluate information and its sources,1.A.1.a.2,Written Comprehension,ability,0.4753163456916809,1,True
esco_1686,critically evaluate information and its sources,2.A.2.a,Critical Thinking,skill,0.4662136435508728,2,True
esco_1686,critically evaluate information and its sources,2.A.1.d,Speaking,skill,0.4391465187072754,3,False
esco_1687,support ICT system users,2.A.1.d,Speaking,skill,0.494151771068573,1,True
esco_1687,support ICT system users,2.B.1.f,Service Orientation,skill,0.44803211092948914,2,False
esco_1687,support ICT system users,2.C.9.b,Communications and Media,knowledge,0.41513776779174805,3,False
esco_1688,manage vehicle inventory,2.B.5.d,Management of Personnel Resources,skill,0.4194222688674927,1,False
esco_1688,manage vehicle inventory,2.A.1.d,Speaking,skill,0.41145557165145874,2,False
esco_1688,manage vehicle inventory,2.B.5.a,Time Management,skill,0.4036276638507843,3,False
esco_1689,meet productivity targets,2.B.5.d,Management of Personnel Resources,skill,0.5667009949684143,1,True
esco_1689,meet productivity targets,2.B.5.a,Time Management,skill,0.5540644526481628,2,True
esco_1689,meet productivity targets,2.C.1.a,Administration and Management,knowledge,0.4325321316719055,3,False
esco_1690,operate drilling equipment,2.B.3.c,Equipment Selection,skill,0.5829284191131592,1,True
esco_1690,operate drilling equipment,2.B.3.j,Equipment Maintenance,skill,0.5286686420440674,2,True
esco_1690,operate drilling equipment,2.B.3.h,Operation and Control,skill,0.44069427251815796,3,False
esco_1691,Agile development,2.B.2.i,Complex Problem Solving,skill,0.39716026186943054,1,False
esco_1691,Agile development,2.B.5.b,Management of Financial Resources,skill,0.3671414256095886,2,False
esco_1691,Agile development,2.B.3.b,Technology Design,skill,0.3640854060649872,3,False
esco_1692,advise on legislative acts,2.C.8.b,Law and Government,knowledge,0.5360833406448364,1,True
esco_1692,advise on legislative acts,2.B.1.d,Negotiation,skill,0.4401676058769226,2,False
esco_1692,advise on legislative acts,2.A.1.c,Writing,skill,0.359588623046875,3,False
esco_1693,advise on sustainability solutions,2.B.1.d,Negotiation,skill,0.37494325637817383,1,False
esco_1693,advise on sustainability solutions,2.B.2.i,Complex Problem Solving,skill,0.36156272888183594,2,False
esco_1693,advise on sustainability solutions,2.B.1.f,Service Orientation,skill,0.34006020426750183,3,False
esco_1694,work in a water transport team,2.B.5.d,Management of Personnel Resources,skill,0.44125357270240784,1,False
esco_1694,work in a water transport team,2.C.10,Transportation,knowledge,0.37834596633911133,2,False
esco_1694,work in a water transport team,2.A.1.d,Speaking,skill,0.37323522567749023,3,False
esco_1695,build business relationships,2.B.1.d,Negotiation,skill,0.45650532841682434,1,True
esco_1695,build business relationships,2.B.3.a,Operations Analysis,skill,0.4022865295410156,2,False
esco_1695,build business relationships,2.B.5.d,Management of Personnel Resources,skill,0.3935730457305908,3,False
esco_1696,customer relationship management,2.C.1.e,Customer and Personal Service,knowledge,0.5310814380645752,1,True
esco_1696,customer relationship management,2.C.1.d,Sales and Marketing,knowledge,0.40910089015960693,2,False
esco_1696,customer relationship management,2.B.5.d,Management of Personnel Resources,skill,0.40592920780181885,3,False
esco_1697,apply health and safety standards,2.B.3.j,Equipment Maintenance,skill,0.46310538053512573,1,True
esco_1697,apply health and safety standards,2.B.1.f,Service Orientation,skill,0.4129987359046936,2,False
esco_1697,apply health and safety standards,2.C.5.a,Medicine and Dentistry,knowledge,0.39982226490974426,3,False
esco_1698,manage chronic health conditions,2.B.1.f,Service Orientation,skill,0.46727848052978516,1,True
esco_1698,manage chronic health conditions,2.C.5.b,Therapy and Counseling,knowledge,0.4593820571899414,2,True
esco_1698,manage chronic health conditions,2.B.5.d,Management of Personnel Resources,skill,0.39290881156921387,3,False
esco_1699,manage water flows and catchments,2.B.5.c,Management of Material Resources,skill,0.37836870551109314,1,False
esco_1699,manage water flows and catchments,2.B.4.g,Systems Analysis,skill,0.3496371805667877,2,False
esco_1699,manage water flows and catchments,2.B.3.a,Operations Analysis,skill,0.330772340297699,3,False
esco_1700,take affidavits,1.A.1.a.4,Written Expression,ability,0.4155195951461792,1,False
esco_1700,take affidavits,2.A.1.a,Reading Comprehension,skill,0.38763123750686646,2,False
esco_1700,take affidavits,2.A.1.d,Speaking,skill,0.37994664907455444,3,False
esco_1701,traffic engineering,2.B.3.a,Operations Analysis,skill,0.40804323554039,1,False
esco_1701,traffic engineering,2.C.3.b,Engineering and Technology,knowledge,0.3725084066390991,2,False
esco_1701,traffic engineering,2.C.3.d,Building and Construction,knowledge,0.36953043937683105,3,False
esco_1702,test computer hardware,2.C.3.a,Computers and Electronics,knowledge,0.3988754153251648,1,False
esco_1702,test computer hardware,2.B.3.l,Repairing,skill,0.38332438468933105,2,False
esco_1702,test computer hardware,2.B.3.d,Installation,skill,0.36791929602622986,3,False
esco_1703,computer technology,2.C.3.a,Computers and Electronics,knowledge,0.5338823795318604,1,True
esco_1703,computer technology,2.B.3.c,Equipment Selection,skill,0.4266214966773987,2,False
esco_1703,computer technology,2.B.3.e,Programming,skill,0.4262430667877197,3,False
esco_1704,assume responsibility for the management of a business,2.C.1.a,Administration and Management,knowledge,0.5799291133880615,1,True
esco_1704,assume responsibility for the management of a business,2.B.5.d,Management of Personnel Resources,skill,0.5114240646362305,2,True
esco_1704,assume responsibility for the management of a business,2.B.5.a,Time Management,skill,0.4420659840106964,3,False
esco_1705,energy conservation,2.B.5.c,Management of Material Resources,skill,0.3432590365409851,1,False
esco_1705,energy conservation,2.B.3.a,Operations Analysis,skill,0.31774747371673584,2,False
esco_1705,energy conservation,2.B.3.c,Equipment Selection,skill,0.3152197599411011,3,False
esco_1706,managing information,1.A.1.b.6,Information Ordering,ability,0.4511978328227997,1,True
esco_1706,managing information,1.A.1.e.1,Speed of Closure,ability,0.40377625823020935,2,False
esco_1706,managing information,2.A.1.d,Speaking,skill,0.3878149092197418,3,False
esco_1707,identify ICT user needs,2.A.1.d,Speaking,skill,0.5150197744369507,1,True
esco_1707,identify ICT user needs,2.A.1.c,Writing,skill,0.42574572563171387,2,False
esco_1707,identify ICT user needs,2.A.1.a,Reading Comprehension,skill,0.41552919149398804,3,False
esco_1708,communicate by telephone,2.A.1.d,Speaking,skill,0.5973485112190247,1,True
esco_1708,communicate by telephone,2.C.9.b,Communications and Media,knowledge,0.4390888810157776,2,False
esco_1708,communicate by telephone,2.C.9.a,Telecommunications,knowledge,0.4143695533275604,3,False
esco_1709,penetration testing tool,2.B.3.k,Troubleshooting,skill,0.2972690463066101,1,False
esco_1709,penetration testing tool,2.B.3.c,Equipment Selection,skill,0.2663715183734894,2,False
esco_1709,penetration testing tool,2.B.3.e,Programming,skill,0.23991921544075012,3,False
esco_1710,establish connections with young people,2.B.1.f,Service Orientation,skill,0.44669386744499207,1,False
esco_1710,establish connections with young people,2.B.1.e,Instructing,skill,0.4089494049549103,2,False
esco_1710,establish connections with young people,2.A.1.d,Speaking,skill,0.3257673382759094,3,False
esco_1711,plan transport operations,2.B.5.d,Management of Personnel Resources,skill,0.5263029336929321,1,True
esco_1711,plan transport operations,2.C.1.a,Administration and Management,knowledge,0.5003955960273743,2,True
esco_1711,plan transport operations,2.B.3.a,Operations Analysis,skill,0.48451751470565796,3,True
esco_1712,presenting information,2.A.1.d,Speaking,skill,0.5366760492324829,1,True
esco_1712,presenting information,2.A.1.c,Writing,skill,0.5024437308311462,2,True
esco_1712,presenting information,2.A.2.c,Learning Strategies,skill,0.43900471925735474,3,False
esco_1713,Oracle Relational Database,2.C.3.a,Computers and Electronics,knowledge,0.2927171587944031,1,False
esco_1713,Oracle Relational Database,2.B.3.a,Operations Analysis,skill,0.27626264095306396,2,False
esco_1713,Oracle Relational Database,2.B.3.e,Programming,skill,0.2344580888748169,3,False
esco_1714,electronic communication,2.C.3.a,Computers and Electronics,knowledge,0.47323691844940186,1,True
esco_1714,electronic communication,2.C.9.a,Telecommunications,knowledge,0.45784997940063477,2,True
esco_1714,electronic communication,2.C.3.b,Engineering and Technology,knowledge,0.40089380741119385,3,False
esco_1715,ensure material compliance,2.B.5.c,Management of Material Resources,skill,0.4702780842781067,1,True
esco_1715,ensure material compliance,2.B.3.j,Equipment Maintenance,skill,0.4106827676296234,2,False
esco_1715,ensure material compliance,2.C.1.f,Personnel and Human Resources,knowledge,0.41066449880599976,3,False
esco_1716,maintain control systems for automated equipment,2.B.3.j,Equipment Maintenance,skill,0.642796516418457,1,True
esco_1716,maintain control systems for automated equipment,2.B.3.h,Operation and Control,skill,0.5706583261489868,2,True
esco_1716,maintain control systems for automated equipment,2.B.3.g,Operations Monitoring,skill,0.5367670059204102,3,True
esco_1717,"promote ideas, products, services",2.B.1.f,Service Orientation,skill,0.4651537537574768,1,True
esco_1717,"promote ideas, products, services",2.A.1.d,Speaking,skill,0.43307286500930786,2,False
esco_1717,"promote ideas, products, services",2.C.1.d,Sales and Marketing,knowledge,0.417755126953125,3,False
esco_1718,design thinking,2.B.3.a,Operations Analysis,skill,0.5404609441757202,1,True
esco_1718,design thinking,2.C.3.c,Design,knowledge,0.46641549468040466,2,True
esco_1718,design thinking,2.B.2.i,Complex Problem Solving,skill,0.42549219727516174,3,False
esco_1719,building and developing teams,2.B.5.d,Management of Personnel Resources,skill,0.6364810466766357,1,True
esco_1719,building and developing teams,2.C.6,Education and Training,knowledge,0.48553287982940674,2,True
esco_1719,building and developing teams,2.B.1.e,Instructing,skill,0.4638780355453491,3,True
esco_1720,participant observation,2.C.4.f,Sociology and Anthropology,knowledge,0.45958855748176575,1,True
esco_1720,participant observation,2.B.1.a,Social Perceptiveness,skill,0.37515372037887573,2,False
esco_1720,participant observation,2.C.4.e,Psychology,knowledge,0.3456873893737793,3,False
esco_1721,foster dialogue in society,2.B.1.d,Negotiation,skill,0.545752763748169,1,True
esco_1721,foster dialogue in society,2.A.1.d,Speaking,skill,0.48255181312561035,2,True
esco_1721,foster dialogue in society,2.A.1.c,Writing,skill,0.40813642740249634,3,False
esco_1722,speak about your work in public,2.A.1.d,Speaking,skill,0.5011453032493591,1,True
esco_1722,speak about your work in public,2.A.1.c,Writing,skill,0.46783459186553955,2,True
esco_1722,speak about your work in public,1.A.1.a.4,Written Expression,ability,0.4069099426269531,3,False
esco_1723,advocate for others,2.A.1.d,Speaking,skill,0.5030990839004517,1,True
esco_1723,advocate for others,2.B.1.f,Service Orientation,skill,0.47573816776275635,2,True
esco_1723,advocate for others,2.A.1.c,Writing,skill,0.4659923315048218,3,True
esco_1724,selling products or services,2.C.1.d,Sales and Marketing,knowledge,0.5648655891418457,1,True
esco_1724,selling products or services,2.B.1.f,Service Orientation,skill,0.4016445279121399,2,False
esco_1724,selling products or services,2.C.1.e,Customer and Personal Service,knowledge,0.32888150215148926,3,False
esco_1725,maintain vessel engine room,2.B.3.j,Equipment Maintenance,skill,0.43902498483657837,1,False
esco_1725,maintain vessel engine room,2.B.3.l,Repairing,skill,0.3393109142780304,2,False
esco_1725,maintain vessel engine room,2.B.3.g,Operations Monitoring,skill,0.3344442844390869,3,False
esco_1726,maintain electromechanical equipment,2.B.3.j,Equipment Maintenance,skill,0.740473210811615,1,True
esco_1726,maintain electromechanical equipment,2.B.3.l,Repairing,skill,0.5633841753005981,2,True
esco_1726,maintain electromechanical equipment,2.B.3.g,Operations Monitoring,skill,0.537584662437439,3,True
esco_1727,evaluate genetic data,2.A.1.f,Science,skill,0.3494751751422882,1,False
esco_1727,evaluate genetic data,1.A.1.b.4,Deductive Reasoning,ability,0.32797712087631226,2,False
esco_1727,evaluate genetic data,2.C.4.d,Biology,knowledge,0.3009510636329651,3,False
esco_1728,call-centre technologies,2.C.9.a,Telecommunications,knowledge,0.47005945444107056,1,True
esco_1728,call-centre technologies,2.C.1.e,Customer and Personal Service,knowledge,0.4036964774131775,2,False
esco_1728,call-centre technologies,2.A.1.d,Speaking,skill,0.37025701999664307,3,False
esco_1729,calculating and estimating,2.B.5.b,Management of Financial Resources,skill,0.37678468227386475,1,False
esco_1729,calculating and estimating,2.A.1.e,Mathematics,skill,0.36176401376724243,2,False
esco_1729,calculating and estimating,2.B.3.c,Equipment Selection,skill,0.31573909521102905,3,False
esco_1730,translate different types of texts,2.A.1.c,Writing,skill,0.42230141162872314,1,False
esco_1730,translate different types of texts,2.A.1.d,Speaking,skill,0.40483221411705017,2,False
esco_1730,translate different types of texts,2.A.1.a,Reading Comprehension,skill,0.3952447772026062,3,False
esco_1731,think proactively,2.B.5.a,Time Management,skill,0.5999717712402344,1,True
esco_1731,think proactively,2.B.5.d,Management of Personnel Resources,skill,0.4826068878173828,2,True
esco_1731,think proactively,2.C.4.e,Psychology,knowledge,0.4312298893928528,3,False
esco_1732,claims procedures,2.B.5.b,Management of Financial Resources,skill,0.40280625224113464,1,False
esco_1732,claims procedures,2.C.1.f,Personnel and Human Resources,knowledge,0.3332717716693878,2,False
esco_1732,claims procedures,2.B.3.j,Equipment Maintenance,skill,0.31643885374069214,3,False
esco_1733,estimate duration of work,2.B.5.a,Time Management,skill,0.6100881695747375,1,True
esco_1733,estimate duration of work,2.B.5.b,Management of Financial Resources,skill,0.44537365436553955,2,False
esco_1733,estimate duration of work,2.B.5.d,Management of Personnel Resources,skill,0.445368230342865,3,False
esco_1734,keep track of expenses,2.B.5.b,Management of Financial Resources,skill,0.5331239700317383,1,True
esco_1734,keep track of expenses,2.B.5.a,Time Management,skill,0.37019744515419006,2,False
esco_1734,keep track of expenses,2.C.1.c,Economics and Accounting,knowledge,0.3580702245235443,3,False
esco_1735,develop predictive models,2.A.2.b,Active Learning,skill,0.46711573004722595,1,True
esco_1735,develop predictive models,1.A.1.b.4,Deductive Reasoning,ability,0.4508984088897705,2,True
esco_1735,develop predictive models,2.B.2.i,Complex Problem Solving,skill,0.43399035930633545,3,False
esco_1736,coaching and mentoring,2.B.1.e,Instructing,skill,0.5741311311721802,1,True
esco_1736,coaching and mentoring,2.B.5.d,Management of Personnel Resources,skill,0.5336470007896423,2,True
esco_1736,coaching and mentoring,2.C.6,Education and Training,knowledge,0.4991610646247864,3,True
esco_1737,product data management,2.C.2.a,Production and Processing,knowledge,0.39437517523765564,1,False
esco_1737,product data management,2.B.3.a,Operations Analysis,skill,0.393562912940979,2,False
esco_1737,product data management,2.B.3.j,Equipment Maintenance,skill,0.3572661876678467,3,False
esco_1738,motivate others,2.B.1.e,Instructing,skill,0.5292909741401672,1,True
esco_1738,motivate others,2.B.1.f,Service Orientation,skill,0.524622917175293,2,True
esco_1738,motivate others,2.B.1.c,Persuasion,skill,0.5119275450706482,3,True
esco_1739,manage accounts,2.B.5.d,Management of Personnel Resources,skill,0.4626191258430481,1,True
esco_1739,manage accounts,2.C.1.a,Administration and Management,knowledge,0.45522841811180115,2,True
esco_1739,manage accounts,2.C.1.b,Administrative,knowledge,0.43721580505371094,3,False
esco_1740,determine child welfare,2.B.1.f,Service Orientation,skill,0.37190380692481995,1,False
esco_1740,determine child welfare,2.C.5.b,Therapy and Counseling,knowledge,0.33889415860176086,2,False
esco_1740,determine child welfare,2.C.4.e,Psychology,knowledge,0.29688990116119385,3,False
esco_1741,instructional design models,2.C.6,Education and Training,knowledge,0.5573071241378784,1,True
esco_1741,instructional design models,2.A.2.c,Learning Strategies,skill,0.5408945083618164,2,True
esco_1741,instructional design models,2.B.1.e,Instructing,skill,0.5378149747848511,3,True
esco_1742,execute working instructions,2.B.1.e,Instructing,skill,0.5384653806686401,1,True
esco_1742,execute working instructions,2.A.1.d,Speaking,skill,0.5097968578338623,2,True
esco_1742,execute working instructions,2.B.3.e,Programming,skill,0.5078631639480591,3,True
esco_1743,writing style guides,2.A.1.c,Writing,skill,0.6011168360710144,1,True
esco_1743,writing style guides,1.A.1.a.4,Written Expression,ability,0.36545687913894653,2,False
esco_1743,writing style guides,2.A.1.a,Reading Comprehension,skill,0.32498759031295776,3,False
esco_1744,language skills and knowledge,2.C.7.a,English Language,knowledge,0.5601015090942383,1,True
esco_1744,language skills and knowledge,2.A.1.d,Speaking,skill,0.5252138376235962,2,True
esco_1744,language skills and knowledge,2.C.7.b,Foreign Language,knowledge,0.5192382335662842,3,True
esco_1745,driver's license structure,2.B.1.f,Service Orientation,skill,0.33868318796157837,1,False
esco_1745,driver's license structure,2.C.1.e,Customer and Personal Service,knowledge,0.32181984186172485,2,False
esco_1745,driver's license structure,1.A.1.b.7,Category Flexibility,ability,0.2502545416355133,3,False
esco_1746,respect confidentiality obligations,2.C.8.b,Law and Government,knowledge,0.38996559381484985,1,False
esco_1746,respect confidentiality obligations,2.C.1.f,Personnel and Human Resources,knowledge,0.377384752035141,2,False
esco_1746,respect confidentiality obligations,2.B.1.d,Negotiation,skill,0.3490426540374756,3,False
esco_1747,inform on government funding,2.A.1.d,Speaking,skill,0.4655956029891968,1,True
esco_1747,inform on government funding,2.B.1.f,Service Orientation,skill,0.44391241669654846,2,False
esco_1747,inform on government funding,2.A.1.c,Writing,skill,0.414201021194458,3,False
esco_1748,handling of dangerous goods,2.B.3.c,Equipment Selection,skill,0.4888160228729248,1,True
esco_1748,handling of dangerous goods,2.B.3.j,Equipment Maintenance,skill,0.46518033742904663,2,True
esco_1748,handling of dangerous goods,2.B.5.c,Management of Material Resources,skill,0.42242419719696045,3,False
esco_1749,issue sales invoices,2.B.5.b,Management of Financial Resources,skill,0.39949631690979004,1,False
esco_1749,issue sales invoices,2.B.5.d,Management of Personnel Resources,skill,0.3739391267299652,2,False
esco_1749,issue sales invoices,2.C.1.d,Sales and Marketing,knowledge,0.3632519543170929,3,False
esco_1750,collect biological data,2.C.4.d,Biology,knowledge,0.4957955777645111,1,True
esco_1750,collect biological data,2.A.1.f,Science,skill,0.40642037987709045,2,False
esco_1750,collect biological data,1.A.1.d.1,Memorization,ability,0.360867440700531,3,False
esco_1751,human resource management,2.B.5.d,Management of Personnel Resources,skill,0.7373600006103516,1,True
esco_1751,human resource management,2.C.1.f,Personnel and Human Resources,knowledge,0.6846022605895996,2,True
esco_1751,human resource management,2.C.1.a,Administration and Management,knowledge,0.48413437604904175,3,True
esco_1752,"browse, search and filter data, information and digital content",2.C.3.a,Computers and Electronics,knowledge,0.2916087508201599,1,False
esco_1752,"browse, search and filter data, information and digital content",2.B.2.i,Complex Problem Solving,skill,0.2911115288734436,2,False
esco_1752,"browse, search and filter data, information and digital content",1.A.1.e.1,Speed of Closure,ability,0.2847672402858734,3,False
esco_1753,computational biology,2.A.1.f,Science,skill,0.434587299823761,1,False
esco_1753,computational biology,2.C.4.d,Biology,knowledge,0.434187114238739,2,False
esco_1753,computational biology,2.A.1.e,Mathematics,skill,0.35384759306907654,3,False
esco_1754,investigate contamination,2.A.1.f,Science,skill,0.37945976853370667,1,False
esco_1754,investigate contamination,2.B.3.j,Equipment Maintenance,skill,0.376343309879303,2,False
esco_1754,investigate contamination,2.C.4.c,Chemistry,knowledge,0.34372442960739136,3,False
esco_1755,plan,2.B.5.d,Management of Personnel Resources,skill,0.44085192680358887,1,False
esco_1755,plan,2.C.4.a,Mathematics,knowledge,0.42724084854125977,2,False
esco_1755,plan,2.B.2.i,Complex Problem Solving,skill,0.4075569212436676,3,False
esco_1756,financial jurisdiction,2.C.1.c,Economics and Accounting,knowledge,0.4133608937263489,1,False
esco_1756,financial jurisdiction,2.B.5.b,Management of Financial Resources,skill,0.3880122900009155,2,False
esco_1756,financial jurisdiction,2.C.8.b,Law and Government,knowledge,0.365182101726532,3,False
esco_1757,inform on the risks of substance and alcohol abuse,2.B.1.f,Service Orientation,skill,0.3663889765739441,1,False
esco_1757,inform on the risks of substance and alcohol abuse,2.A.1.d,Speaking,skill,0.36049094796180725,2,False
esco_1757,inform on the risks of substance and alcohol abuse,2.A.1.c,Writing,skill,0.3419393301010132,3,False
esco_1758,working in teams,2.B.5.d,Management of Personnel Resources,skill,0.5297231674194336,1,True
esco_1758,working in teams,2.B.1.f,Service Orientation,skill,0.4150276780128479,2,False
esco_1758,working in teams,2.B.1.e,Instructing,skill,0.3966131806373596,3,False
esco_1759,develop environmental remediation strategies,2.B.5.c,Management of Material Resources,skill,0.4642716944217682,1,True
esco_1759,develop environmental remediation strategies,2.C.1.a,Administration and Management,knowledge,0.46179890632629395,2,True
esco_1759,develop environmental remediation strategies,2.B.5.d,Management of Personnel Resources,skill,0.44375836849212646,3,False
esco_1760,assess environmental impact,2.B.4.g,Systems Analysis,skill,0.34503811597824097,1,False
esco_1760,assess environmental impact,2.B.1.f,Service Orientation,skill,0.3426207900047302,2,False
esco_1760,assess environmental impact,2.B.4.e,Judgment and Decision Making,skill,0.33072996139526367,3,False
esco_1761,train employees,2.B.5.d,Management of Personnel Resources,skill,0.6362493634223938,1,True
esco_1761,train employees,2.C.6,Education and Training,knowledge,0.5869002938270569,2,True
esco_1761,train employees,2.C.1.f,Personnel and Human Resources,knowledge,0.5644071102142334,3,True
esco_1762,SAS Data Management,2.B.3.a,Operations Analysis,skill,0.3151808977127075,1,False
esco_1762,SAS Data Management,2.B.3.k,Troubleshooting,skill,0.3143240511417389,2,False
esco_1762,SAS Data Management,2.B.3.j,Equipment Maintenance,skill,0.2881334125995636,3,False
esco_1763,electrical equipment components,2.B.3.j,Equipment Maintenance,skill,0.4497939348220825,1,False
esco_1763,electrical equipment components,2.C.3.a,Computers and Electronics,knowledge,0.4285081923007965,2,False
esco_1763,electrical equipment components,2.B.3.d,Installation,skill,0.42473989725112915,3,False
esco_1764,implement a firewall,2.C.8.a,Public Safety and Security,knowledge,0.361627995967865,1,False
esco_1764,implement a firewall,2.C.3.a,Computers and Electronics,knowledge,0.3488459885120392,2,False
esco_1764,implement a firewall,2.B.3.e,Programming,skill,0.3418678343296051,3,False
esco_1765,CSS,2.C.3.a,Computers and Electronics,knowledge,0.29788917303085327,1,False
esco_1765,CSS,2.C.9.b,Communications and Media,knowledge,0.286217600107193,2,False
esco_1765,CSS,2.B.3.b,Technology Design,skill,0.2834365665912628,3,False
esco_1766,train staff on waste management,2.B.5.d,Management of Personnel Resources,skill,0.4834073781967163,1,True
esco_1766,train staff on waste management,2.B.5.c,Management of Material Resources,skill,0.45251959562301636,2,True
esco_1766,train staff on waste management,2.C.6,Education and Training,knowledge,0.42455166578292847,3,False
esco_1767,enforce safety procedures when working at heights,2.C.8.a,Public Safety and Security,knowledge,0.38280317187309265,1,False
esco_1767,enforce safety procedures when working at heights,2.B.3.j,Equipment Maintenance,skill,0.3531946539878845,2,False
esco_1767,enforce safety procedures when working at heights,2.B.5.d,Management of Personnel Resources,skill,0.3132668733596802,3,False
esco_1768,develop design plans,2.C.3.c,Design,knowledge,0.5577731132507324,1,True
esco_1768,develop design plans,2.B.3.a,Operations Analysis,skill,0.504713773727417,2,True
esco_1768,develop design plans,2.B.3.b,Technology Design,skill,0.4079081416130066,3,False
esco_1769,advice on security risk management,2.C.8.a,Public Safety and Security,knowledge,0.5152348875999451,1,True
esco_1769,advice on security risk management,2.B.2.i,Complex Problem Solving,skill,0.3710699677467346,2,False
esco_1769,advice on security risk management,2.B.4.e,Judgment and Decision Making,skill,0.34636592864990234,3,False
esco_1770,manage company fleet,2.B.5.d,Management of Personnel Resources,skill,0.5275258421897888,1,True
esco_1770,manage company fleet,2.C.1.f,Personnel and Human Resources,knowledge,0.4501707851886749,2,True
esco_1770,manage company fleet,2.C.1.a,Administration and Management,knowledge,0.4202383756637573,3,False
esco_1771,French,2.C.7.b,Foreign Language,knowledge,0.33633953332901,1,False
esco_1771,French,2.C.7.a,English Language,knowledge,0.278888463973999,2,False
esco_1771,French,1.A.4.b.4,Speech Recognition,ability,0.17023083567619324,3,False
esco_1772,provide healthcare services to patients in specialised medicine,2.C.5.a,Medicine and Dentistry,knowledge,0.4690219759941101,1,True
esco_1772,provide healthcare services to patients in specialised medicine,2.B.1.f,Service Orientation,skill,0.44104868173599243,2,False
esco_1772,provide healthcare services to patients in specialised medicine,2.C.5.b,Therapy and Counseling,knowledge,0.4062759280204773,3,False
esco_1773,climbing equipment,2.B.3.c,Equipment Selection,skill,0.40227651596069336,1,False
esco_1773,climbing equipment,2.B.3.j,Equipment Maintenance,skill,0.3837971091270447,2,False
esco_1773,climbing equipment,2.B.3.l,Repairing,skill,0.2754650413990021,3,False
esco_1774,perform water testing procedures,2.B.3.j,Equipment Maintenance,skill,0.39199984073638916,1,False
esco_1774,perform water testing procedures,2.A.1.f,Science,skill,0.373862087726593,2,False
esco_1774,perform water testing procedures,2.B.3.m,Quality Control Analysis,skill,0.3458639681339264,3,False
esco_1775,draw up professional texts,2.A.1.c,Writing,skill,0.5676847696304321,1,True
esco_1775,draw up professional texts,2.A.1.a,Reading Comprehension,skill,0.5218930244445801,2,True
esco_1775,draw up professional texts,2.A.1.d,Speaking,skill,0.44506144523620605,3,False
esco_1776,logistics,2.C.2.a,Production and Processing,knowledge,0.42797672748565674,1,False
esco_1776,logistics,2.B.3.a,Operations Analysis,skill,0.3916333019733429,2,False
esco_1776,logistics,2.B.5.c,Management of Material Resources,skill,0.39093315601348877,3,False
esco_1777,thinking creatively and innovatively,1.A.1.b.2,Originality,ability,0.5998326539993286,1,True
esco_1777,thinking creatively and innovatively,2.A.2.a,Critical Thinking,skill,0.4938392639160156,2,True
esco_1777,thinking creatively and innovatively,1.A.1.b.1,Fluency of Ideas,ability,0.4368205666542053,3,False
esco_1778,organise fire drills,2.B.5.d,Management of Personnel Resources,skill,0.5366750359535217,1,True
esco_1778,organise fire drills,2.B.1.e,Instructing,skill,0.44584399461746216,2,False
esco_1778,organise fire drills,2.C.6,Education and Training,knowledge,0.4403294622898102,3,False
esco_1779,create moving images,1.A.1.f.2,Visualization,ability,0.4353348910808563,1,False
esco_1779,create moving images,2.A.2.c,Learning Strategies,skill,0.31416183710098267,2,False
esco_1779,create moving images,2.C.10,Transportation,knowledge,0.2998822331428528,3,False
esco_1780,develop strategies for accessibility,2.A.1.c,Writing,skill,0.40703022480010986,1,False
esco_1780,develop strategies for accessibility,2.B.1.f,Service Orientation,skill,0.33247631788253784,2,False
esco_1780,develop strategies for accessibility,2.B.3.a,Operations Analysis,skill,0.32321810722351074,3,False
esco_1781,assess financial viability,2.B.5.b,Management of Financial Resources,skill,0.4646914303302765,1,True
esco_1781,assess financial viability,2.C.1.c,Economics and Accounting,knowledge,0.45963984727859497,2,True
esco_1781,assess financial viability,2.A.2.b,Active Learning,skill,0.36449310183525085,3,False
esco_1782,social justice,2.C.4.f,Sociology and Anthropology,knowledge,0.44360074400901794,1,False
esco_1782,social justice,2.C.8.b,Law and Government,knowledge,0.35136622190475464,2,False
esco_1782,social justice,2.C.9.b,Communications and Media,knowledge,0.31490856409072876,3,False
esco_1783,maintain technical equipment,2.B.3.j,Equipment Maintenance,skill,0.7396138310432434,1,True
esco_1783,maintain technical equipment,2.B.3.l,Repairing,skill,0.5579420924186707,2,True
esco_1783,maintain technical equipment,2.B.3.c,Equipment Selection,skill,0.5023446083068848,3,True
esco_1784,document management,2.B.5.b,Management of Financial Resources,skill,0.3705567717552185,1,False
esco_1784,document management,1.A.1.a.4,Written Expression,ability,0.3535105884075165,2,False
esco_1784,document management,2.A.1.c,Writing,skill,0.3532104194164276,3,False
esco_1785,psychological healthcare services,2.C.5.b,Therapy and Counseling,knowledge,0.5175718069076538,1,True
esco_1785,psychological healthcare services,2.C.4.e,Psychology,knowledge,0.4849642515182495,2,True
esco_1785,psychological healthcare services,2.B.1.f,Service Orientation,skill,0.4622058868408203,3,True
esco_1786,execute integration testing,2.C.2.a,Production and Processing,knowledge,0.3763766884803772,1,False
esco_1786,execute integration testing,2.B.3.a,Operations Analysis,skill,0.3575374484062195,2,False
esco_1786,execute integration testing,2.B.3.d,Installation,skill,0.3528592586517334,3,False
esco_1787,provide legal advice,2.C.8.b,Law and Government,knowledge,0.44477322697639465,1,False
esco_1787,provide legal advice,2.B.1.d,Negotiation,skill,0.43898940086364746,2,False
esco_1787,provide legal advice,2.A.1.d,Speaking,skill,0.3320857584476471,3,False
esco_1788,interpret graphical communication interfaces,2.A.1.d,Speaking,skill,0.5171630382537842,1,True
esco_1788,interpret graphical communication interfaces,2.A.1.a,Reading Comprehension,skill,0.47025662660598755,2,True
esco_1788,interpret graphical communication interfaces,1.A.1.a.2,Written Comprehension,ability,0.4338562786579132,3,False
esco_1789,review construction projects,2.C.3.d,Building and Construction,knowledge,0.5530179738998413,1,True
esco_1789,review construction projects,2.B.5.b,Management of Financial Resources,skill,0.46818530559539795,2,True
esco_1789,review construction projects,2.B.5.c,Management of Material Resources,skill,0.4346642792224884,3,False
esco_1790,first response,2.B.1.f,Service Orientation,skill,0.3888425827026367,1,False
esco_1790,first response,2.B.4.e,Judgment and Decision Making,skill,0.30843859910964966,2,False
esco_1790,first response,2.C.4.f,Sociology and Anthropology,knowledge,0.30058231949806213,3,False
esco_1791,team building,2.B.5.d,Management of Personnel Resources,skill,0.5129934549331665,1,True
esco_1791,team building,2.C.6,Education and Training,knowledge,0.49357926845550537,2,True
esco_1791,team building,2.C.5.b,Therapy and Counseling,knowledge,0.4202696681022644,3,False
esco_1792,provide health counselling,2.C.5.b,Therapy and Counseling,knowledge,0.5462366938591003,1,True
esco_1792,provide health counselling,2.B.1.f,Service Orientation,skill,0.3771767318248749,2,False
esco_1792,provide health counselling,2.C.6,Education and Training,knowledge,0.3401641845703125,3,False
esco_1793,build trust,2.B.1.d,Negotiation,skill,0.4525409936904907,1,True
esco_1793,build trust,2.A.1.d,Speaking,skill,0.4299972653388977,2,False
esco_1793,build trust,2.B.1.f,Service Orientation,skill,0.37447527050971985,3,False
esco_1794,conduct textile testing operations,2.B.3.j,Equipment Maintenance,skill,0.4438393712043762,1,False
esco_1794,conduct textile testing operations,2.A.2.c,Learning Strategies,skill,0.4294916093349457,2,False
esco_1794,conduct textile testing operations,2.C.6,Education and Training,knowledge,0.4290238618850708,3,False
esco_1795,radiation protection,2.B.3.j,Equipment Maintenance,skill,0.24257560074329376,1,False
esco_1795,radiation protection,2.C.5.b,Therapy and Counseling,knowledge,0.230658158659935,2,False
esco_1795,radiation protection,2.C.5.a,Medicine and Dentistry,knowledge,0.2304210066795349,3,False
esco_1796,advising on design or use of technologies,2.B.1.e,Instructing,skill,0.43751364946365356,1,False
esco_1796,advising on design or use of technologies,2.B.3.b,Technology Design,skill,0.4328470826148987,2,False
esco_1796,advising on design or use of technologies,2.B.2.i,Complex Problem Solving,skill,0.43051862716674805,3,False
esco_1797,refer healthcare users,2.B.1.f,Service Orientation,skill,0.43197208642959595,1,False
esco_1797,refer healthcare users,2.C.5.a,Medicine and Dentistry,knowledge,0.366963267326355,2,False
esco_1797,refer healthcare users,2.B.5.d,Management of Personnel Resources,skill,0.3653777539730072,3,False
esco_1798,review construction plans authorisations,2.C.3.d,Building and Construction,knowledge,0.5208247900009155,1,True
esco_1798,review construction plans authorisations,2.C.3.c,Design,knowledge,0.4272233247756958,2,False
esco_1798,review construction plans authorisations,2.B.5.c,Management of Material Resources,skill,0.35151559114456177,3,False
esco_1799,test concrete,2.C.3.d,Building and Construction,knowledge,0.399073988199234,1,False
esco_1799,test concrete,2.B.3.l,Repairing,skill,0.3263169527053833,2,False
esco_1799,test concrete,2.B.3.c,Equipment Selection,skill,0.2903909683227539,3,False
esco_1800,perform services in a flexible manner,2.B.1.f,Service Orientation,skill,0.5785349607467651,1,True
esco_1800,perform services in a flexible manner,2.B.5.d,Management of Personnel Resources,skill,0.557242751121521,2,True
esco_1800,perform services in a flexible manner,2.B.5.a,Time Management,skill,0.5322498679161072,3,True
esco_1801,"maintaining electrical, electronic and precision equipment",2.B.3.j,Equipment Maintenance,skill,0.7249189615249634,1,True
esco_1801,"maintaining electrical, electronic and precision equipment",2.B.3.l,Repairing,skill,0.5983664989471436,2,True
esco_1801,"maintaining electrical, electronic and precision equipment",2.C.3.a,Computers and Electronics,knowledge,0.5489033460617065,3,True
esco_1802,transportation engineering,2.C.3.b,Engineering and Technology,knowledge,0.4747108221054077,1,True
esco_1802,transportation engineering,2.C.10,Transportation,knowledge,0.4541761875152588,2,True
esco_1802,transportation engineering,2.C.3.d,Building and Construction,knowledge,0.422545850276947,3,False
esco_1803,maintain database security,2.C.8.a,Public Safety and Security,knowledge,0.3109391927719116,1,False
esco_1803,maintain database security,2.B.3.e,Programming,skill,0.2612120509147644,2,False
esco_1803,maintain database security,2.B.5.c,Management of Material Resources,skill,0.26002931594848633,3,False
esco_1804,accounting,2.C.1.c,Economics and Accounting,knowledge,0.6573470830917358,1,True
esco_1804,accounting,2.B.5.b,Management of Financial Resources,skill,0.5552195906639099,2,True
esco_1804,accounting,2.C.1.a,Administration and Management,knowledge,0.4043710231781006,3,False
esco_1805,classify insurance claims,1.A.1.b.4,Deductive Reasoning,ability,0.3630754351615906,1,False
esco_1805,classify insurance claims,1.A.1.b.5,Inductive Reasoning,ability,0.36160337924957275,2,False
esco_1805,classify insurance claims,2.C.5.a,Medicine and Dentistry,knowledge,0.3473314642906189,3,False
esco_1806,show diplomacy,2.B.1.d,Negotiation,skill,0.5402977466583252,1,True
esco_1806,show diplomacy,2.A.1.d,Speaking,skill,0.3941681385040283,2,False
esco_1806,show diplomacy,2.C.9.b,Communications and Media,knowledge,0.353356271982193,3,False
esco_1807,apply good clinical practices,2.B.1.f,Service Orientation,skill,0.47834715247154236,1,True
esco_1807,apply good clinical practices,2.C.5.b,Therapy and Counseling,knowledge,0.4696394205093384,2,True
esco_1807,apply good clinical practices,2.C.5.a,Medicine and Dentistry,knowledge,0.42494404315948486,3,False
esco_1808,review completed contracts,2.B.5.b,Management of Financial Resources,skill,0.2850227952003479,1,False
esco_1808,review completed contracts,2.B.2.i,Complex Problem Solving,skill,0.27597543597221375,2,False
esco_1808,review completed contracts,2.C.1.f,Personnel and Human Resources,knowledge,0.2737308442592621,3,False
esco_1809,ensure inspections of facilities,2.B.3.j,Equipment Maintenance,skill,0.5517245531082153,1,True
esco_1809,ensure inspections of facilities,2.A.2.d,Monitoring,skill,0.48483753204345703,2,True
esco_1809,ensure inspections of facilities,2.B.3.g,Operations Monitoring,skill,0.4705103039741516,3,True
esco_1810,ICT performance analysis methods,2.B.4.h,Systems Evaluation,skill,0.4227924048900604,1,False
esco_1810,ICT performance analysis methods,2.B.3.a,Operations Analysis,skill,0.39533740282058716,2,False
esco_1810,ICT performance analysis methods,2.B.5.b,Management of Financial Resources,skill,0.38730180263519287,3,False
esco_1811,scientific research methodology,2.A.1.f,Science,skill,0.5860849618911743,1,True
esco_1811,scientific research methodology,2.C.4.e,Psychology,knowledge,0.4962075352668762,2,True
esco_1811,scientific research methodology,2.A.2.c,Learning Strategies,skill,0.48884278535842896,3,True
esco_1812,liaise with educational staff,2.C.6,Education and Training,knowledge,0.5092720985412598,1,True
esco_1812,liaise with educational staff,2.B.5.d,Management of Personnel Resources,skill,0.5067335963249207,2,True
esco_1812,liaise with educational staff,2.B.1.e,Instructing,skill,0.497056245803833,3,True
esco_1813,analyse information systems,2.C.3.a,Computers and Electronics,knowledge,0.44820237159729004,1,False
esco_1813,analyse information systems,2.B.3.e,Programming,skill,0.44675886631011963,2,False
esco_1813,analyse information systems,2.B.2.i,Complex Problem Solving,skill,0.44288137555122375,3,False
esco_1814,prepare shipments in time,2.B.5.a,Time Management,skill,0.512810230255127,1,True
esco_1814,prepare shipments in time,2.B.5.d,Management of Personnel Resources,skill,0.4605770707130432,2,True
esco_1814,prepare shipments in time,2.C.2.a,Production and Processing,knowledge,0.4323046803474426,3,False
esco_1815,plan evaluation,2.B.5.d,Management of Personnel Resources,skill,0.5614027976989746,1,True
esco_1815,plan evaluation,2.C.1.a,Administration and Management,knowledge,0.5050550699234009,2,True
esco_1815,plan evaluation,2.B.2.i,Complex Problem Solving,skill,0.4854331612586975,3,True
esco_1816,integrate system components,2.B.3.l,Repairing,skill,0.49183472990989685,1,True
esco_1816,integrate system components,2.C.3.a,Computers and Electronics,knowledge,0.48865842819213867,2,True
esco_1816,integrate system components,2.B.3.d,Installation,skill,0.462705135345459,3,True
esco_1817,produce customised products,2.C.2.a,Production and Processing,knowledge,0.33971917629241943,1,False
esco_1817,produce customised products,2.B.3.a,Operations Analysis,skill,0.3047524094581604,2,False
esco_1817,produce customised products,1.A.1.b.7,Category Flexibility,ability,0.29378238320350647,3,False
esco_1818,data science,2.B.3.e,Programming,skill,0.443928062915802,1,False
esco_1818,data science,2.A.1.f,Science,skill,0.4325422942638397,2,False
esco_1818,data science,2.C.9.a,Telecommunications,knowledge,0.4188609719276428,3,False
esco_1819,assess groundwater environmental impact,2.B.3.j,Equipment Maintenance,skill,0.33060702681541443,1,False
esco_1819,assess groundwater environmental impact,2.B.4.g,Systems Analysis,skill,0.3048524856567383,2,False
esco_1819,assess groundwater environmental impact,2.C.8.a,Public Safety and Security,knowledge,0.29457563161849976,3,False
esco_1820,verify formal ICT specifications,2.C.3.a,Computers and Electronics,knowledge,0.4043979346752167,1,False
esco_1820,verify formal ICT specifications,2.B.3.e,Programming,skill,0.37297549843788147,2,False
esco_1820,verify formal ICT specifications,2.C.9.a,Telecommunications,knowledge,0.3419904112815857,3,False
esco_1821,design enterprise architecture,2.B.3.a,Operations Analysis,skill,0.47070103883743286,1,True
esco_1821,design enterprise architecture,2.C.3.c,Design,knowledge,0.4262732267379761,2,False
esco_1821,design enterprise architecture,2.B.3.b,Technology Design,skill,0.39778926968574524,3,False
esco_1822,align efforts towards business development,2.B.1.d,Negotiation,skill,0.388803094625473,1,False
esco_1822,align efforts towards business development,2.B.5.b,Management of Financial Resources,skill,0.3862311840057373,2,False
esco_1822,align efforts towards business development,2.B.5.d,Management of Personnel Resources,skill,0.3772200345993042,3,False
esco_1823,investigate road accidents,2.A.2.b,Active Learning,skill,0.3523862063884735,1,False
esco_1823,investigate road accidents,1.A.1.b.4,Deductive Reasoning,ability,0.34926751255989075,2,False
esco_1823,investigate road accidents,2.C.5.a,Medicine and Dentistry,knowledge,0.3468696177005768,3,False
esco_1824,venereology,2.C.7.d,History and Archeology,knowledge,0.42944785952568054,1,False
esco_1824,venereology,2.C.4.f,Sociology and Anthropology,knowledge,0.39421090483665466,2,False
esco_1824,venereology,2.C.5.a,Medicine and Dentistry,knowledge,0.34762853384017944,3,False
esco_1825,types of evaluation,2.B.4.h,Systems Evaluation,skill,0.4082935154438019,1,False
esco_1825,types of evaluation,2.C.4.f,Sociology and Anthropology,knowledge,0.3823997974395752,2,False
esco_1825,types of evaluation,2.C.4.e,Psychology,knowledge,0.3564688265323639,3,False
esco_1826,public law,2.C.8.b,Law and Government,knowledge,0.6282607316970825,1,True
esco_1826,public law,2.C.1.a,Administration and Management,knowledge,0.37596726417541504,2,False
esco_1826,public law,2.C.8.a,Public Safety and Security,knowledge,0.36494961380958557,3,False
esco_1827,"promoting products, services, or programs",2.C.1.d,Sales and Marketing,knowledge,0.49167001247406006,1,True
esco_1827,"promoting products, services, or programs",2.B.1.f,Service Orientation,skill,0.4506087899208069,2,True
esco_1827,"promoting products, services, or programs",2.B.5.d,Management of Personnel Resources,skill,0.34228214621543884,3,False
esco_1828,"advising on legal, regulatory or procedural matters",2.C.8.b,Law and Government,knowledge,0.6045635342597961,1,True
esco_1828,"advising on legal, regulatory or procedural matters",2.C.1.b,Administrative,knowledge,0.44460177421569824,2,False
esco_1828,"advising on legal, regulatory or procedural matters",2.C.1.f,Personnel and Human Resources,knowledge,0.42704668641090393,3,False
esco_1829,ensure conformity to specifications,2.B.3.j,Equipment Maintenance,skill,0.4961321949958801,1,True
esco_1829,ensure conformity to specifications,2.B.3.d,Installation,skill,0.45641961693763733,2,True
esco_1829,ensure conformity to specifications,2.B.3.a,Operations Analysis,skill,0.442950963973999,3,False
esco_1830,maintain relations with children's parents,2.B.1.d,Negotiation,skill,0.43590110540390015,1,False
esco_1830,maintain relations with children's parents,2.B.1.e,Instructing,skill,0.37314558029174805,2,False
esco_1830,maintain relations with children's parents,2.A.1.c,Writing,skill,0.35353729128837585,3,False
esco_1831,pharmacotherapy,2.C.5.b,Therapy and Counseling,knowledge,0.3683531880378723,1,False
esco_1831,pharmacotherapy,2.C.5.a,Medicine and Dentistry,knowledge,0.30570146441459656,2,False
esco_1831,pharmacotherapy,2.C.4.e,Psychology,knowledge,0.29079627990722656,3,False
esco_1832,ensure law application,2.C.8.b,Law and Government,knowledge,0.4051898717880249,1,False
esco_1832,ensure law application,2.C.5.b,Therapy and Counseling,knowledge,0.36570194363594055,2,False
esco_1832,ensure law application,2.C.5.a,Medicine and Dentistry,knowledge,0.3227357268333435,3,False
esco_1833,measure water flow,2.B.3.g,Operations Monitoring,skill,0.4455827474594116,1,False
esco_1833,measure water flow,2.A.2.d,Monitoring,skill,0.3485546112060547,2,False
esco_1833,measure water flow,2.A.1.e,Mathematics,skill,0.3404673635959625,3,False
esco_1834,manage standard enterprise resource planning system,2.C.1.f,Personnel and Human Resources,knowledge,0.3779030442237854,1,False
esco_1834,manage standard enterprise resource planning system,2.B.5.d,Management of Personnel Resources,skill,0.37667664885520935,2,False
esco_1834,manage standard enterprise resource planning system,2.C.3.a,Computers and Electronics,knowledge,0.36709561944007874,3,False
esco_1835,integrated design,2.C.3.c,Design,knowledge,0.5920035243034363,1,True
esco_1835,integrated design,2.B.3.a,Operations Analysis,skill,0.5856538414955139,2,True
esco_1835,integrated design,2.B.3.b,Technology Design,skill,0.49403074383735657,3,True
esco_1836,develop non-formal educational activities,2.B.1.e,Instructing,skill,0.4782258868217468,1,True
esco_1836,develop non-formal educational activities,2.C.6,Education and Training,knowledge,0.44791311025619507,2,False
esco_1836,develop non-formal educational activities,2.A.1.d,Speaking,skill,0.44087958335876465,3,False
esco_1837,design graphics,2.C.3.c,Design,knowledge,0.41632968187332153,1,False
esco_1837,design graphics,1.A.1.f.2,Visualization,ability,0.39634424448013306,2,False
esco_1837,design graphics,2.A.1.d,Speaking,skill,0.376958966255188,3,False
esco_1838,create new concepts,2.A.1.d,Speaking,skill,0.4877397418022156,1,True
esco_1838,create new concepts,1.A.1.b.2,Originality,ability,0.4279822111129761,2,False
esco_1838,create new concepts,2.B.1.d,Negotiation,skill,0.4246327877044678,3,False
esco_1839,have emotional intelligence,2.B.1.f,Service Orientation,skill,0.45204997062683105,1,True
esco_1839,have emotional intelligence,2.C.5.b,Therapy and Counseling,knowledge,0.41158342361450195,2,False
esco_1839,have emotional intelligence,2.B.1.a,Social Perceptiveness,skill,0.4057995080947876,3,False
esco_1840,ensure gender equality in the workplace,2.B.5.d,Management of Personnel Resources,skill,0.4457150101661682,1,False
esco_1840,ensure gender equality in the workplace,2.B.1.f,Service Orientation,skill,0.39488089084625244,2,False
esco_1840,ensure gender equality in the workplace,2.C.1.f,Personnel and Human Resources,knowledge,0.37960946559906006,3,False
esco_1841,test production input materials,2.B.5.c,Management of Material Resources,skill,0.4269934892654419,1,False
esco_1841,test production input materials,2.B.3.j,Equipment Maintenance,skill,0.4253213703632355,2,False
esco_1841,test production input materials,2.C.2.a,Production and Processing,knowledge,0.39575421810150146,3,False
esco_1842,lay sewer pipe,2.B.3.d,Installation,skill,0.3416242003440857,1,False
esco_1842,lay sewer pipe,2.C.3.d,Building and Construction,knowledge,0.2657385468482971,2,False
esco_1842,lay sewer pipe,2.B.3.a,Operations Analysis,skill,0.24668146669864655,3,False
esco_1843,DevOps,2.B.3.h,Operation and Control,skill,0.35242706537246704,1,False
esco_1843,DevOps,2.B.3.e,Programming,skill,0.32970041036605835,2,False
esco_1843,DevOps,2.B.3.b,Technology Design,skill,0.3296200633049011,3,False
esco_1844,create definitions,1.A.1.b.7,Category Flexibility,ability,0.4526687264442444,1,True
esco_1844,create definitions,2.A.1.d,Speaking,skill,0.4415113925933838,2,False
esco_1844,create definitions,2.C.9.b,Communications and Media,knowledge,0.4275282621383667,3,False
esco_1845,develop test procedures,2.B.5.d,Management of Personnel Resources,skill,0.520479142665863,1,True
esco_1845,develop test procedures,2.A.2.c,Learning Strategies,skill,0.48189979791641235,2,True
esco_1845,develop test procedures,2.C.1.a,Administration and Management,knowledge,0.4775044322013855,3,True
esco_1846,shape organisational teams based on competencies,2.B.5.d,Management of Personnel Resources,skill,0.5589021444320679,1,True
esco_1846,shape organisational teams based on competencies,2.C.1.a,Administration and Management,knowledge,0.4383239150047302,2,False
esco_1846,shape organisational teams based on competencies,2.C.1.f,Personnel and Human Resources,knowledge,0.4025488495826721,3,False
esco_1847,conduct environmental site assessments,2.C.6,Education and Training,knowledge,0.403661847114563,1,False
esco_1847,conduct environmental site assessments,2.A.2.c,Learning Strategies,skill,0.38070952892303467,2,False
esco_1847,conduct environmental site assessments,2.B.5.c,Management of Material Resources,skill,0.37402117252349854,3,False
esco_1848,strategies for handling cases of sexual assault,2.C.4.f,Sociology and Anthropology,knowledge,0.2649613916873932,1,False
esco_1848,strategies for handling cases of sexual assault,2.C.8.a,Public Safety and Security,knowledge,0.25300803780555725,2,False
esco_1848,strategies for handling cases of sexual assault,2.C.4.e,Psychology,knowledge,0.25027409195899963,3,False
esco_1849,liaise with managers,2.B.5.d,Management of Personnel Resources,skill,0.47644251585006714,1,True
esco_1849,liaise with managers,2.A.1.d,Speaking,skill,0.46805495023727417,2,True
esco_1849,liaise with managers,2.C.1.a,Administration and Management,knowledge,0.42371606826782227,3,False
esco_1850,movement techniques,1.A.2.c.3,Speed of Limb Movement,ability,0.5260127782821655,1,True
esco_1850,movement techniques,1.A.3.c.3,Gross Body Coordination,ability,0.41465532779693604,2,False
esco_1850,movement techniques,1.A.3.c.2,Dynamic Flexibility,ability,0.39990878105163574,3,False
esco_1851,collecting and preparing specimens or materials for testing,2.B.3.j,Equipment Maintenance,skill,0.5117101073265076,1,True
esco_1851,collecting and preparing specimens or materials for testing,2.B.5.c,Management of Material Resources,skill,0.47057288885116577,2,True
esco_1851,collecting and preparing specimens or materials for testing,2.B.3.c,Equipment Selection,skill,0.44549232721328735,3,False
esco_1852,draft project documentation,2.A.1.c,Writing,skill,0.4189360439777374,1,False
esco_1852,draft project documentation,1.A.1.a.4,Written Expression,ability,0.3953375518321991,2,False
esco_1852,draft project documentation,2.C.3.c,Design,knowledge,0.38007184863090515,3,False
esco_1853,concepts of telecommunications,2.C.9.a,Telecommunications,knowledge,0.6779131293296814,1,True
esco_1853,concepts of telecommunications,2.C.3.b,Engineering and Technology,knowledge,0.4750525951385498,2,True
esco_1853,concepts of telecommunications,2.C.3.a,Computers and Electronics,knowledge,0.4440602660179138,3,False
esco_1854,analyse production processes for improvement,2.C.2.a,Production and Processing,knowledge,0.6079277396202087,1,True
esco_1854,analyse production processes for improvement,2.B.3.a,Operations Analysis,skill,0.41553497314453125,2,False
esco_1854,analyse production processes for improvement,2.C.2.b,Food Production,knowledge,0.4035707712173462,3,False
esco_1855,define evaluation objectives and scope,2.B.5.d,Management of Personnel Resources,skill,0.5656143426895142,1,True
esco_1855,define evaluation objectives and scope,2.C.1.a,Administration and Management,knowledge,0.5183873176574707,2,True
esco_1855,define evaluation objectives and scope,2.B.4.h,Systems Evaluation,skill,0.46391189098358154,3,True
esco_1856,talent management strategies,2.B.5.d,Management of Personnel Resources,skill,0.6314581036567688,1,True
esco_1856,talent management strategies,2.C.1.f,Personnel and Human Resources,knowledge,0.5417649149894714,2,True
esco_1856,talent management strategies,2.C.1.a,Administration and Management,knowledge,0.4096757173538208,3,False
esco_1857,plan geotechnical investigations in the field,2.C.3.d,Building and Construction,knowledge,0.38960742950439453,1,False
esco_1857,plan geotechnical investigations in the field,2.C.7.d,History and Archeology,knowledge,0.36199337244033813,2,False
esco_1857,plan geotechnical investigations in the field,2.C.3.c,Design,knowledge,0.3404393792152405,3,False
esco_1858,by-products,2.B.1.f,Service Orientation,skill,0.36456045508384705,1,False
esco_1858,by-products,2.C.1.d,Sales and Marketing,knowledge,0.30601727962493896,2,False
esco_1858,by-products,2.C.1.e,Customer and Personal Service,knowledge,0.29645222425460815,3,False
esco_1859,communicate analytical insights,2.B.2.i,Complex Problem Solving,skill,0.4642406702041626,1,True
esco_1859,communicate analytical insights,2.B.3.a,Operations Analysis,skill,0.43308043479919434,2,False
esco_1859,communicate analytical insights,2.A.2.a,Critical Thinking,skill,0.42912232875823975,3,False
esco_1860,analyse software specifications,2.B.3.e,Programming,skill,0.5621289014816284,1,True
esco_1860,analyse software specifications,2.B.3.a,Operations Analysis,skill,0.4883449971675873,2,True
esco_1860,analyse software specifications,2.B.3.d,Installation,skill,0.45515331625938416,3,True
esco_1861,implement corporate governance,2.C.1.a,Administration and Management,knowledge,0.4271995723247528,1,False
esco_1861,implement corporate governance,2.B.5.b,Management of Financial Resources,skill,0.4269329607486725,2,False
esco_1861,implement corporate governance,2.B.5.d,Management of Personnel Resources,skill,0.40859106183052063,3,False
esco_1862,process data,1.A.1.b.4,Deductive Reasoning,ability,0.42478132247924805,1,False
esco_1862,process data,2.C.2.a,Production and Processing,knowledge,0.4174233078956604,2,False
esco_1862,process data,1.A.1.e.1,Speed of Closure,ability,0.41626274585723877,3,False
esco_1863,child protection,2.B.1.f,Service Orientation,skill,0.31008556485176086,1,False
esco_1863,child protection,2.C.8.a,Public Safety and Security,knowledge,0.2779900133609772,2,False
esco_1863,child protection,2.C.5.b,Therapy and Counseling,knowledge,0.26907867193222046,3,False
esco_1864,health and safety regulations,2.B.3.j,Equipment Maintenance,skill,0.4245079755783081,1,False
esco_1864,health and safety regulations,2.C.8.a,Public Safety and Security,knowledge,0.4001407027244568,2,False
esco_1864,health and safety regulations,2.C.1.f,Personnel and Human Resources,knowledge,0.3703332841396332,3,False
esco_1865,facilitate access to information,2.A.1.d,Speaking,skill,0.474202036857605,1,True
esco_1865,facilitate access to information,2.A.2.c,Learning Strategies,skill,0.4474926292896271,2,False
esco_1865,facilitate access to information,2.B.5.d,Management of Personnel Resources,skill,0.44008228182792664,3,False
esco_1866,performing administrative activities,2.C.1.b,Administrative,knowledge,0.6996439099311829,1,True
esco_1866,performing administrative activities,2.C.1.a,Administration and Management,knowledge,0.54141765832901,2,True
esco_1866,performing administrative activities,2.B.3.h,Operation and Control,skill,0.4221591353416443,3,False
esco_1867,interpret floor plans,2.C.3.c,Design,knowledge,0.44479548931121826,1,False
esco_1867,interpret floor plans,1.A.1.f.2,Visualization,ability,0.40495893359184265,2,False
esco_1867,interpret floor plans,2.C.3.d,Building and Construction,knowledge,0.3921167850494385,3,False
esco_1868,use cooking techniques,2.B.1.e,Instructing,skill,0.3981422185897827,1,False
esco_1868,use cooking techniques,2.A.2.c,Learning Strategies,skill,0.34314149618148804,2,False
esco_1868,use cooking techniques,2.C.2.b,Food Production,knowledge,0.31827154755592346,3,False
esco_1869,supervise data entry,2.B.3.e,Programming,skill,0.379860520362854,1,False
esco_1869,supervise data entry,2.C.1.b,Administrative,knowledge,0.3667939007282257,2,False
esco_1869,supervise data entry,2.A.1.a,Reading Comprehension,skill,0.3423512876033783,3,False
esco_1870,national road network,2.C.8.a,Public Safety and Security,knowledge,0.2874242961406708,1,False
esco_1870,national road network,2.B.1.f,Service Orientation,skill,0.28523877263069153,2,False
esco_1870,national road network,2.C.1.e,Customer and Personal Service,knowledge,0.27483856678009033,3,False
esco_1871,prioritise emergencies,2.B.5.d,Management of Personnel Resources,skill,0.5275751948356628,1,True
esco_1871,prioritise emergencies,2.B.5.a,Time Management,skill,0.46936726570129395,2,True
esco_1871,prioritise emergencies,2.B.4.e,Judgment and Decision Making,skill,0.4528326988220215,3,True
esco_1872,support employability of people with disabilities,2.B.5.d,Management of Personnel Resources,skill,0.43206557631492615,1,False
esco_1872,support employability of people with disabilities,2.B.1.f,Service Orientation,skill,0.39340585470199585,2,False
esco_1872,support employability of people with disabilities,2.C.5.b,Therapy and Counseling,knowledge,0.38651809096336365,3,False
esco_1873,trendwatching,2.C.4.f,Sociology and Anthropology,knowledge,0.4257875084877014,1,False
esco_1873,trendwatching,2.C.7.d,History and Archeology,knowledge,0.2693679928779602,2,False
esco_1873,trendwatching,2.C.9.b,Communications and Media,knowledge,0.22745870053768158,3,False
esco_1874,manage facilities services,2.B.5.d,Management of Personnel Resources,skill,0.5551772117614746,1,True
esco_1874,manage facilities services,2.C.1.a,Administration and Management,knowledge,0.5078257322311401,2,True
esco_1874,manage facilities services,2.B.1.f,Service Orientation,skill,0.506219744682312,3,True
esco_1875,examine legislative drafts,2.B.1.d,Negotiation,skill,0.44192036986351013,1,False
esco_1875,examine legislative drafts,2.C.8.b,Law and Government,knowledge,0.4402933120727539,2,False
esco_1875,examine legislative drafts,2.A.1.c,Writing,skill,0.3622027337551117,3,False
esco_1876,apply digital security measures,2.C.8.a,Public Safety and Security,knowledge,0.48564308881759644,1,True
esco_1876,apply digital security measures,2.C.3.a,Computers and Electronics,knowledge,0.3934054374694824,2,False
esco_1876,apply digital security measures,1.A.1.b.4,Deductive Reasoning,ability,0.3427082300186157,3,False
esco_1877,identify clients' needs,2.C.1.e,Customer and Personal Service,knowledge,0.5308339595794678,1,True
esco_1877,identify clients' needs,2.B.1.f,Service Orientation,skill,0.511847972869873,2,True
esco_1877,identify clients' needs,2.B.5.d,Management of Personnel Resources,skill,0.5059987902641296,3,True
esco_1878,Jenkins (tools for software configuration management),2.B.3.d,Installation,skill,0.3573198616504669,1,False
esco_1878,Jenkins (tools for software configuration management),2.B.3.j,Equipment Maintenance,skill,0.3378794193267822,2,False
esco_1878,Jenkins (tools for software configuration management),2.B.3.l,Repairing,skill,0.33247774839401245,3,False
esco_1879,automation technology,2.B.3.d,Installation,skill,0.42373383045196533,1,False
esco_1879,automation technology,2.B.3.j,Equipment Maintenance,skill,0.41983211040496826,2,False
esco_1879,automation technology,2.B.3.c,Equipment Selection,skill,0.4142146110534668,3,False
esco_1880,perform ICT security testing,2.B.3.k,Troubleshooting,skill,0.3867030739784241,1,False
esco_1880,perform ICT security testing,2.C.8.a,Public Safety and Security,knowledge,0.36244985461235046,2,False
esco_1880,perform ICT security testing,2.B.3.m,Quality Control Analysis,skill,0.351620614528656,3,False
esco_1881,level earth surface,2.B.3.j,Equipment Maintenance,skill,0.4751143157482147,1,True
esco_1881,level earth surface,2.B.3.c,Equipment Selection,skill,0.4503544569015503,2,True
esco_1881,level earth surface,2.C.3.e,Mechanical,knowledge,0.3709528148174286,3,False
esco_1882,analyse issues,2.B.2.i,Complex Problem Solving,skill,0.47180184721946716,1,True
esco_1882,analyse issues,1.A.1.a.2,Written Comprehension,ability,0.4494860768318176,2,False
esco_1882,analyse issues,2.A.2.a,Critical Thinking,skill,0.4314943552017212,3,False
esco_1883,machine tools,2.B.3.c,Equipment Selection,skill,0.6570512652397156,1,True
esco_1883,machine tools,2.B.3.l,Repairing,skill,0.5340306162834167,2,True
esco_1883,machine tools,2.C.3.e,Mechanical,knowledge,0.5172605514526367,3,True
esco_1884,support migrants to integrate in the receiving country,2.C.4.f,Sociology and Anthropology,knowledge,0.3449268937110901,1,False
esco_1884,support migrants to integrate in the receiving country,2.B.1.f,Service Orientation,skill,0.30762779712677,2,False
esco_1884,support migrants to integrate in the receiving country,2.C.5.b,Therapy and Counseling,knowledge,0.2575618624687195,3,False
esco_1885,approve engineering design,2.C.3.c,Design,knowledge,0.48715463280677795,1,True
esco_1885,approve engineering design,2.B.3.a,Operations Analysis,skill,0.46915438771247864,2,True
esco_1885,approve engineering design,2.B.3.b,Technology Design,skill,0.4075344204902649,3,False
esco_1886,maintain ICT server,2.B.3.j,Equipment Maintenance,skill,0.457897424697876,1,True
esco_1886,maintain ICT server,2.B.3.k,Troubleshooting,skill,0.3996501564979553,2,False
esco_1886,maintain ICT server,2.B.5.c,Management of Material Resources,skill,0.34498608112335205,3,False
esco_1887,operate 3D computer graphics software,2.B.3.e,Programming,skill,0.42072343826293945,1,False
esco_1887,operate 3D computer graphics software,2.B.3.a,Operations Analysis,skill,0.3913784623146057,2,False
esco_1887,operate 3D computer graphics software,2.C.3.c,Design,knowledge,0.3897881507873535,3,False
esco_1888,corporate sustainability,2.C.1.a,Administration and Management,knowledge,0.3605307936668396,1,False
esco_1888,corporate sustainability,2.B.5.b,Management of Financial Resources,skill,0.34137311577796936,2,False
esco_1888,corporate sustainability,2.B.5.c,Management of Material Resources,skill,0.3049924075603485,3,False
esco_1889,demonstrating willingness to learn,2.B.1.e,Instructing,skill,0.6137795448303223,1,True
esco_1889,demonstrating willingness to learn,2.A.2.c,Learning Strategies,skill,0.4942981004714966,2,True
esco_1889,demonstrating willingness to learn,2.A.2.b,Active Learning,skill,0.44353345036506653,3,False
esco_1890,perform resource planning,2.B.5.d,Management of Personnel Resources,skill,0.5613594651222229,1,True
esco_1890,perform resource planning,2.C.1.f,Personnel and Human Resources,knowledge,0.5168650150299072,2,True
esco_1890,perform resource planning,2.B.5.c,Management of Material Resources,skill,0.5111103057861328,3,True
esco_1891,performing calculations,2.A.1.e,Mathematics,skill,0.6345571279525757,1,True
esco_1891,performing calculations,2.C.4.a,Mathematics,knowledge,0.525270938873291,2,True
esco_1891,performing calculations,1.A.1.c.2,Number Facility,ability,0.5101997256278992,3,True
esco_1892,design press kit for media,2.C.9.b,Communications and Media,knowledge,0.47201216220855713,1,True
esco_1892,design press kit for media,2.C.3.c,Design,knowledge,0.3803507387638092,2,False
esco_1892,design press kit for media,2.A.1.c,Writing,skill,0.37520283460617065,3,False
esco_1893,public housing legislation,2.C.8.b,Law and Government,knowledge,0.38762903213500977,1,False
esco_1893,public housing legislation,2.C.8.a,Public Safety and Security,knowledge,0.3179453909397125,2,False
esco_1893,public housing legislation,2.B.5.b,Management of Financial Resources,skill,0.2974112331867218,3,False
esco_1894,monitor security measures,2.C.8.a,Public Safety and Security,knowledge,0.4792959690093994,1,True
esco_1894,monitor security measures,2.A.2.d,Monitoring,skill,0.465401291847229,2,True
esco_1894,monitor security measures,2.B.3.g,Operations Monitoring,skill,0.3971578776836395,3,False
esco_1895,use IT tools,2.B.3.l,Repairing,skill,0.39583179354667664,1,False
esco_1895,use IT tools,2.B.3.k,Troubleshooting,skill,0.37748658657073975,2,False
esco_1895,use IT tools,2.C.3.a,Computers and Electronics,knowledge,0.3564660847187042,3,False
esco_1896,prioritise requests,2.B.5.d,Management of Personnel Resources,skill,0.4966225028038025,1,True
esco_1896,prioritise requests,2.C.1.a,Administration and Management,knowledge,0.4435665011405945,2,False
esco_1896,prioritise requests,2.B.5.c,Management of Material Resources,skill,0.3933969736099243,3,False
esco_1897,use microsoft office,2.B.3.e,Programming,skill,0.41564714908599854,1,False
esco_1897,use microsoft office,2.C.3.a,Computers and Electronics,knowledge,0.3398986756801605,2,False
esco_1897,use microsoft office,2.C.1.b,Administrative,knowledge,0.3328906297683716,3,False
esco_1898,keep up-to-date with regulations,2.C.8.b,Law and Government,knowledge,0.4324938654899597,1,False
esco_1898,keep up-to-date with regulations,2.A.2.b,Active Learning,skill,0.34155794978141785,2,False
esco_1898,keep up-to-date with regulations,2.C.3.a,Computers and Electronics,knowledge,0.31425225734710693,3,False
esco_1899,empirical analysis,2.C.4.a,Mathematics,knowledge,0.47799474000930786,1,True
esco_1899,empirical analysis,2.C.1.c,Economics and Accounting,knowledge,0.42349907755851746,2,False
esco_1899,empirical analysis,2.C.4.e,Psychology,knowledge,0.4135891795158386,3,False
esco_1900,synthesise information,2.C.2.a,Production and Processing,knowledge,0.42666923999786377,1,False
esco_1900,synthesise information,2.B.3.e,Programming,skill,0.4248092770576477,2,False
esco_1900,synthesise information,2.A.1.f,Science,skill,0.4179847538471222,3,False
esco_1901,first aid,2.C.5.a,Medicine and Dentistry,knowledge,0.40949052572250366,1,False
esco_1901,first aid,2.C.5.b,Therapy and Counseling,knowledge,0.3384406864643097,2,False
esco_1901,first aid,2.B.1.f,Service Orientation,skill,0.32314449548721313,3,False
esco_1902,rainwater management,2.B.5.c,Management of Material Resources,skill,0.26452475786209106,1,False
esco_1902,rainwater management,2.B.3.j,Equipment Maintenance,skill,0.2635553777217865,2,False
esco_1902,rainwater management,2.B.3.c,Equipment Selection,skill,0.2579147517681122,3,False
esco_1903,develop employee retention programs,2.B.5.d,Management of Personnel Resources,skill,0.6935296058654785,1,True
esco_1903,develop employee retention programs,2.C.1.f,Personnel and Human Resources,knowledge,0.5473525524139404,2,True
esco_1903,develop employee retention programs,2.C.6,Education and Training,knowledge,0.441432923078537,3,False
esco_1904,apply crisis management,2.B.5.d,Management of Personnel Resources,skill,0.5619820356369019,1,True
esco_1904,apply crisis management,2.C.1.a,Administration and Management,knowledge,0.48021650314331055,2,True
esco_1904,apply crisis management,2.B.2.i,Complex Problem Solving,skill,0.45148539543151855,3,True
esco_1905,manage contract disputes,2.B.1.d,Negotiation,skill,0.6305744051933289,1,True
esco_1905,manage contract disputes,2.C.1.f,Personnel and Human Resources,knowledge,0.3986491560935974,2,False
esco_1905,manage contract disputes,2.A.1.d,Speaking,skill,0.3780870735645294,3,False
esco_1906,conduct research across disciplines,2.C.4.e,Psychology,knowledge,0.4439237117767334,1,False
esco_1906,conduct research across disciplines,2.B.2.i,Complex Problem Solving,skill,0.40707167983055115,2,False
esco_1906,conduct research across disciplines,1.A.1.a.2,Written Comprehension,ability,0.40046778321266174,3,False
esco_1907,implement strategic planning,2.C.1.a,Administration and Management,knowledge,0.48451656103134155,1,True
esco_1907,implement strategic planning,2.B.3.a,Operations Analysis,skill,0.45008209347724915,2,True
esco_1907,implement strategic planning,2.B.5.d,Management of Personnel Resources,skill,0.43285346031188965,3,False
esco_1908,driving vehicles,2.C.3.a,Computers and Electronics,knowledge,0.35950684547424316,1,False
esco_1908,driving vehicles,2.C.4.a,Mathematics,knowledge,0.3222498297691345,2,False
esco_1908,driving vehicles,2.B.3.j,Equipment Maintenance,skill,0.31617066264152527,3,False
esco_1909,define software architecture,2.B.3.a,Operations Analysis,skill,0.44516482949256897,1,False
esco_1909,define software architecture,2.B.3.e,Programming,skill,0.4151706099510193,2,False
esco_1909,define software architecture,2.B.3.b,Technology Design,skill,0.3877384662628174,3,False
esco_1910,handle financial transactions,2.B.5.b,Management of Financial Resources,skill,0.5388035178184509,1,True
esco_1910,handle financial transactions,2.C.1.c,Economics and Accounting,knowledge,0.5019166469573975,2,True
esco_1910,handle financial transactions,2.C.1.a,Administration and Management,knowledge,0.4965176582336426,3,True
esco_1911,testing electrical and mechanical systems or equipment,2.B.3.j,Equipment Maintenance,skill,0.5601699352264404,1,True
esco_1911,testing electrical and mechanical systems or equipment,2.C.3.a,Computers and Electronics,knowledge,0.5215564370155334,2,True
esco_1911,testing electrical and mechanical systems or equipment,2.B.3.l,Repairing,skill,0.519094705581665,3,True
esco_1912,renewable energy,2.C.3.b,Engineering and Technology,knowledge,0.275564968585968,1,False
esco_1912,renewable energy,2.C.3.a,Computers and Electronics,knowledge,0.2558270990848541,2,False
esco_1912,renewable energy,2.B.3.c,Equipment Selection,skill,0.25238853693008423,3,False
esco_1913,web services,2.C.1.e,Customer and Personal Service,knowledge,0.3728231191635132,1,False
esco_1913,web services,2.B.3.e,Programming,skill,0.3522428274154663,2,False
esco_1913,web services,2.B.1.f,Service Orientation,skill,0.3518604636192322,3,False
esco_1914,civil process order,2.B.5.b,Management of Financial Resources,skill,0.34213680028915405,1,False
esco_1914,civil process order,2.B.3.h,Operation and Control,skill,0.32626307010650635,2,False
esco_1914,civil process order,2.C.8.b,Law and Government,knowledge,0.3262014389038086,3,False
esco_1915,plan research process,2.B.2.i,Complex Problem Solving,skill,0.5354419946670532,1,True
esco_1915,plan research process,2.A.2.c,Learning Strategies,skill,0.46473419666290283,2,True
esco_1915,plan research process,2.B.3.a,Operations Analysis,skill,0.43727853894233704,3,False
esco_1916,provide power distribution,2.B.3.j,Equipment Maintenance,skill,0.46982860565185547,1,True
esco_1916,provide power distribution,2.B.3.c,Equipment Selection,skill,0.4215354025363922,2,False
esco_1916,provide power distribution,2.B.3.h,Operation and Control,skill,0.384394109249115,3,False
esco_1917,create documented procedures,2.C.1.f,Personnel and Human Resources,knowledge,0.4089679718017578,1,False
esco_1917,create documented procedures,2.B.5.d,Management of Personnel Resources,skill,0.3672608435153961,2,False
esco_1917,create documented procedures,2.C.1.b,Administrative,knowledge,0.35245832800865173,3,False
esco_1918,deal with challenging people,2.B.1.e,Instructing,skill,0.48552680015563965,1,True
esco_1918,deal with challenging people,2.B.1.f,Service Orientation,skill,0.46983960270881653,2,True
esco_1918,deal with challenging people,2.C.5.b,Therapy and Counseling,knowledge,0.46133995056152344,3,True
esco_1919,accept own accountability,2.B.1.d,Negotiation,skill,0.47489720582962036,1,True
esco_1919,accept own accountability,2.B.1.b,Coordination,skill,0.40869539976119995,2,False
esco_1919,accept own accountability,2.B.5.a,Time Management,skill,0.39538252353668213,3,False
esco_1920,asphalt mixes,2.C.2.a,Production and Processing,knowledge,0.22397921979427338,1,False
esco_1920,asphalt mixes,2.C.3.d,Building and Construction,knowledge,0.21794593334197998,2,False
esco_1920,asphalt mixes,2.B.5.c,Management of Material Resources,skill,0.18479306995868683,3,False
esco_1921,supply chain management,2.C.1.a,Administration and Management,knowledge,0.44746947288513184,1,False
esco_1921,supply chain management,2.C.2.a,Production and Processing,knowledge,0.4398151934146881,2,False
esco_1921,supply chain management,2.B.3.a,Operations Analysis,skill,0.4020249843597412,3,False
esco_1922,develop data processing applications,2.B.3.e,Programming,skill,0.6224966049194336,1,True
esco_1922,develop data processing applications,2.C.3.a,Computers and Electronics,knowledge,0.4813898503780365,2,True
esco_1922,develop data processing applications,2.B.3.a,Operations Analysis,skill,0.4059029519557953,3,False
esco_1923,design automation components,2.B.3.a,Operations Analysis,skill,0.5409269332885742,1,True
esco_1923,design automation components,2.B.3.b,Technology Design,skill,0.5260506868362427,2,True
esco_1923,design automation components,2.C.3.c,Design,knowledge,0.5028402209281921,3,True
esco_1924,seek innovation in current practices,2.A.2.b,Active Learning,skill,0.45416656136512756,1,True
esco_1924,seek innovation in current practices,2.A.1.d,Speaking,skill,0.43900418281555176,2,False
esco_1924,seek innovation in current practices,2.A.2.c,Learning Strategies,skill,0.43502917885780334,3,False
esco_1925,operating systems,2.B.3.k,Troubleshooting,skill,0.48729783296585083,1,True
esco_1925,operating systems,2.B.3.e,Programming,skill,0.48276442289352417,2,True
esco_1925,operating systems,2.B.3.h,Operation and Control,skill,0.45788636803627014,3,True
esco_1926,Korean,2.C.7.b,Foreign Language,knowledge,0.36010438203811646,1,False
esco_1926,Korean,2.C.7.a,English Language,knowledge,0.3219009041786194,2,False
esco_1926,Korean,1.A.4.b.4,Speech Recognition,ability,0.23342350125312805,3,False
esco_1927,lead inspections,2.C.4.e,Psychology,knowledge,0.40756773948669434,1,False
esco_1927,lead inspections,2.A.1.d,Speaking,skill,0.39836210012435913,2,False
esco_1927,lead inspections,2.C.1.f,Personnel and Human Resources,knowledge,0.38877615332603455,3,False
esco_1928,set safety and security standards,2.B.3.j,Equipment Maintenance,skill,0.4850795865058899,1,True
esco_1928,set safety and security standards,2.C.8.a,Public Safety and Security,knowledge,0.44918033480644226,2,False
esco_1928,set safety and security standards,2.B.1.f,Service Orientation,skill,0.3938771188259125,3,False
esco_1929,ICT networking hardware,2.C.9.a,Telecommunications,knowledge,0.32461878657341003,1,False
esco_1929,ICT networking hardware,2.C.3.a,Computers and Electronics,knowledge,0.3119765520095825,2,False
esco_1929,ICT networking hardware,2.B.3.b,Technology Design,skill,0.2763339579105377,3,False
esco_1930,manage digital archives,2.C.7.d,History and Archeology,knowledge,0.35446104407310486,1,False
esco_1930,manage digital archives,2.C.1.b,Administrative,knowledge,0.30597057938575745,2,False
esco_1930,manage digital archives,2.B.5.c,Management of Material Resources,skill,0.3023141622543335,3,False
esco_1931,conduct qualitative research,2.C.6,Education and Training,knowledge,0.46661078929901123,1,True
esco_1931,conduct qualitative research,2.A.1.d,Speaking,skill,0.45068085193634033,2,True
esco_1931,conduct qualitative research,2.A.1.c,Writing,skill,0.4349515438079834,3,False
esco_1932,food safety standards,2.C.2.b,Food Production,knowledge,0.41146212816238403,1,False
esco_1932,food safety standards,2.C.2.a,Production and Processing,knowledge,0.3613970875740051,2,False
esco_1932,food safety standards,2.C.1.e,Customer and Personal Service,knowledge,0.34212884306907654,3,False
esco_1933,manage financial aspects of a company,2.B.5.b,Management of Financial Resources,skill,0.6341565251350403,1,True
esco_1933,manage financial aspects of a company,2.C.1.c,Economics and Accounting,knowledge,0.5316603183746338,2,True
esco_1933,manage financial aspects of a company,2.C.1.a,Administration and Management,knowledge,0.5202798843383789,3,True
esco_1934,system design,2.B.3.a,Operations Analysis,skill,0.5295466184616089,1,True
esco_1934,system design,2.B.4.g,Systems Analysis,skill,0.4794415831565857,2,True
esco_1934,system design,2.B.3.b,Technology Design,skill,0.47911494970321655,3,True
esco_1935,building information modelling,2.C.3.d,Building and Construction,knowledge,0.5495988130569458,1,True
esco_1935,building information modelling,2.C.3.c,Design,knowledge,0.445139616727829,2,False
esco_1935,building information modelling,2.B.3.a,Operations Analysis,skill,0.3987863063812256,3,False
esco_1936,maintain financial records,2.B.5.b,Management of Financial Resources,skill,0.501814067363739,1,True
esco_1936,maintain financial records,2.C.1.c,Economics and Accounting,knowledge,0.47923725843429565,2,True
esco_1936,maintain financial records,2.C.1.b,Administrative,knowledge,0.31673794984817505,3,False
esco_1937,follow safety procedures when working at heights,2.C.8.a,Public Safety and Security,knowledge,0.3535565137863159,1,False
esco_1937,follow safety procedures when working at heights,2.B.3.j,Equipment Maintenance,skill,0.3353426456451416,2,False
esco_1937,follow safety procedures when working at heights,2.B.5.d,Management of Personnel Resources,skill,0.2928508222103119,3,False
esco_1938,ICT process quality models,2.B.3.a,Operations Analysis,skill,0.42454057931900024,1,False
esco_1938,ICT process quality models,2.B.3.m,Quality Control Analysis,skill,0.42128416895866394,2,False
esco_1938,ICT process quality models,2.B.3.b,Technology Design,skill,0.3907931447029114,3,False
esco_1939,participate in medical records' auditing activities,2.A.2.a,Critical Thinking,skill,0.4265337884426117,1,False
esco_1939,participate in medical records' auditing activities,2.C.5.a,Medicine and Dentistry,knowledge,0.4151660203933716,2,False
esco_1939,participate in medical records' auditing activities,2.C.4.e,Psychology,knowledge,0.3852248787879944,3,False
esco_1940,characteristics of services,2.C.1.e,Customer and Personal Service,knowledge,0.5472801923751831,1,True
esco_1940,characteristics of services,2.C.1.a,Administration and Management,knowledge,0.48151105642318726,2,True
esco_1940,characteristics of services,2.B.1.f,Service Orientation,skill,0.41550248861312866,3,False
esco_1941,ensure compliance with maintenance legislation,2.B.3.j,Equipment Maintenance,skill,0.5727179050445557,1,True
esco_1941,ensure compliance with maintenance legislation,2.B.3.l,Repairing,skill,0.38227134943008423,2,False
esco_1941,ensure compliance with maintenance legislation,2.B.5.c,Management of Material Resources,skill,0.345697820186615,3,False
esco_1942,health informatics,2.C.5.a,Medicine and Dentistry,knowledge,0.35666507482528687,1,False
esco_1942,health informatics,2.C.4.e,Psychology,knowledge,0.3373183012008667,2,False
esco_1942,health informatics,2.B.1.f,Service Orientation,skill,0.30960512161254883,3,False
esco_1943,liaise with transportation services,2.C.10,Transportation,knowledge,0.43537837266921997,1,False
esco_1943,liaise with transportation services,2.B.1.f,Service Orientation,skill,0.4335528612136841,2,False
esco_1943,liaise with transportation services,2.A.1.d,Speaking,skill,0.43202245235443115,3,False
esco_1944,create data models,1.A.1.b.7,Category Flexibility,ability,0.37605756521224976,1,False
esco_1944,create data models,2.C.3.c,Design,knowledge,0.323941171169281,2,False
esco_1944,create data models,2.B.3.a,Operations Analysis,skill,0.3154936730861664,3,False
esco_1945,maintain ICT system,2.B.3.j,Equipment Maintenance,skill,0.4575195908546448,1,True
esco_1945,maintain ICT system,2.B.5.c,Management of Material Resources,skill,0.3991028666496277,2,False
esco_1945,maintain ICT system,2.B.4.g,Systems Analysis,skill,0.3645089566707611,3,False
esco_1946,guide staff,2.B.5.d,Management of Personnel Resources,skill,0.5340151190757751,1,True
esco_1946,guide staff,2.A.1.d,Speaking,skill,0.5216143131256104,2,True
esco_1946,guide staff,2.B.1.f,Service Orientation,skill,0.5197229385375977,3,True
esco_1947,analyse community needs,2.B.1.f,Service Orientation,skill,0.4137031137943268,1,False
esco_1947,analyse community needs,2.A.1.d,Speaking,skill,0.37884950637817383,2,False
esco_1947,analyse community needs,2.B.1.d,Negotiation,skill,0.3730184733867645,3,False
esco_1948,repair alarm system,2.B.3.l,Repairing,skill,0.407012403011322,1,False
esco_1948,repair alarm system,2.B.3.g,Operations Monitoring,skill,0.3494207262992859,2,False
esco_1948,repair alarm system,2.B.3.j,Equipment Maintenance,skill,0.3400043845176697,3,False
esco_1949,draw design sketches,2.C.3.c,Design,knowledge,0.4614039659500122,1,True
esco_1949,draw design sketches,1.A.1.f.2,Visualization,ability,0.37346309423446655,2,False
esco_1949,draw design sketches,2.B.3.e,Programming,skill,0.3356829285621643,3,False
esco_1950,follow verbal instructions,2.A.1.d,Speaking,skill,0.598090410232544,1,True
esco_1950,follow verbal instructions,2.B.1.e,Instructing,skill,0.5854305624961853,2,True
esco_1950,follow verbal instructions,2.B.1.b,Coordination,skill,0.5190672278404236,3,True
esco_1951,identify with the company's goals,2.B.1.f,Service Orientation,skill,0.5893850326538086,1,True
esco_1951,identify with the company's goals,2.B.5.d,Management of Personnel Resources,skill,0.47984778881073,2,True
esco_1951,identify with the company's goals,2.B.5.b,Management of Financial Resources,skill,0.4108545482158661,3,False
esco_1952,edit scripts,2.A.1.c,Writing,skill,0.4768684506416321,1,True
esco_1952,edit scripts,2.A.1.d,Speaking,skill,0.42176878452301025,2,False
esco_1952,edit scripts,2.B.1.d,Negotiation,skill,0.41533374786376953,3,False
esco_1953,conduct security screenings,2.C.8.a,Public Safety and Security,knowledge,0.4415120780467987,1,False
esco_1953,conduct security screenings,2.B.3.j,Equipment Maintenance,skill,0.3714444041252136,2,False
esco_1953,conduct security screenings,2.B.1.f,Service Orientation,skill,0.324423611164093,3,False
esco_1954,prevent communicable diseases' outbreaks,2.A.1.d,Speaking,skill,0.368826299905777,1,False
esco_1954,prevent communicable diseases' outbreaks,2.B.1.c,Persuasion,skill,0.340741366147995,2,False
esco_1954,prevent communicable diseases' outbreaks,2.A.1.c,Writing,skill,0.31919580698013306,3,False
esco_1955,business knowledge,2.C.1.a,Administration and Management,knowledge,0.5344126224517822,1,True
esco_1955,business knowledge,2.C.1.c,Economics and Accounting,knowledge,0.4818241596221924,2,True
esco_1955,business knowledge,2.C.8.b,Law and Government,knowledge,0.47443991899490356,3,True
esco_1956,develop innovative mobility solutions,2.B.3.b,Technology Design,skill,0.38369208574295044,1,False
esco_1956,develop innovative mobility solutions,2.B.3.a,Operations Analysis,skill,0.36182332038879395,2,False
esco_1956,develop innovative mobility solutions,2.C.10,Transportation,knowledge,0.3315730690956116,3,False
esco_1957,handle tasks independently,2.B.5.a,Time Management,skill,0.6225762963294983,1,True
esco_1957,handle tasks independently,2.B.1.b,Coordination,skill,0.49203401803970337,2,True
esco_1957,handle tasks independently,2.B.5.d,Management of Personnel Resources,skill,0.45111966133117676,3,True
esco_1958,design user interface,2.A.1.d,Speaking,skill,0.4237293601036072,1,False
esco_1958,design user interface,2.C.3.c,Design,knowledge,0.39064472913742065,2,False
esco_1958,design user interface,2.B.3.b,Technology Design,skill,0.3839331865310669,3,False
esco_1959,develop product design,2.B.3.a,Operations Analysis,skill,0.5137727856636047,1,True
esco_1959,develop product design,2.C.3.c,Design,knowledge,0.4998322129249573,2,True
esco_1959,develop product design,2.B.3.b,Technology Design,skill,0.4437233507633209,3,False
esco_1960,conduct public presentations,2.A.1.d,Speaking,skill,0.533560037612915,1,True
esco_1960,conduct public presentations,2.A.1.c,Writing,skill,0.5142031908035278,2,True
esco_1960,conduct public presentations,2.C.9.b,Communications and Media,knowledge,0.44038474559783936,3,False
esco_1961,install low voltage wiring,2.B.3.d,Installation,skill,0.4098204970359802,1,False
esco_1961,install low voltage wiring,2.B.3.j,Equipment Maintenance,skill,0.31625962257385254,2,False
esco_1961,install low voltage wiring,2.B.3.c,Equipment Selection,skill,0.2762201428413391,3,False
esco_1962,principles of landscape construction,2.C.3.d,Building and Construction,knowledge,0.4612107276916504,1,True
esco_1962,principles of landscape construction,2.C.3.c,Design,knowledge,0.41306519508361816,2,False
esco_1962,principles of landscape construction,2.B.5.c,Management of Material Resources,skill,0.3152487576007843,3,False
esco_1963,implement data warehousing techniques,2.B.3.e,Programming,skill,0.433660089969635,1,False
esco_1963,implement data warehousing techniques,2.B.3.a,Operations Analysis,skill,0.4149312674999237,2,False
esco_1963,implement data warehousing techniques,2.C.3.a,Computers and Electronics,knowledge,0.37640807032585144,3,False
esco_1964,keep an open mind,2.A.2.a,Critical Thinking,skill,0.44047999382019043,1,False
esco_1964,keep an open mind,2.C.4.a,Mathematics,knowledge,0.4134978652000427,2,False
esco_1964,keep an open mind,2.B.1.f,Service Orientation,skill,0.38623422384262085,3,False
esco_1965,use personal organization software,2.B.5.d,Management of Personnel Resources,skill,0.45119744539260864,1,True
esco_1965,use personal organization software,2.B.5.a,Time Management,skill,0.39754045009613037,2,False
esco_1965,use personal organization software,2.C.1.f,Personnel and Human Resources,knowledge,0.3914130628108978,3,False
esco_1966,supplier management,2.B.5.c,Management of Material Resources,skill,0.4047762155532837,1,False
esco_1966,supplier management,2.B.3.a,Operations Analysis,skill,0.39850348234176636,2,False
esco_1966,supplier management,2.B.5.b,Management of Financial Resources,skill,0.3980940580368042,3,False
esco_1967,communication principles,2.C.9.a,Telecommunications,knowledge,0.5378650426864624,1,True
esco_1967,communication principles,2.C.9.b,Communications and Media,knowledge,0.5208970904350281,2,True
esco_1967,communication principles,2.A.1.d,Speaking,skill,0.49964195489883423,3,True
esco_1968,protecting and enforcing,2.B.5.d,Management of Personnel Resources,skill,0.3918587565422058,1,False
esco_1968,protecting and enforcing,2.C.1.f,Personnel and Human Resources,knowledge,0.39088109135627747,2,False
esco_1968,protecting and enforcing,2.C.6,Education and Training,knowledge,0.34713613986968994,3,False
esco_1969,perform market research,2.C.1.d,Sales and Marketing,knowledge,0.4949359893798828,1,True
esco_1969,perform market research,2.B.2.i,Complex Problem Solving,skill,0.3829026520252228,2,False
esco_1969,perform market research,2.B.5.d,Management of Personnel Resources,skill,0.3814934194087982,3,False
esco_1970,leading others,2.B.1.e,Instructing,skill,0.5316187143325806,1,True
esco_1970,leading others,2.B.1.b,Coordination,skill,0.421194851398468,2,False
esco_1970,leading others,2.A.1.d,Speaking,skill,0.4003891944885254,3,False
esco_1971,construction industry,2.C.3.d,Building and Construction,knowledge,0.582656979560852,1,True
esco_1971,construction industry,2.B.3.c,Equipment Selection,skill,0.38205307722091675,2,False
esco_1971,construction industry,2.C.3.b,Engineering and Technology,knowledge,0.3603203594684601,3,False
esco_1972,manage on-board water systems,2.B.3.j,Equipment Maintenance,skill,0.58983314037323,1,True
esco_1972,manage on-board water systems,2.B.3.g,Operations Monitoring,skill,0.490117609500885,2,True
esco_1972,manage on-board water systems,2.B.3.h,Operation and Control,skill,0.486872136592865,3,True
esco_1973,data models,2.B.3.a,Operations Analysis,skill,0.41762569546699524,1,False
esco_1973,data models,2.B.4.g,Systems Analysis,skill,0.4153343439102173,2,False
esco_1973,data models,2.B.2.i,Complex Problem Solving,skill,0.3784469962120056,3,False
esco_1974,management systems standards,2.C.1.a,Administration and Management,knowledge,0.5511115789413452,1,True
esco_1974,management systems standards,2.B.4.g,Systems Analysis,skill,0.43260642886161804,2,False
esco_1974,management systems standards,2.C.1.f,Personnel and Human Resources,knowledge,0.42897704243659973,3,False
esco_1975,communicate with a non-scientific audience,2.A.1.d,Speaking,skill,0.530114471912384,1,True
esco_1975,communicate with a non-scientific audience,2.A.1.c,Writing,skill,0.5115023255348206,2,True
esco_1975,communicate with a non-scientific audience,2.C.9.b,Communications and Media,knowledge,0.4364042282104492,3,False
esco_1976,analyse work-related written reports,2.A.1.a,Reading Comprehension,skill,0.5086424350738525,1,True
esco_1976,analyse work-related written reports,2.A.1.c,Writing,skill,0.4708232283592224,2,True
esco_1976,analyse work-related written reports,1.A.1.a.4,Written Expression,ability,0.4369213283061981,3,False
esco_1977,surveillance methods,2.B.3.g,Operations Monitoring,skill,0.4719216525554657,1,True
esco_1977,surveillance methods,2.B.3.j,Equipment Maintenance,skill,0.4592556953430176,2,True
esco_1977,surveillance methods,2.B.3.c,Equipment Selection,skill,0.43519288301467896,3,False
esco_1978,preserve samples,1.A.1.b.7,Category Flexibility,ability,0.26404792070388794,1,False
esco_1978,preserve samples,2.B.5.c,Management of Material Resources,skill,0.16447719931602478,2,False
esco_1978,preserve samples,2.C.2.a,Production and Processing,knowledge,0.14730578660964966,3,False
esco_1979,perform energy simulations,2.C.4.b,Physics,knowledge,0.43887242674827576,1,False
esco_1979,perform energy simulations,2.A.1.e,Mathematics,skill,0.3955061435699463,2,False
esco_1979,perform energy simulations,2.C.3.a,Computers and Electronics,knowledge,0.38508328795433044,3,False
esco_1980,coordinate construction activities,2.C.3.d,Building and Construction,knowledge,0.5524015426635742,1,True
esco_1980,coordinate construction activities,2.B.1.b,Coordination,skill,0.42841148376464844,2,False
esco_1980,coordinate construction activities,2.C.3.c,Design,knowledge,0.4121008515357971,3,False
