skill_id,esco_uri,skill_label,skill_alias,parent_1,parent_2,parent_3,parent_4,is_green,is_digital,is_language,is_research,demand_frequency,avg_fit_score
esco_0,http://data.europa.eu/esco/isced-f/0021,literacy and numeracy,,literacy and numeracy,generic programmes and qualifications,knowledge,,False,False,False,False,1,80.0
esco_1,http://data.europa.eu/esco/isced-f/011,education,,education,knowledge,,,False,False,False,False,7,71.42857142857143
esco_2,http://data.europa.eu/esco/isced-f/0215,music and performing arts,,arts,arts and humanities,knowledge,,False,False,False,False,3,86.66666666666667
esco_3,http://data.europa.eu/esco/isced-f/023,languages,,arts and humanities,knowledge,,,False,False,False,False,1,80.0
esco_4,http://data.europa.eu/esco/isced-f/032,journalism and information,,"social sciences, journalism and information",knowledge,,,False,False,False,False,1,80.0
esco_5,http://data.europa.eu/esco/isced-f/0321,journalism and reporting,,journalism and information,"social sciences, journalism and information",knowledge,,False,False,False,False,1,80.0
esco_6,http://data.europa.eu/esco/isced-f/0411,accounting and taxation,,business and administration,"business, administration and law",knowledge,,False,False,False,False,2,90.0
esco_7,http://data.europa.eu/esco/isced-f/0412,"finance, banking and insurance",,business and administration,"business, administration and law",knowledge,,False,False,False,False,1,80.0
esco_8,http://data.europa.eu/esco/isced-f/0413,management and administration,,business and administration,"business, administration and law",knowledge,,False,False,False,False,9,80.0
esco_9,http://data.europa.eu/esco/isced-f/0414,marketing and advertising,,business and administration,"business, administration and law",knowledge,,False,False,False,False,1,100.0
esco_10,http://data.europa.eu/esco/isced-f/0415,secretarial and office work,,business and administration,"business, administration and law",knowledge,,False,False,False,False,1,100.0
esco_11,http://data.europa.eu/esco/isced-f/0416,wholesale and retail sales,,business and administration,"business, administration and law",knowledge,,False,False,False,False,1,80.0
esco_12,http://data.europa.eu/esco/isced-f/042,law,,"business, administration and law",knowledge,,,False,False,False,False,2,100.0
esco_13,http://data.europa.eu/esco/isced-f/052,environment,,"natural sciences, mathematics and statistics",knowledge,,,False,False,False,False,1,80.0
esco_14,http://data.europa.eu/esco/isced-f/0521,environmental sciences,,environment,"natural sciences, mathematics and statistics",knowledge,,False,False,False,False,4,100.0
esco_15,http://data.europa.eu/esco/isced-f/054,mathematics and statistics,,"natural sciences, mathematics and statistics",knowledge,,,False,False,False,False,1,80.0
esco_16,http://data.europa.eu/esco/isced-f/0541,mathematics,,mathematics and statistics,"natural sciences, mathematics and statistics",knowledge,,False,False,False,False,1,80.0
esco_17,http://data.europa.eu/esco/isced-f/0542,statistics,,mathematics and statistics,"natural sciences, mathematics and statistics",knowledge,,False,False,False,False,2,80.0
esco_18,http://data.europa.eu/esco/isced-f/06,information and communication technologies (icts),,knowledge,,,,False,False,False,False,2,80.0
esco_19,http://data.europa.eu/esco/isced-f/0611,computer use,,information and communication technologies (icts),information and communication technologies (icts),knowledge,,False,False,False,False,65,87.23076923076923
esco_20,http://data.europa.eu/esco/isced-f/0612,database and network design and administration,,information and communication technologies (icts),information and communication technologies (icts),knowledge,,False,False,False,False,1,50.0
esco_21,http://data.europa.eu/esco/isced-f/0613,software and applications development and analysis,,information and communication technologies (icts),information and communication technologies (icts),knowledge,,False,False,False,False,8,61.25
esco_22,http://data.europa.eu/esco/isced-f/071,engineering and engineering trades,,"engineering, manufacturing and construction",knowledge,,,False,False,False,False,18,83.88888888888889
esco_23,http://data.europa.eu/esco/isced-f/0711,chemical engineering and processes,,engineering and engineering trades,"engineering, manufacturing and construction",knowledge,,False,False,False,False,1,100.0
esco_24,http://data.europa.eu/esco/isced-f/073,architecture and construction,,"engineering, manufacturing and construction",knowledge,,,False,False,False,False,13,73.07692307692308
esco_25,http://data.europa.eu/esco/isced-f/0731,architecture and town planning,,architecture and construction,"engineering, manufacturing and construction",knowledge,,False,False,False,False,4,57.5
esco_26,http://data.europa.eu/esco/isced-f/0732,building and civil engineering,,architecture and construction,"engineering, manufacturing and construction",knowledge,,False,False,False,False,8,80.0
esco_27,http://data.europa.eu/esco/isced-f/0812,horticulture,,agriculture,"agriculture, forestry, fisheries and veterinary",knowledge,,False,False,False,False,1,100.0
esco_28,http://data.europa.eu/esco/isced-f/0913,nursing and midwifery,,health,health and welfare,knowledge,,False,False,False,False,1,50.0
esco_29,http://data.europa.eu/esco/isced-f/0915,therapy and rehabilitation,,health,health and welfare,knowledge,,False,False,False,False,2,80.0
esco_30,http://data.europa.eu/esco/isced-f/0916,pharmacy,,health,health and welfare,knowledge,,False,False,False,False,3,100.0
esco_31,http://data.europa.eu/esco/isced-f/092,welfare,,health and welfare,knowledge,,,False,False,False,False,6,86.66666666666667
esco_32,http://data.europa.eu/esco/isced-f/10,services,,knowledge,,,,False,False,False,False,3,60.0
esco_33,http://data.europa.eu/esco/isced-f/1022,occupational health and safety,,hygiene and occupational health services,services,knowledge,,False,False,False,False,9,90.0
esco_34,http://data.europa.eu/esco/isced-f/103,security services,,services,knowledge,,,False,False,False,False,3,80.0
esco_35,http://data.europa.eu/esco/skill/000709ed-2be5-4193-b056-45a97698d828,apply anti-oppressive practices,identify oppression in societies and groups,protecting and enforcing,protecting and enforcing,assisting and caring,skills,False,False,False,False,3,76.66666666666667
esco_36,http://data.europa.eu/esco/skill/001115fb-569f-4ee6-8381-c6807ef2527f,show initiative,take the initiative,taking a proactive approach,self-management skills and competences,transversal skills and competences,,False,False,False,False,30,100.0
esco_37,http://data.europa.eu/esco/skill/00298d97-3dc3-4086-a902-bce0a2fba831,lead police investigations,manage police investigations,lead others,leading others,social and communication skills and competences,transversal skills and competences,False,False,False,False,4,62.5
esco_38,http://data.europa.eu/esco/skill/008fa98b-dba6-4abf-909e-04299728e3eb,influence public policies,convince policymakers to change policies,"advising on legal, regulatory or procedural matters",advising and consulting,"communication, collaboration and creativity",skills,False,False,False,False,1,90.0
esco_39,http://data.europa.eu/esco/skill/00b9a3aa-7070-4bb5-8020-f228a97cf42f,draft scientific or academic papers and technical documentation,create technical documentation,technical or academic writing,writing and composing,"communication, collaboration and creativity",skills,False,False,False,True,5,96.0
esco_40,http://data.europa.eu/esco/skill/00c04e40-35ea-4ed1-824c-82f936c8f876,incremental development,,software and applications development and analysis,information and communication technologies (icts),information and communication technologies (icts),knowledge,False,True,False,False,1,80.0
esco_41,http://data.europa.eu/esco/skill/00ebb379-ce26-439a-ba89-9a7d1ef2f696,develop a rehabilitation programme,develop rehabilitation programmes,providing psychological and occupational therapies,providing health care or medical treatments,assisting and caring,skills,False,False,False,False,1,80.0
esco_42,http://data.europa.eu/esco/skill/01c03003-516d-43c6-8477-45c472413521,advise on construction materials,advise about construction materials,advising on products and services,advising and consulting,"communication, collaboration and creativity",skills,False,False,False,False,1,80.0
esco_43,http://data.europa.eu/esco/skill/01e7dee7-3ff1-4807-acad-058dbed91aba,keep up to date on product knowledge,,monitoring developments in area of expertise,monitoring developments in area of expertise,information skills,skills,False,False,False,False,1,80.0
esco_44,http://data.europa.eu/esco/skill/02058de6-4b98-449f-8a45-8588b0eb2446,network engineering,network architecture,electronics and automation,engineering and engineering trades,"engineering, manufacturing and construction",knowledge,False,True,False,False,7,74.28571428571429
esco_45,http://data.europa.eu/esco/skill/020918ef-4b55-47c1-8430-ab7b8f6a7377,migrate existing data,,"managing, gathering and storing digital data",accessing and analysing digital data,working with computers,skills,False,True,False,False,5,94.0
esco_46,http://data.europa.eu/esco/skill/021a23e1-907e-4627-b05a-555f889cbb65,self-management skills and competences,,transversal skills and competences,,,,False,False,False,False,1,80.0
esco_47,http://data.europa.eu/esco/skill/022dc430-872a-473a-9cf4-fed4895e58ad,define database physical structure,,"managing, gathering and storing digital data",accessing and analysing digital data,working with computers,skills,False,True,False,False,1,100.0
esco_48,http://data.europa.eu/esco/skill/023f4870-b417-4bd2-b0ae-78e61587c79f,geomatics,,earth sciences,physical sciences,"natural sciences, mathematics and statistics",knowledge,False,False,False,False,8,87.5
esco_49,http://data.europa.eu/esco/skill/02e235f4-a30a-412a-a06e-1c471ad28678,follow procedures to control substances hazardous to health,ensure safe use of substances hazardous to health,follow safety precautions in work practices,complying with health and safety procedures,protecting and enforcing,assisting and caring,True,False,False,False,2,90.0
esco_50,http://data.europa.eu/esco/skill/0332f526-6dc0-4f09-8a7c-2b9473c50736,ensure infrastructure accessibility,provide accessible facilities,designing structures or facilities,designing systems and products,"communication, collaboration and creativity",skills,False,False,False,False,3,60.0
esco_51,http://data.europa.eu/esco/skill/03459358-3f0f-4b13-a143-890e2da798d3,configure electronic equipment,configuring electronic equipment,"installing and repairing electrical, electronic and precision equipment","installing, maintaining and repairing electrical, electronic and precision equipment",working with machinery and specialised equipment,skills,False,False,False,False,4,90.0
esco_52,http://data.europa.eu/esco/skill/036afa6e-cdde-4b38-a53a-8e7910a840e1,collaborating in teams and networks,,social and communication skills and competences,transversal skills and competences,,,False,False,False,False,48,92.91666666666667
esco_53,http://data.europa.eu/esco/skill/03a0ab28-ce99-4e14-baf8-a66c55da28f8,carry out event management,make event management,planning events and programmes,"organising, planning and scheduling work and activities",management skills,skills,False,False,False,False,2,80.0
esco_54,http://data.europa.eu/esco/skill/03aa85d2-9a67-455f-b901-595e685afdd2,keep sheet records,keeping sheet records,manage quantitative data,"managing, gathering and storing digital data",accessing and analysing digital data,working with computers,False,False,False,False,1,80.0
esco_55,http://data.europa.eu/esco/skill/03b9b491-fc9b-4868-914a-bf7cd47b5041,create solutions to problems,creating solutions to problems,solve problems,dealing with problems,thinking skills and competences,transversal skills and competences,False,False,False,False,13,91.53846153846153
esco_56,http://data.europa.eu/esco/skill/03efa398-a1cc-4589-9c10-84bf10f8d42d,"installing, maintaining and repairing mechanical equipment",,"installing, maintaining and repairing mechanical equipment",working with machinery and specialised equipment,skills,,False,False,False,False,1,80.0
esco_57,http://data.europa.eu/esco/skill/03f922b0-d518-457d-8f2c-80252a714be1,criminology,study of criminal behaviour,sociology and cultural studies,social and behavioural sciences,"social sciences, journalism and information",knowledge,False,False,False,False,6,65.0
esco_58,http://data.europa.eu/esco/skill/0415142d-6921-4f8d-832b-6271382b8193,test materials,material testing,testing and analysing substances,"monitoring, inspecting and testing",information skills,skills,False,False,False,False,1,100.0
esco_59,http://data.europa.eu/esco/skill/04455dce-a796-4a1f-bd07-ad42bdbda180,forensic pathology,legal procedures of forensic pathology,medicine,health,health and welfare,knowledge,False,False,False,False,1,80.0
esco_60,http://data.europa.eu/esco/skill/045f71e6-0699-4169-8a54-9c6b96f3174d,advise others,guide,supporting others,social and communication skills and competences,transversal skills and competences,,False,False,False,False,2,80.0
esco_61,http://data.europa.eu/esco/skill/04f1b938-d4d4-4cb1-a863-982af76b9d93,SAS language,,software and applications development and analysis,information and communication technologies (icts),information and communication technologies (icts),knowledge,False,True,False,False,21,78.0952380952381
esco_62,http://data.europa.eu/esco/skill/04fe962b-4017-4eb7-9139-7d69b6922bc9,use an application-specific interface,,working with computers,working with computers,working with computers,skills,False,True,False,False,3,80.0
esco_63,http://data.europa.eu/esco/skill/0520d8ba-3c24-4f75-a8b0-f883ddeed82d,audit contractors,assess contractors through auditing,analysing financial and economic data,analysing and evaluating information and data,information skills,skills,False,False,False,False,1,80.0
esco_64,http://data.europa.eu/esco/skill/0550431f-9c8b-4204-9c45-59bc5feacf06,continuous improvement philosophies,continuous improvement processes,management and administration,business and administration,"business, administration and law",knowledge,False,False,False,False,9,93.33333333333333
esco_65,http://data.europa.eu/esco/skill/05bd9f18-370a-4a88-98c7-473cffb7b2ca,produce materials for decision making,,"preparing financial documents, records, reports, or budgets",documenting and recording information,information skills,skills,False,False,False,False,4,80.0
esco_66,http://data.europa.eu/esco/skill/062320e5-79d1-45e8-8b7e-5deeb53279a2,perform online data analysis,undertake online data analysis,"managing, gathering and storing digital data",accessing and analysing digital data,working with computers,skills,False,True,False,False,4,77.5
esco_67,http://data.europa.eu/esco/skill/062ec888-7fd2-4b1e-860e-4cdcc9503ab3,manage land resources permits,manage permits for land resources,"preparing documentation for contracts, applications, or permits",documenting and recording information,information skills,skills,True,False,False,False,1,80.0
esco_68,http://data.europa.eu/esco/skill/06358891-8424-43c5-891e-d40f226bef40,manage IT security compliances,,"managing, gathering and storing digital data",accessing and analysing digital data,working with computers,skills,False,True,False,False,2,90.0
esco_69,http://data.europa.eu/esco/skill/06670261-ea6b-4b52-a915-c7d4ff837f74,identify statistical patterns,identifying statistical patterns,analysing scientific and medical data,analysing and evaluating information and data,information skills,skills,False,False,False,False,3,80.0
esco_70,http://data.europa.eu/esco/skill/06d09f70-6ca8-4078-be72-4c2c2a11ee61,program management,programs management,management and administration,business and administration,"business, administration and law",knowledge,False,False,False,False,36,74.16666666666667
esco_71,http://data.europa.eu/esco/skill/06f46a6e-62d3-4ca0-bedb-cb4c021c14ee,legal studies,the study of law,law,law,"business, administration and law",knowledge,False,False,False,False,3,70.0
esco_72,http://data.europa.eu/esco/skill/071233c4-ad2b-4f50-b79f-768d2231163e,domain name service,DNS server,database and network design and administration,information and communication technologies (icts),information and communication technologies (icts),knowledge,False,True,False,False,1,100.0
esco_73,http://data.europa.eu/esco/skill/0737ad0a-75ac-4696-988b-565820577ac0,use experience map,,"managing, gathering and storing digital data",accessing and analysing digital data,working with computers,skills,False,True,False,False,2,80.0
esco_74,http://data.europa.eu/esco/skill/0760bfac-9a03-427a-ad84-ccd33a2f2ae8,mathematical modelling,,mathematics,mathematics and statistics,"natural sciences, mathematics and statistics",knowledge,False,False,False,False,1,80.0
esco_75,http://data.europa.eu/esco/skill/0761f325-13e7-49f4-a41a-ec64ba4e7b9d,manage government-funded programmes,oversee state-funded programmes,"directing, supervising and coordinating projects","organising, planning and scheduling work and activities",management skills,skills,False,False,False,False,2,65.0
esco_76,http://data.europa.eu/esco/skill/0779d482-4154-4fbb-9a22-d9fd89c39d67,"organising, planning and scheduling work and activities",,"organising, planning and scheduling work and activities",management skills,skills,,False,False,False,False,2,100.0
esco_77,http://data.europa.eu/esco/skill/07889c08-7220-47c8-96f7-6068fbea00dc,normalise data,normalize data,"managing, gathering and storing digital data",accessing and analysing digital data,working with computers,skills,False,True,False,False,2,90.0
esco_78,http://data.europa.eu/esco/skill/07ba491f-2fd4-4bab-bf52-32934c6f0b9f,work in an international environment,work in an multicultural environment,working in teams,working with others,"communication, collaboration and creativity",skills,False,False,False,False,1,80.0
esco_79,http://data.europa.eu/esco/skill/07d3074b-f5cd-420a-bdf8-c8d643563ea5,respect publication formats,respecting publication formats,writing and composing,writing and composing,"communication, collaboration and creativity",skills,False,False,False,False,2,80.0
esco_80,http://data.europa.eu/esco/skill/07dd856d-6141-48a7-a228-918f88494812,create prototype of user experience solutions,UX,managing information,managing information,information skills,skills,False,True,False,False,2,65.0
esco_81,http://data.europa.eu/esco/skill/07e47d58-dd0e-4302-9e68-70a188e89065,apply system organisational policies,,demonstrate loyalty,following ethical code of conduct,social and communication skills and competences,transversal skills and competences,False,True,False,False,1,80.0
esco_82,http://data.europa.eu/esco/skill/07ebc888-0f3f-46e7-99d2-a7c7ebd7ffe3,property management software,PMS,"hotel, restaurants and catering",personal services,services,knowledge,False,True,False,False,8,97.5
esco_83,http://data.europa.eu/esco/skill/07ec6866-d283-46a6-991c-e8ce0c6fc159,interpret scientific data to assess water quality,assessing water quality data,analysing scientific and medical data,analysing and evaluating information and data,information skills,skills,True,False,False,False,1,80.0
esco_84,http://data.europa.eu/esco/skill/07f47dea-587c-40c0-990a-6c092cc3e6a4,interviewing,,obtaining information verbally,"communication, collaboration and creativity",skills,,False,False,False,False,7,92.85714285714286
esco_85,http://data.europa.eu/esco/skill/080a3bf6-c8e8-481e-b97e-8fbc964ebab7,typography,,literature and linguistics,languages,arts and humanities,knowledge,False,False,False,False,1,100.0
esco_86,http://data.europa.eu/esco/skill/0815979a-6506-47e2-951c-912414c98cbc,national population census,,sociology and cultural studies,social and behavioural sciences,"social sciences, journalism and information",knowledge,False,False,False,False,1,80.0
esco_87,http://data.europa.eu/esco/skill/081d7679-5070-4777-bece-a28c49f15636,environmental policy,local environmental policy,environmental sciences,environment,"natural sciences, mathematics and statistics",knowledge,True,False,False,False,2,75.0
esco_88,http://data.europa.eu/esco/skill/0823ccef-813f-4f22-afef-ac0d68615e8f,computer simulation,,computer use,information and communication technologies (icts),information and communication technologies (icts),knowledge,False,True,False,False,1,50.0
esco_89,http://data.europa.eu/esco/skill/082967d4-b94c-4305-aa13-35a6aa8c5c7c,cooperate with colleagues,work in cooperation with colleagues,lead others,leading others,social and communication skills and competences,transversal skills and competences,False,False,False,False,1,80.0
esco_90,http://data.europa.eu/esco/skill/0868eef3-2213-4572-9343-74931345a7d3,administer ICT system,administer system,maintain ICT system,use ICT systems,accessing and analysing digital data,accessing and analysing digital data,False,True,False,False,11,83.63636363636364
esco_91,http://data.europa.eu/esco/skill/089ddb19-1c7a-43ff-ba64-070f7ce4787a,warehouse operations,,wholesale and retail sales,business and administration,"business, administration and law",knowledge,False,False,False,False,1,80.0
esco_92,http://data.europa.eu/esco/skill/089ee650-297e-4716-87d1-440743b70a0d,ensure compliance with environmental legislation,ensure compliance with environmental regulations,complying with environmental protection laws and standards,protecting and enforcing,assisting and caring,skills,True,False,False,False,3,90.0
esco_93,http://data.europa.eu/esco/skill/08b04e53-ed25-41a2-9f90-0b9cd939ba3d,manage research data,,managing information,managing information,information skills,skills,False,True,False,True,1,80.0
esco_94,http://data.europa.eu/esco/skill/08f0af26-2178-40d2-9267-6d50a7346555,combine business technology with user experience,,analysing business operations,analysing and evaluating information and data,information skills,skills,False,False,False,False,1,50.0
esco_95,http://data.europa.eu/esco/skill/08f85a8c-c50c-4c97-b456-2fdda7f6a973,preventive medicine,preventative medicine,medicine,health,health and welfare,knowledge,False,False,False,False,6,83.33333333333333
esco_96,http://data.europa.eu/esco/skill/095fdace-1cc3-4e80-b37b-268fe297904a,prepare audit activities,,process qualitative information,analysing and evaluating information and data,analysing and evaluating information and data,information skills,False,False,False,False,1,80.0
esco_97,http://data.europa.eu/esco/skill/097098fc-6d89-44e9-9305-98ac5c0a78ac,educate on the prevention of illness,,training on health or medical topics,teaching and training,"communication, collaboration and creativity",skills,False,False,False,False,5,80.0
esco_98,http://data.europa.eu/esco/skill/09f2f811-a3fb-4de3-a70f-6420a6935575,systems development life-cycle,application development life-cycle,software and applications development and analysis,information and communication technologies (icts),information and communication technologies (icts),knowledge,False,True,False,False,15,84.0
esco_99,http://data.europa.eu/esco/skill/0a0532c2-ee60-4410-8e07-70e4d69370ec,operate automated process control,perform automated process control,operating precision industrial equipment,using precision instrumentation and equipment,working with machinery and specialised equipment,skills,False,True,False,False,1,80.0
esco_100,http://data.europa.eu/esco/skill/0a099c81-6a0c-4f00-bb3b-990d23ec03a5,manage ICT change request process,,directing operational activities,"organising, planning and scheduling work and activities",management skills,skills,False,True,False,False,1,80.0
esco_101,http://data.europa.eu/esco/skill/0a400212-8693-4b1f-b0ca-d1f82c321916,providing health care or medical treatments,,providing health care or medical treatments,assisting and caring,skills,,False,False,False,False,2,80.0
esco_102,http://data.europa.eu/esco/skill/0a43729f-2a79-4dae-9faa-95520daae79f,apply company policies,applying company policies,complying with operational procedures,protecting and enforcing,assisting and caring,skills,False,False,False,False,5,84.0
esco_103,http://data.europa.eu/esco/skill/0a48d064-dd04-47fb-a00d-85e9b4874033,business management principles,,lead others,leading others,social and communication skills and competences,transversal skills and competences,False,False,False,False,2,65.0
esco_104,http://data.europa.eu/esco/skill/0a4c5823-8b09-4e6b-95b4-8036ef3b9c4c,advocating for individual or community needs,,liaising and networking,"communication, collaboration and creativity",skills,,False,False,False,False,1,90.0
esco_105,http://data.europa.eu/esco/skill/0a71a150-17fd-448e-a5b8-19fbea76d569,develop urban transport studies,,analyse transport studies,analysing business operations,analysing and evaluating information and data,information skills,False,False,False,False,2,80.0
esco_106,http://data.europa.eu/esco/skill/0a9244d7-00a9-46d6-8ea9-77a63567522b,send summons,,performing general clerical and administrative tasks,performing administrative activities,management skills,skills,False,False,False,False,1,80.0
esco_107,http://data.europa.eu/esco/skill/0a9acb6b-1139-4be9-b431-3a80a959f2f4,Agile project management,Agile management software,ICT project management methodologies,management and administration,business and administration,"business, administration and law",False,True,False,False,9,84.44444444444444
esco_108,http://data.europa.eu/esco/skill/0aa02c52-077d-45f8-8c2d-7132c11ac16e,carry out strategic research,carry out a research strategy,conducting academic or market research,"conducting studies, investigations and examinations",information skills,skills,False,False,False,False,4,80.0
esco_109,http://data.europa.eu/esco/skill/0ab03c6c-281b-48f4-83e0-10eeb27a1bae,network management system tools,,database and network design and administration,information and communication technologies (icts),information and communication technologies (icts),knowledge,False,True,False,False,2,80.0
esco_110,http://data.europa.eu/esco/skill/0ab07923-f350-4a3c-bbea-3017d756c409,communicate regulations,communicating regulations,"advising on legal, regulatory or procedural matters",advising and consulting,"communication, collaboration and creativity",skills,False,False,False,False,7,64.28571428571429
esco_111,http://data.europa.eu/esco/skill/0af062de-eb43-41e9-9b96-249e2cd22d26,use markup languages,use HTML,programming computer systems,programming computer systems,working with computers,skills,False,True,False,False,16,91.25
esco_112,http://data.europa.eu/esco/skill/0afb2715-a6ee-4ad9-ac8a-fb904dd99b61,participate in governmental tenders,participating in governmental tenders,technical or academic writing,writing and composing,"communication, collaboration and creativity",skills,False,False,False,False,1,80.0
esco_113,http://data.europa.eu/esco/skill/0b144726-21c2-46ed-8d13-c03d27f61604,perform multiple tasks at the same time,perform multitasking activities,"organising, planning and scheduling work and activities","organising, planning and scheduling work and activities",management skills,skills,False,False,False,False,179,96.75977653631286
esco_114,http://data.europa.eu/esco/skill/0b4c6885-eecd-48b5-b9da-c5c20a5f9550,monitor utility equipment,monitoring utility equipment,monitor equipment condition,installing wooden and metal components,building and repairing structures,constructing,False,False,False,False,1,50.0
esco_115,http://data.europa.eu/esco/skill/0b4fa617-f80f-426f-b7b1-e65234493983,investigate human rights violations,inspect human rights violations,carrying out forensic and police investigations,"conducting studies, investigations and examinations",information skills,skills,False,False,False,False,3,60.0
esco_116,http://data.europa.eu/esco/skill/0b6cc8e4-b34d-4631-9061-3ba839ecc640,report on grants,,report facts,communicating,social and communication skills and competences,transversal skills and competences,False,False,False,False,1,80.0
esco_117,http://data.europa.eu/esco/skill/0b917c3e-e49f-40d9-8f95-3bc8e9c06fd2,perform laboratory tests,,operating scientific and laboratory equipment,using precision instrumentation and equipment,working with machinery and specialised equipment,skills,False,False,False,False,5,72.0
esco_118,http://data.europa.eu/esco/skill/0bc42cda-a6f0-4cac-9b34-7911faba0bd4,microbiology-bacteriology,microbiology,biology,biological and related sciences,"natural sciences, mathematics and statistics",knowledge,False,False,False,False,3,80.0
esco_119,http://data.europa.eu/esco/skill/0bca9840-478a-40fd-a6c3-c8cc923add98,develop management plans,developing management plans,"developing financial, business or marketing plans",developing objectives and strategies,management skills,skills,True,False,False,False,2,65.0
esco_120,http://data.europa.eu/esco/skill/0bd4c62a-c309-467e-be76-8403b3f3a1a8,financial products,financial instruments,"finance, banking and insurance",business and administration,"business, administration and law",knowledge,False,False,False,False,1,80.0
esco_121,http://data.europa.eu/esco/skill/0c15aa34-6977-4da7-b1f0-2ba6a582ef1b,monitor logging operations,reviewing logging operations,monitoring operational activities,"monitoring, inspecting and testing",information skills,skills,False,False,False,False,2,65.0
esco_122,http://data.europa.eu/esco/skill/0c33d03f-9696-44ff-9c1a-7f4296ee3335,rehearse role,rehearse roles,performing artistic or cultural activities,performing and entertaining,"communication, collaboration and creativity",skills,False,False,False,False,2,50.0
esco_123,http://data.europa.eu/esco/skill/0c577318-e850-4b3b-aa7c-c196abe4cba6,liaise with specialist contractors for well operations,creating business relationships with specialist contractors,collaborating and liaising,liaising and networking,"communication, collaboration and creativity",skills,False,False,False,False,1,80.0
esco_124,http://data.europa.eu/esco/skill/0c766ca3-9364-4203-916b-fed16e4814c1,gather data for forensic purposes,,use data processing techniques,"managing, gathering and storing digital data",accessing and analysing digital data,working with computers,False,False,False,False,1,80.0
esco_125,http://data.europa.eu/esco/skill/0c92c33c-2859-4705-87ae-4fdd71d0f8f6,using more than one language,,using more than one language,"communication, collaboration and creativity",skills,,False,False,False,False,1,100.0
esco_126,http://data.europa.eu/esco/skill/0ccdfe98-f845-4598-84a1-3dca66e9d9a3,Ruby (computer programming),Ruby,software and applications development and analysis,information and communication technologies (icts),information and communication technologies (icts),knowledge,False,True,False,False,3,83.33333333333333
esco_127,http://data.europa.eu/esco/skill/0cd07ad3-642c-4073-812f-3842dffcd920,procedural law,,law,law,"business, administration and law",knowledge,False,False,False,False,3,80.0
esco_128,http://data.europa.eu/esco/skill/0cfc7eb9-2891-4153-b335-6331f381ff05,communicate health and safety measures,,follow safety precautions in work practices,complying with health and safety procedures,protecting and enforcing,assisting and caring,False,False,False,False,1,80.0
esco_129,http://data.europa.eu/esco/skill/0d168770-4d9c-4096-b048-a6577818d306,Apache Maven,,software and applications development and analysis,information and communication technologies (icts),information and communication technologies (icts),knowledge,False,True,False,False,1,80.0
esco_130,http://data.europa.eu/esco/skill/0d282d6e-8cb9-4339-8e7d-cfafed96b5ed,conduct literature research,reviewing literature,conducting academic or market research,"conducting studies, investigations and examinations",information skills,skills,False,False,False,False,7,88.57142857142857
esco_131,http://data.europa.eu/esco/skill/0d6714c6-720e-4985-9791-5ab85d28da79,gather data,gathering data,use data processing techniques,"managing, gathering and storing digital data",accessing and analysing digital data,working with computers,False,True,False,False,25,92.4
esco_132,http://data.europa.eu/esco/skill/0d73a5c0-7f95-4ede-92f3-eac434a970a9,marine engineering,,building and civil engineering,architecture and construction,"engineering, manufacturing and construction",knowledge,False,False,False,False,1,100.0
esco_133,http://data.europa.eu/esco/skill/0d7f2cce-245a-4d02-9b8d-2e9946cc4c5d,deliver online training,,instruct others,supporting others,social and communication skills and competences,transversal skills and competences,False,True,False,False,1,70.0
esco_134,http://data.europa.eu/esco/skill/0d80a782-99ff-4f49-abbe-c72524c6f390,negotiating and managing contracts and agreements,,negotiating,"communication, collaboration and creativity",skills,,False,False,False,False,19,85.26315789473684
esco_135,http://data.europa.eu/esco/skill/0d8223a2-8a72-4895-aa40-db84c7c64335,operate cutting equipment,use cutting equipment,use cutting equipment,cutting materials and drilling holes,using hand tools,handling and moving,False,False,False,False,1,80.0
esco_136,http://data.europa.eu/esco/skill/0d9c959a-cdd4-41f7-aa82-5e2e25b27e3f,social work theory,fundamentals of social work,social work and counselling,welfare,health and welfare,knowledge,False,False,False,False,1,80.0
esco_137,http://data.europa.eu/esco/skill/0da516ee-e70e-4384-be13-f5ff80be8127,communicate with customers,interact with customers,establish customer rapport,developing professional relationships or networks,liaising and networking,"communication, collaboration and creativity",False,False,False,False,3,93.33333333333333
esco_138,http://data.europa.eu/esco/skill/0da6cab1-0ee9-4391-a299-f71fbf21db56,ICT network routing,,database and network design and administration,information and communication technologies (icts),information and communication technologies (icts),knowledge,False,True,False,False,2,90.0
esco_139,http://data.europa.eu/esco/skill/0dc7aa1b-b5af-4f4b-81ce-ee22ed8b6926,assess ICT knowledge,,monitoring and evaluating the performance of individuals,supervising people,management skills,skills,False,True,False,False,2,75.0
esco_140,http://data.europa.eu/esco/skill/0e161427-3369-47c0-8669-9e226207f6d0,discern written communication,understand written communication,"communication, collaboration and creativity","communication, collaboration and creativity","communication, collaboration and creativity",skills,False,False,False,False,298,85.77181208053692
esco_141,http://data.europa.eu/esco/skill/0e1fe34b-f4e7-4642-8c8b-5a05ac3438e5,manage schedule of tasks,task management,manage time,working efficiently,self-management skills and competences,transversal skills and competences,False,False,False,False,32,82.5
esco_142,http://data.europa.eu/esco/skill/0e355580-bd4a-465a-8058-92984623070e,work in outdoor conditions,,adapt to change,demonstrating willingness to learn,self-management skills and competences,transversal skills and competences,False,False,False,False,2,100.0
esco_143,http://data.europa.eu/esco/skill/0e8d16c9-e2db-4862-ac06-1567f01ef806,building systems monitoring technology,building monitoring technology systems,electronics and automation,engineering and engineering trades,"engineering, manufacturing and construction",knowledge,False,True,False,False,2,65.0
esco_144,http://data.europa.eu/esco/skill/0ee7b0d6-db98-4785-9948-f2ef415d155a,write research proposals,,technical or academic writing,writing and composing,"communication, collaboration and creativity",skills,False,False,False,False,3,70.0
esco_145,http://data.europa.eu/esco/skill/0ee94c0a-3716-494a-95a2-dcbab9e58be2,business requirements techniques,,management and administration,business and administration,"business, administration and law",knowledge,False,False,False,False,5,80.0
esco_146,http://data.europa.eu/esco/skill/0ee9e985-0ee5-4a73-8a12-78b53b261bb2,interact verbally in English,communicate verbally in English,English,languages,language skills and knowledge,,False,False,True,False,361,96.01108033240997
esco_147,http://data.europa.eu/esco/skill/0efd5409-0b0a-4dea-8d62-6bb960f61cdd,make legal decisions,take judicial decisions,make decisions,taking a proactive approach,self-management skills and competences,transversal skills and competences,False,False,False,False,1,80.0
esco_148,http://data.europa.eu/esco/skill/0f206574-328b-4c71-892b-8d0335ad311f,interpret customer non-verbal communication,interpret non-verbal communication,analysing and evaluating information and data,analysing and evaluating information and data,information skills,skills,False,False,False,False,1,50.0
esco_149,http://data.europa.eu/esco/skill/0f2eee6f-2203-4cc8-9d79-854d2d5d8131,use questioning techniques,,listening and asking questions,obtaining information verbally,"communication, collaboration and creativity",skills,False,False,False,False,1,80.0
esco_150,http://data.europa.eu/esco/skill/0f46a403-9606-465f-8247-8ae975ff4f35,communicate verbal instructions,communicate instructions orally,delegate responsibilities,leading others,social and communication skills and competences,transversal skills and competences,False,False,False,False,4,90.0
esco_151,http://data.europa.eu/esco/skill/0f551181-e1af-47e2-b2d8-ff9f4e011ecd,use clinical assessment techniques,,diagnosing health conditions,"conducting studies, investigations and examinations",information skills,skills,False,False,False,False,1,80.0
esco_152,http://data.europa.eu/esco/skill/0f58a178-1382-4df2-95e8-2b3f90e80e24,interact verbally in Spanish,speak Spanish,Spanish,languages,language skills and knowledge,,False,False,True,False,16,100.0
esco_153,http://data.europa.eu/esco/skill/0f69d0b1-b2a4-4e38-8281-cba49b718303,occupational medicine,,therapy and rehabilitation,health,health and welfare,knowledge,False,False,False,False,1,100.0
esco_154,http://data.europa.eu/esco/skill/0f804e14-001d-4ec0-b3f7-eb6a23ad43cb,negotiating,,negotiating,"communication, collaboration and creativity",skills,,False,False,False,False,10,100.0
esco_155,http://data.europa.eu/esco/skill/0f9958d2-f700-4f62-b90b-a5873cb5ae4c,systems thinking,,software and applications development and analysis,information and communication technologies (icts),information and communication technologies (icts),knowledge,False,True,False,False,12,83.33333333333333
esco_156,http://data.europa.eu/esco/skill/0fb753a1-2ef2-4429-84d2-ecb2b24daf7a,Apache Tomcat,,software and applications development and analysis,information and communication technologies (icts),information and communication technologies (icts),knowledge,False,True,False,False,1,50.0
esco_157,http://data.europa.eu/esco/skill/0fdc32f8-d7f4-48c3-895a-5aefc23a44b4,perform ideation activities,,developing solutions,solving problems,"communication, collaboration and creativity",skills,False,False,False,False,1,100.0
esco_158,http://data.europa.eu/esco/skill/0fe57279-53a8-478f-bcf9-dfe8172f0fb6,respond to inquiries in written form,responding to inquiries in written form,developing professional relationships or networks,liaising and networking,"communication, collaboration and creativity",skills,False,False,False,False,1,90.0
esco_159,http://data.europa.eu/esco/skill/0ff9d03c-0430-4423-91d5-c2d3e12c3a22,assist in developing practices for well being of employees,assist the development of practices for well being of employees,building and developing teams,building and developing teams,management skills,skills,False,False,False,False,2,80.0
esco_160,http://data.europa.eu/esco/skill/10026df1-670d-4c75-b3d5-ee0037f9d59b,lead process optimisation,determine process optimisation,leading and motivating,leading and motivating,management skills,skills,False,False,False,False,13,80.76923076923077
esco_161,http://data.europa.eu/esco/skill/1023ac61-250f-4eef-b7a9-238cf071685f,provide professional care in nursing,,"providing medical, dental and nursing care",providing health care or medical treatments,assisting and caring,skills,False,False,False,False,3,100.0
esco_162,http://data.europa.eu/esco/skill/1034004c-0347-4765-8794-b65d2c92b379,documenting and recording information,,documenting and recording information,information skills,skills,,False,False,False,False,2,75.0
esco_163,http://data.europa.eu/esco/skill/103770db-5ed7-4208-ac72-cf174dd677e9,childbirth,,nursing and midwifery,health,health and welfare,knowledge,False,False,False,False,1,50.0
esco_164,http://data.europa.eu/esco/skill/103af23e-d56c-47ab-b991-55c94dcdef50,advising and consulting,,advising and consulting,"communication, collaboration and creativity",skills,,False,False,False,False,7,82.85714285714286
esco_165,http://data.europa.eu/esco/skill/103f7814-d262-4df6-a1b6-759bc51f76cb,sustainable technologies,green technologies,environmental protection technology,engineering and engineering trades,"engineering, manufacturing and construction",knowledge,True,False,False,False,1,100.0
esco_166,http://data.europa.eu/esco/skill/108112e0-a3df-43bf-91ec-d9614ca4224c,provide psychological support to patients,provide psychological support to healthcare users,providing psychological and occupational therapies,providing health care or medical treatments,assisting and caring,skills,False,False,False,False,1,100.0
esco_167,http://data.europa.eu/esco/skill/10ac5282-3288-4383-8f69-9864d8564ea9,inspect pipelines,inspecting pipelines,installing wooden and metal components,building and repairing structures,constructing,skills,False,False,False,False,1,100.0
esco_168,http://data.europa.eu/esco/skill/10c11836-683d-45db-872d-3ec8aee4d37c,manage psychotherapeutic relationships,manage psychotherapy relationships,developing professional relationships or networks,liaising and networking,"communication, collaboration and creativity",skills,False,False,False,False,1,80.0
esco_169,http://data.europa.eu/esco/skill/113b4428-0a31-4199-8496-070af7854b91,meet commitments,achieve goals,working efficiently,self-management skills and competences,transversal skills and competences,,False,False,False,False,3,83.33333333333333
esco_170,http://data.europa.eu/esco/skill/11430d93-c835-48ed-8e70-285fa69c9ae6,design cloud architecture,,designing ict systems or applications,designing systems and products,"communication, collaboration and creativity",skills,False,True,False,False,5,80.0
esco_171,http://data.europa.eu/esco/skill/114a79ef-1e62-475b-a862-954f5b4cca20,develop waste management processes,,manage waste,adopt ways to reduce negative impact of consumption,applying environmental skills and competences,life skills and competences,True,False,False,False,1,80.0
esco_172,http://data.europa.eu/esco/skill/117373c8-f04b-4fff-8683-aebe36edac81,hardware platforms,,software and applications development and analysis,information and communication technologies (icts),information and communication technologies (icts),knowledge,False,True,False,False,2,65.0
esco_173,http://data.europa.eu/esco/skill/1177c6f5-09c5-4c35-873c-afd22d170ad3,quality assurance procedures,quality control procedures,work skills,business and administration,"business, administration and law",knowledge,False,False,False,False,12,79.16666666666667
esco_174,http://data.europa.eu/esco/skill/118a9b27-1c5a-4214-b685-1a4d9e6365ea,computer forensics,,computer use,information and communication technologies (icts),information and communication technologies (icts),knowledge,False,True,False,False,3,86.66666666666667
esco_175,http://data.europa.eu/esco/skill/11c56452-fcec-4b00-9695-cca4728e5048,marketing analytics,,marketing and advertising,business and administration,"business, administration and law",knowledge,False,True,False,False,2,50.0
esco_176,http://data.europa.eu/esco/skill/11eebd42-44ab-401d-8a2c-bdb9fc9beb50,information security strategy,,database and network design and administration,information and communication technologies (icts),information and communication technologies (icts),knowledge,False,True,False,False,1,80.0
esco_177,http://data.europa.eu/esco/skill/11f364dd-0814-4398-b00e-10d1be8b27af,design transportation systems,define transportation systems,designing structures or facilities,designing systems and products,"communication, collaboration and creativity",skills,False,False,False,False,11,80.0
esco_178,http://data.europa.eu/esco/skill/123cf7c5-6a3b-419d-be4f-49a6cc020f9f,interactive media,,audio-visual techniques and media production,arts,arts and humanities,knowledge,False,True,False,False,1,50.0
esco_179,http://data.europa.eu/esco/skill/12428071-1ec8-4d52-a0ce-3eee78e1e1be,perform records management,organise records management,managing information,managing information,information skills,skills,False,False,False,False,17,77.6470588235294
esco_180,http://data.europa.eu/esco/skill/1258cc12-37bb-4a12-b219-9c3d6b294533,work in an organised manner,be organized,manage time,working efficiently,self-management skills and competences,transversal skills and competences,False,False,False,False,147,94.62585034013605
esco_181,http://data.europa.eu/esco/skill/12b5cc46-bf35-464c-ac7d-1bdbc23262f7,perform failure analysis of production process,,"evaluating systems, programmes, equipment and products",analysing and evaluating information and data,information skills,skills,False,False,False,False,1,80.0
esco_182,http://data.europa.eu/esco/skill/12c7b323-d870-4f5b-9d7d-d9f525206d77,production processes,,"engineering, manufacturing and construction not elsewhere classified","engineering, manufacturing and construction not elsewhere classified","engineering, manufacturing and construction",knowledge,False,False,False,False,1,50.0
esco_183,http://data.europa.eu/esco/skill/130d8246-5d34-4cbf-93c6-c02990a26532,type error-free documents,type documents that are free of errors,entering and transforming information,processing information,information skills,skills,False,False,False,False,1,100.0
esco_184,http://data.europa.eu/esco/skill/135192cb-84e4-4b70-8946-fbe5041b26cd,learning needs analysis,learning needs evaluation,process qualitative information,analysing and evaluating information and data,analysing and evaluating information and data,information skills,False,False,False,False,1,50.0
esco_185,http://data.europa.eu/esco/skill/136596a4-00b5-4ed3-bb6e-717198c1ccbe,apply soldering techniques,use soldering techniques,"joining parts using soldering, welding or brazing techniques",building and repairing structures,constructing,skills,False,False,False,False,1,100.0
esco_186,http://data.europa.eu/esco/skill/138aecdf-1b02-4ffc-81c4-0a0461b4f3c0,conduct metallurgical structural analysis,,"evaluating systems, programmes, equipment and products",analysing and evaluating information and data,information skills,skills,False,False,False,False,1,50.0
esco_187,http://data.europa.eu/esco/skill/13bdd41a-2a18-441f-96db-41252c519413,Visual Basic,VB.NET,software and applications development and analysis,information and communication technologies (icts),information and communication technologies (icts),knowledge,False,True,False,False,6,93.33333333333333
esco_188,http://data.europa.eu/esco/skill/14029d35-3831-4176-be75-da64e6024e6f,alarm systems,,protection of persons and property,security services,services,knowledge,False,True,False,False,1,80.0
esco_189,http://data.europa.eu/esco/skill/143769cb-b61e-47d8-a61e-eedfbec1016c,business intelligence,,management and administration,business and administration,"business, administration and law",knowledge,False,True,False,False,11,94.54545454545455
esco_190,http://data.europa.eu/esco/skill/14764a75-3104-4875-ba1d-57c059b9b013,telecommunications engineering,telecommunications technology,electronics and automation,engineering and engineering trades,"engineering, manufacturing and construction",knowledge,False,True,False,False,3,70.0
esco_191,http://data.europa.eu/esco/skill/14832d87-2f2f-4895-b290-e4760ebae42a,solve technical problems,,resolving computer problems,setting up and protecting computer systems,working with computers,skills,False,True,False,False,13,96.92307692307692
esco_192,http://data.europa.eu/esco/skill/14c41899-0224-4cbc-bd8c-e946ada2da87,working efficiently,,self-management skills and competences,transversal skills and competences,,,False,False,False,False,1,80.0
esco_193,http://data.europa.eu/esco/skill/14ced458-5f4b-495f-bd3d-9c240614bda0,Adobe Photoshop,,computer use,information and communication technologies (icts),information and communication technologies (icts),knowledge,False,True,False,False,8,97.5
esco_194,http://data.europa.eu/esco/skill/14d133af-6662-490e-9716-a4cc1e26676a,advocate a cause,,presenting general information,presenting information,"communication, collaboration and creativity",skills,False,False,False,False,2,90.0
esco_195,http://data.europa.eu/esco/skill/14ee9f76-3524-43d5-8a1a-5ba8283f8bd7,Spanish,,languages,language skills and knowledge,,,False,False,True,False,10,100.0
esco_196,http://data.europa.eu/esco/skill/15a33d76-4640-438d-ae64-fdc0c1d3eebc,customer service,customer support,work skills,business and administration,"business, administration and law",knowledge,False,False,False,False,71,97.6056338028169
esco_197,http://data.europa.eu/esco/skill/15d76317-c71a-4fa2-aadc-2ecc34e627b7,communication,communicating,personal skills and development,personal skills and development,generic programmes and qualifications,knowledge,False,False,False,False,219,96.02739726027397
esco_198,http://data.europa.eu/esco/skill/15fa3879-ac0e-46e6-ae36-609bae9c19c3,monitoring operational activities,,"monitoring, inspecting and testing",information skills,skills,,False,False,False,False,16,78.125
esco_199,http://data.europa.eu/esco/skill/1618ee1c-6753-456e-a171-3d7e5f75404a,good laboratory practice,regulatory requirements,chemical engineering and processes,engineering and engineering trades,"engineering, manufacturing and construction",knowledge,False,False,False,False,6,90.0
esco_200,http://data.europa.eu/esco/skill/164510d1-1216-4dc0-b9d1-a7f6af19e469,developing contingency and emergency response plans,,developing objectives and strategies,management skills,skills,,False,False,False,False,4,85.0
esco_201,http://data.europa.eu/esco/skill/16886497-e872-421a-8b9c-dc7fbbbb1ba5,design metal components,designing metal components,"designing industrial materials, systems or products",designing systems and products,"communication, collaboration and creativity",skills,False,False,False,False,1,50.0
esco_202,http://data.europa.eu/esco/skill/16c2b3fb-3a41-4b0e-bb35-06e659917b02,conduct contact tracing interviews,perform contact tracing inquiries,interviewing,obtaining information verbally,"communication, collaboration and creativity",skills,False,False,False,False,5,96.0
esco_203,http://data.europa.eu/esco/skill/16c8eade-5c2b-4c9c-a60d-6799dbc758a3,instrumentation equipment,equipment used in instrumentation,electronics and automation,engineering and engineering trades,"engineering, manufacturing and construction",knowledge,False,False,False,False,4,72.5
esco_204,http://data.europa.eu/esco/skill/16d076f8-5ae7-4e93-91df-4cdc13329f99,maintain pharmaceutical records,keep track of pharmaceutical records,maintain professional records,manage quantitative data,"managing, gathering and storing digital data",accessing and analysing digital data,False,False,False,False,5,80.0
esco_205,http://data.europa.eu/esco/skill/16d61c6a-30e8-49e2-abbb-d20879eb8afd,design spatial layout of outdoor areas,outdoor areas spatial layout design,designing structures or facilities,designing systems and products,"communication, collaboration and creativity",skills,False,False,False,False,4,72.5
esco_206,http://data.europa.eu/esco/skill/1709f408-9965-489b-9805-8e1e5d9e483b,health care legislation,healthcare laws and regulations,law,law,"business, administration and law",knowledge,False,False,False,False,3,80.0
esco_207,http://data.europa.eu/esco/skill/172020d1-e151-445b-8173-e2a5fb16fe51,utilise computer-aided software engineering tools,,programming computer systems,programming computer systems,working with computers,skills,False,True,False,False,2,65.0
esco_208,http://data.europa.eu/esco/skill/172112b9-1cf8-4b7c-818b-06f0205e52b3,advise on bridge inspection,,monitoring safety or security,"monitoring, inspecting and testing",information skills,skills,False,False,False,False,2,50.0
esco_209,http://data.europa.eu/esco/skill/1781b399-9559-4cec-9bd0-9d007216d4b7,prevent fraudulent activities,prevent fraudulent actions,developing objectives and strategies,developing objectives and strategies,management skills,skills,False,False,False,False,1,100.0
esco_210,http://data.europa.eu/esco/skill/17996b4f-1302-4bd7-a4c7-912b74feccf0,fine arts,,fine arts,arts,arts and humanities,knowledge,False,False,False,False,3,100.0
esco_211,http://data.europa.eu/esco/skill/17fa2e6a-ca80-4d60-afb0-03f170e9d5f3,collect samples,,collecting and preparing specimens or materials for testing,transforming and blending materials,handling and moving,skills,False,False,False,False,1,100.0
esco_212,http://data.europa.eu/esco/skill/1835a7c1-600e-4b16-a0af-fb4f7d8d77b9,develop personal skills,developing personal skills,coaching and mentoring,teaching and training,"communication, collaboration and creativity",skills,False,False,False,False,3,80.0
esco_213,http://data.europa.eu/esco/skill/1864d4a3-eb9c-44f2-84f3-77137db21aeb,operate pumps,pump operation,operating pumping systems or equipment,operating machinery for the extraction and processing of raw materials,working with machinery and specialised equipment,skills,False,False,False,False,2,100.0
esco_214,http://data.europa.eu/esco/skill/1893b4bc-0eb2-41de-96e3-9c8f1f1eac41,inspecting food safety and quality,,"monitoring, inspecting and testing",information skills,skills,,False,False,False,False,1,80.0
esco_215,http://data.europa.eu/esco/skill/18da3b88-1cd5-4ef3-83d6-664e52afdaba,building and repairing structures,,constructing,skills,,,False,False,False,False,3,80.0
esco_216,http://data.europa.eu/esco/skill/192e12e7-6bf0-42e6-bfc3-70c08551f12a,assess environmental plans against financial costs,check environmental plans against financial costs,"developing financial, business or marketing plans",developing objectives and strategies,management skills,skills,False,False,False,False,1,80.0
esco_217,http://data.europa.eu/esco/skill/193af349-b20e-4277-94bf-b184e92b8d6a,managing budgets or finances,,allocating and controlling resources,management skills,skills,,False,False,False,False,1,80.0
esco_218,http://data.europa.eu/esco/skill/196e6fb8-cc19-4045-92d8-02d52c60e328,supervise court hearings,,complying with operational procedures,protecting and enforcing,assisting and caring,skills,False,False,False,False,1,80.0
esco_219,http://data.europa.eu/esco/skill/1973c966-f236-40c9-b2d4-5d71a89019be,use spreadsheets software,Microsoft Office Excel,"managing, gathering and storing digital data",accessing and analysing digital data,working with computers,skills,False,True,False,False,325,96.27692307692308
esco_220,http://data.europa.eu/esco/skill/19858dd3-a5fe-4855-b644-6ecfefd1c384,carpentry,,building and civil engineering,architecture and construction,"engineering, manufacturing and construction",knowledge,False,False,False,False,3,100.0
esco_221,http://data.europa.eu/esco/skill/198b614d-a9af-46f5-b3fd-2672b401dd8e,health and safety in the workplace,health and safety,occupational health and safety,hygiene and occupational health services,services,knowledge,False,False,False,False,3,93.33333333333333
esco_222,http://data.europa.eu/esco/skill/199f7919-5114-41b6-b6a5-41e0e4896ec1,assume responsibility,,taking a proactive approach,self-management skills and competences,transversal skills and competences,,False,False,False,False,4,100.0
esco_223,http://data.europa.eu/esco/skill/19a64e91-bfe3-4c48-9225-3bb1229b12f0,show determination,strive for success,taking a proactive approach,self-management skills and competences,transversal skills and competences,,False,False,False,False,2,85.0
esco_224,http://data.europa.eu/esco/skill/19a8293b-8e95-4de3-983f-77484079c389,Java (computer programming),Java,software and applications development and analysis,information and communication technologies (icts),information and communication technologies (icts),knowledge,False,True,False,False,4,95.0
esco_225,http://data.europa.eu/esco/skill/19ba11f3-9c99-41fd-a7c9-f77e6a026186,carry out calculations,,working with numbers and measures,core skills and competences,transversal skills and competences,,False,False,False,False,1,100.0
esco_226,http://data.europa.eu/esco/skill/19bf58ed-23b8-4763-b231-d4a1e98a225d,promote gender equality in business contexts,promoting gender equality in business contexts,promote the principles of democracy and rule of law,applying civic skills and competences,life skills and competences,transversal skills and competences,False,False,False,False,2,80.0
esco_227,http://data.europa.eu/esco/skill/19c0e68e-6e6c-4698-85dc-ef66a9de2c37,maintain information network hardware,,maintain computer hardware,"maintaining electrical, electronic and precision equipment","installing, maintaining and repairing electrical, electronic and precision equipment",working with machinery and specialised equipment,False,True,False,False,2,80.0
esco_228,http://data.europa.eu/esco/skill/1a63b1a7-2cac-4372-8760-7bb6afb36949,investigate security issues,examine security issues,carrying out forensic and police investigations,"conducting studies, investigations and examinations",information skills,skills,False,False,False,False,1,80.0
esco_229,http://data.europa.eu/esco/skill/1a9d7afe-9480-4ce7-b500-2c16d3984c15,carry out naming strategies,carrying out naming strategies,"developing financial, business or marketing plans",developing objectives and strategies,management skills,skills,False,False,False,False,1,80.0
esco_230,http://data.europa.eu/esco/skill/1ab1449d-5b65-458b-b115-f5283a52da8e,advise on utility consumption,,advising on environmental issues,advising and consulting,"communication, collaboration and creativity",skills,True,False,False,False,2,50.0
esco_231,http://data.europa.eu/esco/skill/1af2db15-2af9-44dd-9639-bf1fc69d4c34,manage relationships with stakeholders,maintain relationships with stakeholders,collaborating and liaising,liaising and networking,"communication, collaboration and creativity",skills,False,False,False,False,20,85.0
esco_232,http://data.europa.eu/esco/skill/1b3fc0e0-c6f9-45fc-9c6e-14bbba662979,develop information standards,set information standards,developing operational policies and procedures,developing objectives and strategies,management skills,skills,False,False,False,False,6,80.0
esco_233,http://data.europa.eu/esco/skill/1b70a55d-b8a4-49fc-96c6-15ab4cff2522,use data processing techniques,make use of data processing techniques,"managing, gathering and storing digital data",accessing and analysing digital data,working with computers,skills,False,True,False,False,8,80.0
esco_234,http://data.europa.eu/esco/skill/1b7d5366-516a-4e3a-8ff0-e3f7973c00a7,monitor regulations in social services,analyze regulations and policies in social services,monitoring developments in area of expertise,monitoring developments in area of expertise,information skills,skills,False,False,False,False,4,80.0
esco_235,http://data.europa.eu/esco/skill/1ba59ce0-7fec-434b-8d5c-9b275250a26c,prepare presentation material,prepare presentation materials,developing instructive or promotional materials,"creating artistic, visual or instructive materials","communication, collaboration and creativity",skills,False,False,False,False,21,93.80952380952381
esco_236,http://data.europa.eu/esco/skill/1bb3a4b7-c0e4-434a-850d-0d2874a9c251,exercise patience,exercising patience,manage frustration,maintaining a positive attitude,self-management skills and competences,transversal skills and competences,False,False,False,False,2,100.0
esco_237,http://data.europa.eu/esco/skill/1bba98a7-92b9-450b-9235-e0c905f8f3c4,information architecture,,database and network design and administration,information and communication technologies (icts),information and communication technologies (icts),knowledge,False,True,False,False,1,80.0
esco_238,http://data.europa.eu/esco/skill/1bc1cf2a-a7f6-4769-a13b-cc26a2214498,"preparing documentation for contracts, applications, or permits",,documenting and recording information,information skills,skills,,False,False,False,False,5,84.0
esco_239,http://data.europa.eu/esco/skill/1bc407da-f2cf-41d3-a567-a21930660199,preventative measures against pests,pest preventative measures,community sanitation,hygiene and occupational health services,services,knowledge,False,False,False,False,1,100.0
esco_240,http://data.europa.eu/esco/skill/1bc718b6-ed90-4a9d-9fa7-8cec928a4581,use creative suite software,,using digital tools for processing sound and images,"using digital tools for collaboration, content creation and problem solving",working with computers,skills,False,True,False,False,9,95.55555555555556
esco_241,http://data.europa.eu/esco/skill/1bc7c69b-4292-4592-b854-f48165a06082,repair engines,repair a engine,maintain electrical engines,follow safety precautions in work practices,complying with health and safety procedures,protecting and enforcing,False,False,False,False,3,93.33333333333333
esco_242,http://data.europa.eu/esco/skill/1be2bb07-dbb2-4a67-b133-30b4ff30b094,monitor billing procedures,control invoicing system,monitoring financial and economic resources and activity,"monitoring, inspecting and testing",information skills,skills,False,False,False,False,3,80.0
esco_243,http://data.europa.eu/esco/skill/1c08d63d-1c5e-4b9b-ad3e-f7ba7debb2d1,forecast organisational risks,,performing risk analysis and management,analysing and evaluating information and data,information skills,skills,False,False,False,False,1,80.0
esco_244,http://data.europa.eu/esco/skill/1c2978b8-bb0d-4249-9c23-877571a4dffa,cloud security and compliance,cloud security,cloud technologies,database and network design and administration,information and communication technologies (icts),information and communication technologies (icts),False,True,False,False,3,86.66666666666667
esco_245,http://data.europa.eu/esco/skill/1c7c161d-1c78-4098-b28d-147857d44699,ensure ongoing compliance with regulations,ensure ongoing compliance with regulations in aviation,complying with operational procedures,protecting and enforcing,assisting and caring,skills,False,False,False,False,12,71.66666666666667
esco_246,http://data.europa.eu/esco/skill/1c977f2b-7fca-4e4f-ae5f-f4d69b474a4f,manage a social work unit,guide a social work unit,lead others,leading others,social and communication skills and competences,transversal skills and competences,False,False,False,False,1,80.0
esco_247,http://data.europa.eu/esco/skill/1cc5ff0b-afaa-4993-9de7-ab0d77b6cca2,moving and lifting,,handling and moving,skills,,,False,False,False,False,2,100.0
esco_248,http://data.europa.eu/esco/skill/1cca610d-2afc-44a7-97fc-f2262fb5fc75,surveying,land surveying,architecture and town planning,architecture and construction,"engineering, manufacturing and construction",knowledge,False,False,False,False,9,93.33333333333333
esco_249,http://data.europa.eu/esco/skill/1ccf5bda-d904-4d00-9c71-9b8f0196e9f9,grant concessions,develop concessionary policies,"advising on legal, regulatory or procedural matters",advising and consulting,"communication, collaboration and creativity",skills,False,False,False,False,1,50.0
esco_250,http://data.europa.eu/esco/skill/1cebfd4f-2ab3-480a-a3c8-8065a303717d,address public health issues,,developing health programmes,developing objectives and strategies,management skills,skills,False,False,False,False,2,80.0
esco_251,http://data.europa.eu/esco/skill/1d21f6ad-340f-45da-a0a3-4e83867f47a6,provide first aid,perform first aid,"providing medical, dental and nursing care",providing health care or medical treatments,assisting and caring,skills,False,False,False,False,6,100.0
esco_252,http://data.europa.eu/esco/skill/1d4be2e3-ac64-426f-838d-1e7cb8600927,management skills,,management skills,management skills,skills,,False,False,False,False,5,82.0
esco_253,http://data.europa.eu/esco/skill/1d6c7de4-350e-4868-a47b-333b4b0d9650,"evaluate data, information and digital content",evaluate digital content,digital data processing,accessing and analysing digital data,accessing and analysing digital data,working with computers,False,True,False,False,1,90.0
esco_254,http://data.europa.eu/esco/skill/1d7234e4-1c76-4d67-9487-71d8c529cdc9,compile legal documents,produce legal documents,recording legal information,documenting and recording information,information skills,skills,False,False,False,False,7,75.71428571428571
esco_255,http://data.europa.eu/esco/skill/1d7fd6c8-10e3-43cc-b0af-6172eaedf087,make clinical decisions,,make decisions,taking a proactive approach,self-management skills and competences,transversal skills and competences,False,False,False,False,5,100.0
esco_256,http://data.europa.eu/esco/skill/1d86f05e-e9cc-40ce-99d8-2b21cc71b16b,solution deployment,,database and network design and administration,information and communication technologies (icts),information and communication technologies (icts),knowledge,False,True,False,False,8,80.0
esco_257,http://data.europa.eu/esco/skill/1d910f84-7952-4f41-8a14-823657c556e0,assess licence applications,check permit applications,verifying identities and documentation,protecting and enforcing,assisting and caring,skills,False,False,False,False,1,80.0
esco_258,http://data.europa.eu/esco/skill/1dae8445-12e5-423a-bb26-824010e299b9,ensure compliance with legal requirements,ensure compliance with legislative regulations,ensuring compliance with legislation,protecting and enforcing,assisting and caring,skills,False,False,False,False,26,86.15384615384616
esco_259,http://data.europa.eu/esco/skill/1dd23dba-dd00-45ab-abf4-642902538317,perform risk analysis,perform a risk analysis,identify problems,dealing with problems,thinking skills and competences,transversal skills and competences,False,False,False,False,1,100.0
esco_260,http://data.europa.eu/esco/skill/1de3942b-99d8-41e8-9ef0-fbc9e9f6307b,Drupal,,software and applications development and analysis,information and communication technologies (icts),information and communication technologies (icts),knowledge,False,True,False,False,1,100.0
esco_261,http://data.europa.eu/esco/skill/1de548e0-9535-4d2e-9d20-d4474c1ea813,oversee construction project,manage construction project,"directing, supervising and coordinating projects","organising, planning and scheduling work and activities",management skills,skills,False,False,False,False,19,83.6842105263158
esco_262,http://data.europa.eu/esco/skill/1de6b87b-2c7d-49aa-bcc0-3b2ef75f064f,resolve equipment malfunctions,dealing with equipment malfunctions,developing solutions,solving problems,"communication, collaboration and creativity",skills,False,False,False,False,6,83.33333333333333
esco_263,http://data.europa.eu/esco/skill/1e26cb93-6fec-473e-8153-ca06ad05ec57,condense information,condensing information,presenting information,presenting information,"communication, collaboration and creativity",skills,False,False,False,False,3,100.0
esco_264,http://data.europa.eu/esco/skill/1e3e0736-6d4a-4a65-8787-1fa16bff5660,explosives,pyrotechnics,mechanics and metal trades,engineering and engineering trades,"engineering, manufacturing and construction",knowledge,False,False,False,False,1,100.0
esco_265,http://data.europa.eu/esco/skill/1e6933f3-489e-4d82-97b4-1ffd62931e74,develop investigation strategy,commence investigation strategy,conducting academic or market research,"conducting studies, investigations and examinations",information skills,skills,False,False,False,False,1,80.0
esco_266,http://data.europa.eu/esco/skill/1e77e42a-181f-4b48-8e74-201ce50ffc29,interpret current data,,monitoring developments in area of expertise,monitoring developments in area of expertise,information skills,skills,False,False,False,False,2,100.0
esco_267,http://data.europa.eu/esco/skill/1e7ed56a-6d6b-422f-962e-38543d150755,manage changes in ICT system,ICT system upgrade,maintain ICT system,use ICT systems,accessing and analysing digital data,accessing and analysing digital data,False,True,False,False,3,80.0
esco_268,http://data.europa.eu/esco/skill/1e95cef2-9c35-4f9f-b6a9-cb458c3e5379,"monitoring, inspecting and testing",,information skills,skills,,,False,False,False,False,12,81.66666666666667
esco_269,http://data.europa.eu/esco/skill/1ebc1454-b6cb-4e45-a96a-17399961ad39,manage technical security systems,,oversee planning of security systems,manage time,working efficiently,self-management skills and competences,False,True,False,False,1,50.0
esco_270,http://data.europa.eu/esco/skill/1ef9cce1-bce6-4ec6-9071-41348f4c1acd,tell a story,telling a story,performing artistic or cultural activities,performing and entertaining,"communication, collaboration and creativity",skills,False,False,False,False,3,93.33333333333333
esco_271,http://data.europa.eu/esco/skill/1f1d2ff8-c4c1-45cc-9812-6a7ee84a73cb,lead a team,lead teams,lead others,leading others,social and communication skills and competences,transversal skills and competences,False,False,False,False,32,95.3125
esco_272,http://data.europa.eu/esco/skill/1f2950c0-ef1e-44b4-9a55-125ccd7b78af,analysing and evaluating information and data,,analysing and evaluating information and data,information skills,skills,,False,False,False,False,55,91.27272727272727
esco_273,http://data.europa.eu/esco/skill/1f51e46a-4588-4c1d-b507-3f9ea480dde2,design landscape schemes,,designing structures or facilities,designing systems and products,"communication, collaboration and creativity",skills,False,False,False,False,1,70.0
esco_274,http://data.europa.eu/esco/skill/1f632076-fd9b-4b18-a9a2-b59a59181d3e,urban planning law,urban planning regulation,law,law,"business, administration and law",knowledge,True,False,False,False,4,65.0
esco_275,http://data.europa.eu/esco/skill/1f6eac42-e5aa-4fa7-a75d-a4eea12c618e,disseminate internal communications,circulate internal communications,communicating with colleagues and clients,liaising and networking,"communication, collaboration and creativity",skills,False,False,False,False,1,80.0
esco_276,http://data.europa.eu/esco/skill/1f88f206-d3ad-419f-a1f9-1bcbdb73e740,sexology,knowledge of sexology,psychology,social and behavioural sciences,"social sciences, journalism and information",knowledge,False,False,False,False,1,80.0
esco_277,http://data.europa.eu/esco/skill/1faf62ee-28fd-432b-972b-fab2cbe81773,create original drawings,creating original drawings,developing instructive or promotional materials,"creating artistic, visual or instructive materials","communication, collaboration and creativity",skills,False,False,False,False,1,80.0
esco_278,http://data.europa.eu/esco/skill/1fcce318-3212-487a-ac07-4941bc85060d,carry out project activities,develop project activities,perform project management,keep records of work progress,report facts,communicating,False,False,False,False,5,76.0
esco_279,http://data.europa.eu/esco/skill/1fce1197-3a5b-45b7-8797-575cd3b57a01,show commitment,demonstrate motivation,taking a proactive approach,self-management skills and competences,transversal skills and competences,,False,False,False,False,11,82.72727272727273
esco_280,http://data.europa.eu/esco/skill/1fd57242-267e-46df-bd8c-849fdd593a50,administer prescribed medication,,"providing medical, dental and nursing care",providing health care or medical treatments,assisting and caring,skills,False,False,False,False,1,100.0
esco_281,http://data.europa.eu/esco/skill/1fe42b38-cd42-4fc7-ae77-14e4c9e96295,Chinese,competent in Chinese,languages,language skills and knowledge,,,False,False,True,False,1,100.0
esco_282,http://data.europa.eu/esco/skill/1ffac4ac-fda7-407d-8ed1-ca8f4a8dc146,Angular,Angular techniques and principles,software and applications development and analysis,information and communication technologies (icts),information and communication technologies (icts),knowledge,False,True,False,False,11,95.45454545454545
esco_283,http://data.europa.eu/esco/skill/20012caa-b63c-4cb9-b2b8-01a1cfdfc1d1,think quickly,understand quickly,"processing information, ideas and concepts",thinking skills and competences,transversal skills and competences,,False,False,False,False,4,77.5
esco_284,http://data.europa.eu/esco/skill/20136935-e6a1-417b-81df-9b94d4c2c371,reporting incidents and defects,,documenting and recording information,information skills,skills,,False,False,False,False,4,90.0
esco_285,http://data.europa.eu/esco/skill/2035c565-f0df-4efa-99fc-09a42f18c158,handle fuels,conduct fuel handling and storage activities,handling and disposing of hazardous materials,handling and disposing of waste and hazardous materials,handling and moving,skills,False,False,False,False,4,57.5
esco_286,http://data.europa.eu/esco/skill/204713d1-a658-435b-b495-765866715755,construction legal systems,,law,law,"business, administration and law",knowledge,False,False,False,False,3,50.0
esco_287,http://data.europa.eu/esco/skill/204cd81a-b1f0-467c-8c5c-17e723eb62fd,operation of different engines,,"motor vehicles, ships and aircraft",engineering and engineering trades,"engineering, manufacturing and construction",knowledge,False,False,False,False,2,80.0
esco_288,http://data.europa.eu/esco/skill/2058f70f-af29-460d-b319-9048c6db0d18,show impartiality,,mediating and resolving disputes,negotiating,"communication, collaboration and creativity",skills,False,False,False,False,2,100.0
esco_289,http://data.europa.eu/esco/skill/209a5498-3449-4689-8ed9-bd08cab4fd78,engineering principles,engineering studies principles,engineering and engineering trades not further defined,engineering and engineering trades,"engineering, manufacturing and construction",knowledge,False,False,False,False,19,81.05263157894737
esco_290,http://data.europa.eu/esco/skill/20b9852f-a445-4097-8273-4a18fa6bfff0,apply restoration techniques,apply restorative techniques,installing wooden and metal components,building and repairing structures,constructing,skills,False,False,False,False,2,65.0
esco_291,http://data.europa.eu/esco/skill/21056f6a-8a85-4eb0-b709-468578b809e0,assess the feasibility of implementing developments,determine the feasibility of implementing developments,analysing business operations,analysing and evaluating information and data,information skills,skills,False,False,False,False,4,85.0
esco_292,http://data.europa.eu/esco/skill/2111dff8-f830-46ad-80ce-7885893b3134,coordinate events,,planning events and programmes,"organising, planning and scheduling work and activities",management skills,skills,False,False,False,False,6,75.0
esco_293,http://data.europa.eu/esco/skill/2164e860-7f20-48bc-b98c-5d9f8a561550,design computer network,,designing ict systems or applications,designing systems and products,"communication, collaboration and creativity",skills,False,True,False,False,3,100.0
esco_294,http://data.europa.eu/esco/skill/21c5790c-0930-4d74-b3b0-84caf5af12ea,manage budgets,handle operational budgets,carry out calculations,working with numbers and measures,core skills and competences,transversal skills and competences,False,False,False,False,44,90.0
esco_295,http://data.europa.eu/esco/skill/21d2f96d-35f7-4e3f-9745-c533d2dd6e97,computer programming,PowerShell,software and applications development and analysis,information and communication technologies (icts),information and communication technologies (icts),knowledge,False,True,False,False,7,100.0
esco_296,http://data.europa.eu/esco/skill/21dfab2e-f954-49ab-8fb6-18cc98cf10bb,geometry,,interpret mathematical information,working with numbers and measures,core skills and competences,transversal skills and competences,False,False,False,False,1,100.0
esco_297,http://data.europa.eu/esco/skill/21fecc8a-392e-49ce-ac26-fb0696ccfead,create project specifications,,developing objectives and strategies,developing objectives and strategies,management skills,skills,False,False,False,False,13,74.61538461538461
esco_298,http://data.europa.eu/esco/skill/22225017-a02e-4171-8775-64c3adc87512,automatic meter reading,,database and network design and administration,information and communication technologies (icts),information and communication technologies (icts),knowledge,False,True,False,False,1,80.0
esco_299,http://data.europa.eu/esco/skill/2242a42b-f810-4007-bd9c-e761f863cfd9,handle case evidence,utilise evidence,presenting information,presenting information,"communication, collaboration and creativity",skills,False,False,False,False,3,86.66666666666667
esco_300,http://data.europa.eu/esco/skill/2267e532-303d-460c-9acf-56a70ea60c0a,city road network,city road transportation network,transport services,transport services,services,knowledge,False,False,False,False,8,71.25
esco_301,http://data.europa.eu/esco/skill/22902bf9-cc3f-495b-811a-c441e28e23f6,manage project information,,maintaining operational records,documenting and recording information,information skills,skills,False,False,False,False,3,80.0
esco_302,http://data.europa.eu/esco/skill/229b10cf-6f3a-490c-9706-01c107df0562,facilitate teamwork between students,,building and developing teams,building and developing teams,management skills,skills,False,False,False,False,2,80.0
esco_303,http://data.europa.eu/esco/skill/22c2af9e-ba0d-4cee-abb6-b6dbef006cd5,motivate employees,,leading and motivating,leading and motivating,management skills,skills,False,False,False,False,1,100.0
esco_304,http://data.europa.eu/esco/skill/233be639-bdb5-4099-ab40-96d537d6c1f3,ensure compliance with safety legislation,ensure compliance with safety regulations,complying with health and safety procedures,protecting and enforcing,assisting and caring,skills,False,False,False,False,2,80.0
esco_305,http://data.europa.eu/esco/skill/234aeb8d-56c3-4531-9193-1c5e6a8d16cb,use presentation software,using presentation software,"using word processing, publishing and presentation software","using digital tools for collaboration, content creation and problem solving",working with computers,skills,False,True,False,False,105,97.71428571428571
esco_306,http://data.europa.eu/esco/skill/234d1c8f-c921-483e-9a6e-4fbfc14946dc,manage government funding,,manage government-funded programmes,"directing, supervising and coordinating projects","organising, planning and scheduling work and activities",management skills,False,False,False,False,1,80.0
esco_307,http://data.europa.eu/esco/skill/237db40b-4600-47c0-837f-4a2c4f3014ab,project management principles,principles of project management,management and administration,business and administration,"business, administration and law",knowledge,False,False,False,False,48,97.91666666666667
esco_308,http://data.europa.eu/esco/skill/2399e65b-cf2b-4f5b-9002-607e790fcf2a,select hazard control,use appropriate hazard control measures,follow safety precautions in work practices,complying with health and safety procedures,protecting and enforcing,assisting and caring,False,False,False,False,2,85.0
esco_309,http://data.europa.eu/esco/skill/23b97a3e-dfde-4627-9d97-114a9f3e4cd0,negotiate in legal cases,,mediating and resolving disputes,negotiating,"communication, collaboration and creativity",skills,False,False,False,False,5,90.0
esco_310,http://data.europa.eu/esco/skill/2450c3b3-e78e-435b-b84d-e05d984e71dc,software architecture models,,computer use,information and communication technologies (icts),information and communication technologies (icts),knowledge,False,True,False,False,4,57.5
esco_311,http://data.europa.eu/esco/skill/2465763d-2bc8-4d76-8705-4755a2a120ce,foodborne diseases,foodborne poisoning,medicine,health,health and welfare,knowledge,False,False,False,False,1,100.0
esco_312,http://data.europa.eu/esco/skill/248894d1-42dc-474f-af6e-2da52ac0c679,define technology strategy,,"developing financial, business or marketing plans",developing objectives and strategies,management skills,skills,False,False,False,False,1,50.0
esco_313,http://data.europa.eu/esco/skill/24ad2ffb-dece-4704-8155-63ea9428d038,advising and consulting,,"communication, collaboration and creativity",skills,,,False,False,False,False,1,90.0
esco_314,http://data.europa.eu/esco/skill/24c200e5-be20-4370-a137-ab53797f3a17,software frameworks,,software and applications development and analysis,information and communication technologies (icts),information and communication technologies (icts),knowledge,False,True,False,False,9,76.66666666666667
esco_315,http://data.europa.eu/esco/skill/24e09e11-49f4-4e65-86a9-d8179eb6f4ee,transport blood samples,transport blood specimens,collecting and preparing specimens or materials for testing,transforming and blending materials,handling and moving,skills,False,False,False,False,1,100.0
esco_316,http://data.europa.eu/esco/skill/24f980ba-b44f-4739-b563-205104c3190d,provide basic support to patients,provide basic support for a patient,assisting with personal needs,providing general personal care,assisting and caring,skills,False,False,False,False,1,80.0
esco_317,http://data.europa.eu/esco/skill/2522a6ce-3202-4ac8-9f5b-b9cb5a3a83a1,debug software,,programming computer systems,programming computer systems,working with computers,skills,False,True,False,False,11,94.54545454545455
esco_318,http://data.europa.eu/esco/skill/254235cd-d928-49d1-ae51-b7c909404fe1,adapt communication style according to recipient,adapt communication style according to target audience,listening and asking questions,obtaining information verbally,"communication, collaboration and creativity",skills,False,False,False,False,6,91.66666666666667
esco_319,http://data.europa.eu/esco/skill/2562fa92-6ecf-4ba9-831e-0ce94acb8991,disassemble equipment,disassemble of equipment,repairing and installing mechanical equipment,"installing, maintaining and repairing mechanical equipment",working with machinery and specialised equipment,skills,False,False,False,False,2,100.0
esco_320,http://data.europa.eu/esco/skill/25df422a-bf0a-4f76-8631-d0be91cb8751,model based system engineering,,engineering and engineering trades not further defined,engineering and engineering trades,"engineering, manufacturing and construction",knowledge,False,True,False,False,3,70.0
esco_321,http://data.europa.eu/esco/skill/25e16679-a7d0-464d-916c-63210001bbab,act reliably,be reliable,demonstrate trustworthiness,following ethical code of conduct,social and communication skills and competences,transversal skills and competences,False,False,False,False,13,95.38461538461539
esco_322,http://data.europa.eu/esco/skill/25f0ea33-b4a2-4f31-b7b4-7d20e827b180,data mining,,database and network design and administration,information and communication technologies (icts),information and communication technologies (icts),knowledge,False,True,False,False,3,93.33333333333333
esco_323,http://data.europa.eu/esco/skill/26355e95-23d3-4038-be63-96f9a6d92577,evaluate benefit plans,assess benefit plans,analysing financial and economic data,analysing and evaluating information and data,information skills,skills,False,False,False,False,1,80.0
esco_324,http://data.europa.eu/esco/skill/2636b3d3-843e-46a9-8b4c-a9d6ca3f5a2d,provide technical documentation,prepare technical documentation,performing general clerical and administrative tasks,performing administrative activities,management skills,skills,False,False,False,False,9,93.33333333333333
esco_325,http://data.europa.eu/esco/skill/263a0c64-ca94-4639-8c0f-465e153cd4fd,nuclear medicine,application of radioactive substances in diagnosis and treatment,medical diagnostic and treatment technology,health,health and welfare,knowledge,False,False,False,False,1,80.0
esco_326,http://data.europa.eu/esco/skill/26532713-d18f-4e5c-8365-1f57e00f8422,manage storage operations,,allocating and controlling physical resources,allocating and controlling resources,management skills,skills,False,False,False,False,1,50.0
esco_327,http://data.europa.eu/esco/skill/267b9417-9d05-4731-a877-bfb978fb50eb,plan engineering activities,planning engineering activities,planning production processes,"organising, planning and scheduling work and activities",management skills,skills,False,False,False,False,10,80.0
esco_328,http://data.europa.eu/esco/skill/2687dc6e-b245-477a-a115-7abeb7134b78,performance diagnosis,improvement of performance levels,psychology,social and behavioural sciences,"social sciences, journalism and information",knowledge,False,False,False,False,2,80.0
esco_329,http://data.europa.eu/esco/skill/269b8734-fa1d-4c6f-a843-523fa3bbae6e,behavioural science,behavioral research,psychology,social and behavioural sciences,"social sciences, journalism and information",knowledge,False,False,False,False,2,65.0
esco_330,http://data.europa.eu/esco/skill/26baf34d-6721-4bac-b7eb-add0bc566a82,attend to detail in preparation for audits,,attend to detail,working efficiently,self-management skills and competences,transversal skills and competences,False,False,False,False,1,80.0
esco_331,http://data.europa.eu/esco/skill/272fddbb-917a-4720-8903-85ce51e1cbe5,imprint visionary aspirations into the business management,imprint visionary goals into the business management,developing objectives and strategies,developing objectives and strategies,management skills,skills,False,False,False,False,4,80.0
esco_332,http://data.europa.eu/esco/skill/27b913f0-3c52-448b-ad27-fc6ef08fb326,Adobe Illustrator,,computer use,information and communication technologies (icts),information and communication technologies (icts),knowledge,False,True,False,False,5,100.0
esco_333,http://data.europa.eu/esco/skill/27c7910a-c3b5-4d8d-a713-a6c334929a42,spatial planning,spatial planning principles,building and civil engineering,architecture and construction,"engineering, manufacturing and construction",knowledge,False,False,False,False,2,65.0
esco_334,http://data.europa.eu/esco/skill/27d54d7c-68cd-4c04-9e05-538b01c6a80b,restorative justice,restorative practices in justice,law,law,"business, administration and law",knowledge,False,False,False,False,1,100.0
esco_335,http://data.europa.eu/esco/skill/2806260f-6399-4add-8f11-070141423f9d,medical terminology,,medicine,health,health and welfare,knowledge,False,False,False,False,2,100.0
esco_336,http://data.europa.eu/esco/skill/2815f65d-6adb-46a6-8041-5768febf5580,drive in urban areas,drive in metropolitan areas,driving vehicles,driving vehicles,working with machinery and specialised equipment,skills,False,False,False,False,8,98.75
esco_337,http://data.europa.eu/esco/skill/2839f191-cd94-49a9-ac16-46018066b8b2,liaise with local authorities,work with  local authorities,collaborating and liaising,liaising and networking,"communication, collaboration and creativity",skills,False,False,False,False,3,80.0
esco_338,http://data.europa.eu/esco/skill/286e486c-a094-4715-8e5b-a2370b09a408,manage corrective actions,regulate corrective actions,collaborating and liaising,liaising and networking,"communication, collaboration and creativity",skills,False,False,False,False,8,82.5
esco_339,http://data.europa.eu/esco/skill/28722c99-68b7-4b7b-808f-53f343299935,provide mentorship,,lead others,leading others,social and communication skills and competences,transversal skills and competences,False,False,False,False,2,80.0
esco_340,http://data.europa.eu/esco/skill/28b33505-e3db-4f10-9f3e-4eaa6743cb5a,operate diesel propulsion plants,manage diesel propulsion plants,operating energy production or distribution equipment,operating machinery for the extraction and processing of raw materials,working with machinery and specialised equipment,skills,False,False,False,False,1,50.0
esco_341,http://data.europa.eu/esco/skill/28ca2f0b-9fb2-487a-9f10-9688e5191ec4,work within communities,work with local communities,management skills,management skills,management skills,skills,False,False,False,False,8,80.0
esco_342,http://data.europa.eu/esco/skill/28cb374e-6261-4133-8371-f9a5470145da,operate forklift,operate a forklift,operating lifting or moving equipment,operating mobile plant,working with machinery and specialised equipment,skills,False,False,False,False,3,100.0
esco_343,http://data.europa.eu/esco/skill/28f98c7e-b89c-4b4d-ae0a-0c5a6328992e,build community relations,building community relations,advocating for individual or community needs,liaising and networking,"communication, collaboration and creativity",skills,False,False,False,False,8,85.0
esco_344,http://data.europa.eu/esco/skill/294cf13e-4fdf-4cb8-bb6b-31b9da7f4819,logic,logic studies,philosophy and ethics,humanities (except languages),arts and humanities,knowledge,False,False,False,False,1,80.0
esco_345,http://data.europa.eu/esco/skill/297acfd7-3efd-4d35-8204-bb3f217fc4ca,lactation,breast-feeding,nursing and midwifery,health,health and welfare,knowledge,False,False,False,False,2,100.0
esco_346,http://data.europa.eu/esco/skill/29bfe2cd-f011-4f94-a3aa-f77768e60460,analyse energy consumption,,analysing business operations,analysing and evaluating information and data,information skills,skills,True,False,False,False,2,80.0
esco_347,http://data.europa.eu/esco/skill/29c60c96-d71c-4a6e-ad81-fca0a4e48925,habitat restoration,ecological restoration,natural environments and wildlife,environment,"natural sciences, mathematics and statistics",knowledge,True,False,False,False,1,100.0
esco_348,http://data.europa.eu/esco/skill/29cd7e7b-215c-483a-b67a-6bdad0647de9,develop procurement strategy,,developing operational policies and procedures,developing objectives and strategies,management skills,skills,False,False,False,False,1,80.0
esco_349,http://data.europa.eu/esco/skill/29d3663f-348a-4b67-a8db-b94fd3912385,teach business principles,explain business principles,teaching academic or vocational subjects,teaching and training,"communication, collaboration and creativity",skills,False,False,False,False,1,80.0
esco_350,http://data.europa.eu/esco/skill/29d762da-1711-4a3c-b424-f0a404f4bf2d,join metals,welding,"joining parts using soldering, welding or brazing techniques",building and repairing structures,constructing,skills,False,False,False,False,7,85.71428571428571
esco_351,http://data.europa.eu/esco/skill/29fb0fb5-dfc4-4098-ac9b-3a712000f48f,manage database,,managing information,managing information,information skills,skills,False,True,False,False,17,80.0
esco_352,http://data.europa.eu/esco/skill/2a3a96a3-709e-4d60-81f6-d247d6933f13,manage system security,,protecting ict devices,setting up and protecting computer systems,working with computers,skills,False,True,False,False,5,62.0
esco_353,http://data.europa.eu/esco/skill/2a422611-4172-421b-a5f1-6ec9eb8f9f28,operate marine machinery systems,,operating watercraft,operating watercraft,working with machinery and specialised equipment,skills,False,False,False,False,1,50.0
esco_354,http://data.europa.eu/esco/skill/2a45f2d1-8f1a-4c62-9332-cfd3535d9d35,maintain water treatment equipment,water treatment equipment repairing,perform water treatment procedures,"operating petroleum, chemical or water processing systems or equipment",operating machinery for the extraction and processing of raw materials,working with machinery and specialised equipment,True,False,False,False,2,90.0
esco_355,http://data.europa.eu/esco/skill/2a69d6a0-b90f-4d50-bef8-a05d6704575d,use media software,,using digital tools for processing sound and images,"using digital tools for collaboration, content creation and problem solving",working with computers,skills,False,True,False,False,1,50.0
esco_356,http://data.europa.eu/esco/skill/2a82241a-216e-44d8-bb50-6b9a0ef82084,drive vehicles,driving a vehicle,driving vehicles,driving vehicles,working with machinery and specialised equipment,skills,False,False,False,False,15,98.66666666666667
esco_357,http://data.europa.eu/esco/skill/2ada2f9d-77f7-4ba0-9096-89ae285a65c5,monitor financial accounts,analyse financial accounts,monitoring financial and economic resources and activity,"monitoring, inspecting and testing",information skills,skills,False,False,False,False,1,50.0
esco_358,http://data.europa.eu/esco/skill/2aff3316-15b8-4ca1-8ae2-270bd5fd22e1,electrical equipment regulations,national electrical equipment regulations,electricity and energy,engineering and engineering trades,"engineering, manufacturing and construction",knowledge,False,False,False,False,1,80.0
esco_359,http://data.europa.eu/esco/skill/2b14e630-8940-44f2-b52e-824520c2d596,handle external financing,handling external financing,managing budgets or finances,allocating and controlling resources,management skills,skills,False,False,False,False,2,80.0
esco_360,http://data.europa.eu/esco/skill/2b22f3b1-5de4-43f9-b6d1-b20f65871268,history,the study of history,history and archaeology,humanities (except languages),arts and humanities,knowledge,False,False,False,False,1,50.0
esco_361,http://data.europa.eu/esco/skill/2b2c3254-7f6c-47e2-84f1-aece946fbfae,maintaining a positive attitude,,self-management skills and competences,transversal skills and competences,,,False,False,False,False,10,84.0
esco_362,http://data.europa.eu/esco/skill/2b34764d-637c-48f5-aa70-31e15c965db6,operate open source software,,programming computer systems,programming computer systems,working with computers,skills,False,True,False,True,2,80.0
esco_363,http://data.europa.eu/esco/skill/2b3ac8b9-a5bd-4ec1-bb9a-f499fb3aa8d3,social mediation,,social work and counselling,welfare,health and welfare,knowledge,False,False,False,False,1,50.0
esco_364,http://data.europa.eu/esco/skill/2b7a79e5-84d8-4880-be66-3d9bb05bea17,use software design patterns,,designing ict systems or applications,designing systems and products,"communication, collaboration and creativity",skills,False,True,False,False,1,90.0
esco_365,http://data.europa.eu/esco/skill/2b834a98-14ff-47e1-8aef-cf8ffae912fa,collect mapping data,collecting mapping data,gathering information from physical or electronic sources,processing information,information skills,skills,False,True,False,False,2,80.0
esco_366,http://data.europa.eu/esco/skill/2b92a5b2-6758-4ee3-9fb4-b6387a55cc8f,perform data analysis,performing data analysis,"managing, gathering and storing digital data",accessing and analysing digital data,working with computers,skills,False,True,False,False,51,95.29411764705883
esco_367,http://data.europa.eu/esco/skill/2bbdea06-a265-42b5-bb4f-7241b661f069,electromechanics,,electronics and automation,engineering and engineering trades,"engineering, manufacturing and construction",knowledge,False,False,False,False,2,80.0
esco_368,http://data.europa.eu/esco/skill/2be699a7-416a-4f32-967c-4edc65027b71,government policy implementation,state policy direction,political sciences and civics,social and behavioural sciences,"social sciences, journalism and information",knowledge,False,False,False,False,3,80.0
esco_369,http://data.europa.eu/esco/skill/2bf28253-cf4a-4654-903f-170f3a350e03,execute safety assurance exercises,,follow safety precautions in work practices,complying with health and safety procedures,protecting and enforcing,assisting and caring,False,False,False,False,1,50.0
esco_370,http://data.europa.eu/esco/skill/2c02fb07-de47-46d3-8a99-b916137951ef,visit suppliers,visiting suppliers,analysing business operations,analysing and evaluating information and data,information skills,skills,False,False,False,False,1,50.0
esco_371,http://data.europa.eu/esco/skill/2c28fc20-8a60-4311-8899-5ef8729c05b3,design process,process design,designing systems and products,designing systems and products,"communication, collaboration and creativity",skills,False,True,False,False,8,61.25
esco_372,http://data.europa.eu/esco/skill/2c474763-2cdd-48d6-8e65-c0a60ad5cf9f,summarise stories,summarising stories,artistic and creative writing,writing and composing,"communication, collaboration and creativity",skills,False,False,False,False,1,50.0
esco_373,http://data.europa.eu/esco/skill/2c5cbddf-3393-452f-abb0-8e734d1b61be,plan future capacity requirements,determine future capacity requirements,"developing financial, business or marketing plans",developing objectives and strategies,management skills,skills,False,False,False,False,5,56.0
esco_374,http://data.europa.eu/esco/skill/2cb27e30-2be7-4a09-9502-fdd2102c046b,carry out training in environmental matters,oversee training in environmental matters,engage others in environment friendly behaviours,applying environmental skills and competences,life skills and competences,transversal skills and competences,True,False,False,False,1,90.0
esco_375,http://data.europa.eu/esco/skill/2cb9cefd-5333-4893-ba47-9b38d13f7ec6,provide test results to medical staff,provide test outcomes to medical staff,presenting research or technical information,presenting information,"communication, collaboration and creativity",skills,False,False,False,False,1,80.0
esco_376,http://data.europa.eu/esco/skill/2cbb31ac-2403-4c31-90f3-7473623a56fc,investigate occupational injuries,investigate an occupational injury,carrying out forensic and police investigations,"conducting studies, investigations and examinations",information skills,skills,False,False,False,False,2,90.0
esco_377,http://data.europa.eu/esco/skill/2cc30e4e-2139-411a-9fa9-f0d616b64c57,monitor sociological trends,,apply knowledge of social sciences and humanities,applying general knowledge,life skills and competences,transversal skills and competences,False,False,False,False,2,80.0
esco_378,http://data.europa.eu/esco/skill/2d02d98c-20c4-4b46-bf44-e5f85a3f03ed,building and developing teams,,management skills,skills,,,False,False,False,False,1,80.0
esco_379,http://data.europa.eu/esco/skill/2d140a3a-45a6-4248-80dd-b3760ebc9cc6,operations management,,management and administration,business and administration,"business, administration and law",knowledge,False,False,False,False,18,70.0
esco_380,http://data.europa.eu/esco/skill/2d154e1c-3860-4cce-8967-b354f030a8f8,take blood samples,collect blood samples,collecting and preparing specimens or materials for testing,transforming and blending materials,handling and moving,skills,False,False,False,False,2,100.0
esco_381,http://data.europa.eu/esco/skill/2d6d4784-0992-48e7-b100-22d7229b3f0a,translate requirements into visual design,,creating artistic designs or performances,"creating artistic, visual or instructive materials","communication, collaboration and creativity",skills,False,True,False,False,1,80.0
esco_382,http://data.europa.eu/esco/skill/2d9aaad3-a3c8-4c5b-bf67-46984d860873,adhere to OHSAS 18001,,complying with health and safety procedures,protecting and enforcing,assisting and caring,skills,False,False,False,False,1,50.0
esco_383,http://data.europa.eu/esco/skill/2da73273-67ce-4a5d-b890-491491bac073,implement short term objectives,utilise short term objectives,develop strategy to solve problems,developing objectives and strategies,developing objectives and strategies,management skills,False,False,False,False,2,90.0
esco_384,http://data.europa.eu/esco/skill/2daec0e6-f0c1-43e8-8178-aedba99130ec,establish data processes,,"managing, gathering and storing digital data",accessing and analysing digital data,working with computers,skills,False,True,False,False,3,70.0
esco_385,http://data.europa.eu/esco/skill/2db2667c-bbaf-4e30-8640-c9a647bd2512,perform water analysis,,testing and analysing substances,"monitoring, inspecting and testing",information skills,skills,False,False,False,False,1,50.0
esco_386,http://data.europa.eu/esco/skill/2db2d9a8-298d-4d1a-a194-d3282e70d6cb,evaluate project plans,evaluate proposal plans,analysing business operations,analysing and evaluating information and data,information skills,skills,False,False,False,False,11,71.81818181818181
esco_387,http://data.europa.eu/esco/skill/2ddb1226-1117-4eb4-ae65-3a2f5a5a3c80,ICT network security risks,,database and network design and administration,information and communication technologies (icts),information and communication technologies (icts),knowledge,False,True,False,False,1,80.0
esco_388,http://data.europa.eu/esco/skill/2de4572a-4724-4f76-afc2-72a568a264ac,speak different languages,communicate in multiple languages,using foreign languages,using more than one language,"communication, collaboration and creativity",skills,False,False,False,True,17,100.0
esco_389,http://data.europa.eu/esco/skill/2dfa5bd5-c87c-461c-bce9-69b2c58732bd,cartography,the study of maps,architecture and town planning,architecture and construction,"engineering, manufacturing and construction",knowledge,False,False,False,False,8,82.5
esco_390,http://data.europa.eu/esco/skill/2e046d83-a38a-453c-a26d-64114ed2e036,organise press conferences,organize press conferences,planning events and programmes,"organising, planning and scheduling work and activities",management skills,skills,False,False,False,False,1,100.0
esco_391,http://data.europa.eu/esco/skill/2e2e0231-b8d7-4819-be7b-8e453bf5f0f7,obstetric ultrasonography,diagnostic application of ultrasound,medical diagnostic and treatment technology,health,health and welfare,knowledge,False,False,False,False,1,100.0
esco_392,http://data.europa.eu/esco/skill/2e55bf22-45f2-43f6-8aa0-28894263313d,electric motors,kinds of electric motor,"motor vehicles, ships and aircraft",engineering and engineering trades,"engineering, manufacturing and construction",knowledge,True,False,False,False,1,80.0
esco_393,http://data.europa.eu/esco/skill/2ea702ba-2f9c-4ab9-a1ef-65bb6b7c4c14,work in crises areas,,mediating and resolving disputes,negotiating,"communication, collaboration and creativity",skills,False,False,False,False,1,80.0
esco_394,http://data.europa.eu/esco/skill/2eb30deb-18d0-4e9d-9c53-30069ac9a108,youth work principles,,"inter-disciplinary programmes and qualifications involving social sciences, journalism and information","inter-disciplinary programmes and qualifications involving social sciences, journalism and information","social sciences, journalism and information",knowledge,False,False,False,False,1,80.0
esco_395,http://data.europa.eu/esco/skill/2ed78f04-8282-40ab-89a6-9392fde00826,orthopaedics,,medicine,health,health and welfare,knowledge,False,False,False,False,1,100.0
esco_396,http://data.europa.eu/esco/skill/2f04bb71-d476-43b3-a60b-5df1d05f5681,Octopus Deploy,,software and applications development and analysis,information and communication technologies (icts),information and communication technologies (icts),knowledge,False,True,False,False,2,100.0
esco_397,http://data.europa.eu/esco/skill/2f1a7c08-e148-45e8-a258-44174a7becc5,hear legal arguments,,"advising on legal, regulatory or procedural matters",advising and consulting,"communication, collaboration and creativity",skills,False,False,False,False,1,80.0
esco_398,http://data.europa.eu/esco/skill/2f31126e-b6c9-4a20-8747-3b1eeb0ba426,advise on family planning,,providing medical advice,advising and consulting,"communication, collaboration and creativity",skills,False,False,False,False,1,80.0
esco_399,http://data.europa.eu/esco/skill/2f55c7ff-7f64-4f67-ae49-8ab7c75c3864,brief court officials,advise court officials,report facts,communicating,social and communication skills and competences,transversal skills and competences,False,False,False,False,1,50.0
esco_400,http://data.europa.eu/esco/skill/2f573172-298a-4345-bddb-a619df747709,transportation sector policies,transportation sector guidelines,transport services,transport services,services,knowledge,False,False,False,False,15,80.0
esco_401,http://data.europa.eu/esco/skill/2f661409-3e56-46ab-95d7-6ec7786fc1c0,writing and composing,,"communication, collaboration and creativity",skills,,,False,False,False,False,116,85.43103448275862
esco_402,http://data.europa.eu/esco/skill/2fb8480e-de3c-462b-b169-e8bbb344da68,innovation processes,,think innovatively,thinking creatively and innovatively,thinking skills and competences,transversal skills and competences,False,False,False,False,5,80.0
esco_403,http://data.europa.eu/esco/skill/2fdc822a-5809-4eec-a9b1-7bd203a1f721,maintain records related to vehicle operation,write down about vehicle operation,maintaining operational records,documenting and recording information,information skills,skills,False,False,False,False,2,80.0
esco_404,http://data.europa.eu/esco/skill/2ffc7a73-7e1d-434a-b498-2b0c056ced1d,apply case management,use medical case management,advocating for individual or community needs,liaising and networking,"communication, collaboration and creativity",skills,False,False,False,False,19,78.94736842105263
esco_405,http://data.europa.eu/esco/skill/3035be48-c249-453f-bf11-cb27219448b8,deal with challenging work conditions,work under difficult circumstances,adapt to change,demonstrating willingness to learn,self-management skills and competences,transversal skills and competences,False,False,False,False,3,80.0
esco_406,http://data.europa.eu/esco/skill/303a54a3-ff8a-4f29-b598-e54ce54c2b48,analyse legal evidence,analyze  legal evidence,analysing and evaluating information and data,analysing and evaluating information and data,information skills,skills,False,False,False,False,4,90.0
esco_407,http://data.europa.eu/esco/skill/30b1f3e1-1586-4d41-aa02-e2ab021b5164,handle paperwork,,performing general clerical and administrative tasks,performing administrative activities,management skills,skills,False,False,False,False,1,80.0
esco_408,http://data.europa.eu/esco/skill/31599ac3-e03c-42f8-8f08-b549af8234f2,draft procurement technical specifications,draft bid requirements,technical or academic writing,writing and composing,"communication, collaboration and creativity",skills,False,False,False,False,1,100.0
esco_409,http://data.europa.eu/esco/skill/316df5b7-31c4-4f4e-ae69-aad1b873b995,interpreting technical documentation and diagrams,,"conducting studies, investigations and examinations",information skills,skills,,False,False,False,False,4,82.5
esco_410,http://data.europa.eu/esco/skill/3172f001-a4dd-4e7e-9f74-9707b2e7c6e1,read maps,interpreting maps,interpreting technical documentation and diagrams,"conducting studies, investigations and examinations",information skills,skills,False,False,False,False,7,91.42857142857143
esco_411,http://data.europa.eu/esco/skill/3181325d-0590-4c6e-8db1-8278427c18ff,analyse information processes,evaluate information processes,analysing business operations,analysing and evaluating information and data,information skills,skills,False,False,False,False,6,75.0
esco_412,http://data.europa.eu/esco/skill/31b67516-af16-4b97-8430-a8a8e0f84190,assessment processes,assessment methods,education science,education,education,knowledge,False,False,False,False,7,75.71428571428571
esco_413,http://data.europa.eu/esco/skill/31c69100-b612-4a61-8db5-fd314318854c,execute analytical mathematical calculations,,carry out calculations,working with numbers and measures,core skills and competences,transversal skills and competences,False,False,False,False,1,80.0
esco_414,http://data.europa.eu/esco/skill/31d35d3d-2bf2-49aa-9c20-92566ef80277,use ICT systems,use computer systems,accessing and analysing digital data,accessing and analysing digital data,working with computers,skills,False,True,False,False,14,90.0
esco_415,http://data.europa.eu/esco/skill/31f53419-4bce-4b10-986a-70a9c7ac41a3,micro mobility devices,micro mobility vehicles,transport services,transport services,services,knowledge,False,True,False,False,1,80.0
esco_416,http://data.europa.eu/esco/skill/3220a66f-d129-463b-848e-891b4f1c79e3,develop hazardous waste management strategies,hazardous waste management strategy developing,developing objectives and strategies,developing objectives and strategies,management skills,skills,False,False,False,False,1,80.0
esco_417,http://data.europa.eu/esco/skill/323b3684-86ec-40fa-81b4-bc52694ef168,negotiating,,"communication, collaboration and creativity",skills,,,False,False,False,False,5,100.0
esco_418,http://data.europa.eu/esco/skill/324f0243-1a21-4f5c-9f71-52eebc2596ed,interview techniques,interview methods,journalism and reporting,journalism and information,"social sciences, journalism and information",knowledge,False,False,False,False,4,97.5
esco_419,http://data.europa.eu/esco/skill/325a3d29-a235-4182-9128-782c0f4b2dcc,documenting and recording information,,information skills,skills,,,False,False,False,False,6,83.33333333333333
esco_420,http://data.europa.eu/esco/skill/326686e4-a55f-4eba-9d07-1c86408d5c5e,present evidence,,presenting information in legal proceedings,presenting information,"communication, collaboration and creativity",skills,False,False,False,False,1,100.0
esco_421,http://data.europa.eu/esco/skill/326809fc-238d-40c2-881e-40042f7f2f0d,establish collaborative relations,build collaborative relations,developing professional relationships or networks,liaising and networking,"communication, collaboration and creativity",skills,False,False,False,False,11,82.72727272727273
esco_422,http://data.europa.eu/esco/skill/328733a7-6d84-420d-a65c-2a8014fadc60,record test data,document test data,"evaluate data, information and digital content",digital data processing,accessing and analysing digital data,accessing and analysing digital data,False,False,False,False,1,80.0
esco_423,http://data.europa.eu/esco/skill/32a9f2e2-929c-4e1a-afbd-185452ab279c,conduct continuing professional development workshops,organise continuing professional development workshops,training on health or medical topics,teaching and training,"communication, collaboration and creativity",skills,False,False,False,False,2,85.0
esco_424,http://data.europa.eu/esco/skill/32ac6bfb-8b86-4312-9421-dcb8e0203ab5,process incident reports for prevention,preparation of incident reports,reporting incidents and defects,documenting and recording information,information skills,skills,False,False,False,False,2,80.0
esco_425,http://data.europa.eu/esco/skill/33406020-ae9d-495f-a635-0b97e5346d8c,legislation procedure,,law,law,"business, administration and law",knowledge,False,False,False,False,1,80.0
esco_426,http://data.europa.eu/esco/skill/334e3e49-fb02-4051-809a-f06adfdc1c40,troubleshoot,troubleshoot problems,developing solutions,solving problems,"communication, collaboration and creativity",skills,False,False,False,False,27,95.92592592592592
esco_427,http://data.europa.eu/esco/skill/3391d6dd-d584-4c8c-9af9-d2f0c45e2b4b,journalism,,journalism and reporting,journalism and information,"social sciences, journalism and information",knowledge,False,False,False,False,1,100.0
esco_428,http://data.europa.eu/esco/skill/3399045f-8078-4066-8b46-475b49b260ab,working with digital devices and applications,,core skills and competences,transversal skills and competences,,,False,False,False,False,9,86.66666666666667
esco_429,http://data.europa.eu/esco/skill/339ac029-066a-4985-9f9d-b3d7c8fea0bb,manage staff,manage employees,lead others,leading others,social and communication skills and competences,transversal skills and competences,False,False,False,False,13,90.76923076923077
esco_430,http://data.europa.eu/esco/skill/33a0a2ea-025e-4107-8717-39ac45b3b78c,design management,design management process,management and administration,business and administration,"business, administration and law",knowledge,False,False,False,False,12,72.5
esco_431,http://data.europa.eu/esco/skill/33efa504-2f26-424d-b662-cee77e6e9c93,digital identity management,,database and network design and administration,information and communication technologies (icts),information and communication technologies (icts),knowledge,False,True,False,False,4,75.0
esco_432,http://data.europa.eu/esco/skill/340a75f4-76e1-4ef0-8f1e-1bb78ba561ef,inspect compliance with hazardous waste regulations,check compliance with hazardous waste regulations,monitoring safety or security,"monitoring, inspecting and testing",information skills,skills,False,False,False,False,11,80.0
esco_433,http://data.europa.eu/esco/skill/348b74cd-49ce-4844-8bdf-ec188b497213,visual presentation techniques,information visualization,audio-visual techniques and media production,arts,arts and humanities,knowledge,False,True,False,False,3,60.0
esco_434,http://data.europa.eu/esco/skill/34921476-4b44-4912-bc6b-bc7c47cf69d9,refurbish facilities,recondition buildings and equipment,creating visual displays and decorations,"creating artistic, visual or instructive materials","communication, collaboration and creativity",skills,False,False,False,False,1,80.0
esco_435,http://data.europa.eu/esco/skill/3497ebe1-d417-4105-a68f-f7bbcac7ee5f,ICT hardware specifications,,computer use,information and communication technologies (icts),information and communication technologies (icts),knowledge,False,True,False,False,1,80.0
esco_436,http://data.europa.eu/esco/skill/351cd749-498c-4ed3-9e38-58fc9bbf8f0e,ensure compliance with noise standards,check compliance with noise standards,complying with health and safety procedures,protecting and enforcing,assisting and caring,skills,True,False,False,False,4,80.0
esco_437,http://data.europa.eu/esco/skill/3563cd80-cea7-4410-b049-7dd6ad7b7074,operate manual planer,,cutting materials and drilling holes,using hand tools,handling and moving,skills,False,False,False,False,1,100.0
esco_438,http://data.europa.eu/esco/skill/3579208e-49b3-4ce4-98e7-20e41b1ce8d4,develop information security strategy,,implement ICT risk management,performing risk analysis and management,analysing and evaluating information and data,information skills,False,False,False,False,1,100.0
esco_439,http://data.europa.eu/esco/skill/3597b613-de06-45d8-89a4-6b01ceb1c3a8,deliver group sessions on nutrition,educate groups of people in nutrition,training on health or medical topics,teaching and training,"communication, collaboration and creativity",skills,False,False,False,False,1,80.0
esco_440,http://data.europa.eu/esco/skill/35dc2a23-cdc3-4291-930f-927ba2911949,ensuring compliance with legislation,,protecting and enforcing,assisting and caring,skills,,False,False,False,False,6,83.33333333333333
esco_441,http://data.europa.eu/esco/skill/35ebe444-9ece-4fbc-a55d-e99ea37267ae,manage quality,managing quality,working efficiently,self-management skills and competences,transversal skills and competences,,False,False,False,False,2,80.0
esco_442,http://data.europa.eu/esco/skill/367c240d-5f34-423a-86b1-866ad27206ea,digitise documents,scan documents,"managing, gathering and storing digital data",accessing and analysing digital data,working with computers,skills,False,True,False,False,4,85.0
esco_443,http://data.europa.eu/esco/skill/36ca973f-7997-46f6-82f2-75277a003f45,make set construction drawings,plan set construction drawings,creating visual displays and decorations,"creating artistic, visual or instructive materials","communication, collaboration and creativity",skills,False,False,False,False,4,80.0
esco_444,http://data.europa.eu/esco/skill/36e9c099-614e-44f1-ab0a-5e6fda4a0763,undertake inspections,perform inspections,monitoring safety or security,"monitoring, inspecting and testing",information skills,skills,False,False,False,False,17,86.47058823529412
esco_445,http://data.europa.eu/esco/skill/36ff57b0-637d-4a83-a0e8-d14f86f9f078,analyse scientific data,study scientific data,inspect data,analysing and evaluating information and data,analysing and evaluating information and data,information skills,False,False,False,False,5,90.0
esco_446,http://data.europa.eu/esco/skill/371d57e6-cc5f-4fc0-9c0c-58feb595cc5b,perform product testing,implement product testing,manage quality,working efficiently,self-management skills and competences,transversal skills and competences,False,False,False,False,3,80.0
esco_447,http://data.europa.eu/esco/skill/373be061-01a2-421b-abf0-269ac36e847d,perceive context when interpreting,,listening and asking questions,obtaining information verbally,"communication, collaboration and creativity",skills,False,False,False,False,4,80.0
esco_448,http://data.europa.eu/esco/skill/3753e796-121e-46a3-9c27-dee31ce92c80,analysing and evaluating information and data,,information skills,skills,,,False,False,False,False,27,92.96296296296296
esco_449,http://data.europa.eu/esco/skill/377861af-f966-4c87-a2db-7e99904312b9,geographic information systems,GIS,earth sciences,physical sciences,"natural sciences, mathematics and statistics",knowledge,False,True,False,False,39,98.46153846153847
esco_450,http://data.europa.eu/esco/skill/3786b61f-f22e-48d1-af8d-ad4c354534db,manufacturing processes,process of manufacturing,"materials (glass, paper, plastic and wood)",manufacturing and processing,"engineering, manufacturing and construction",knowledge,False,False,False,False,2,75.0
esco_451,http://data.europa.eu/esco/skill/378b4cd5-ced1-4133-82e6-6d12bee2553b,design customised maps,prepare customised maps,produce customised products,assembling and fabricating products,assembling and fabricating products,handling and moving,False,False,False,False,6,80.0
esco_452,http://data.europa.eu/esco/skill/37bc4dc0-1233-4008-98db-1116d0c1cfcc,define security policies,,developing operational policies and procedures,developing objectives and strategies,management skills,skills,False,False,False,False,1,100.0
esco_453,http://data.europa.eu/esco/skill/382c11ed-20d5-4ae7-b60e-15fec527fa6c,apply statistical analysis techniques,,analysing and evaluating information and data,analysing and evaluating information and data,information skills,skills,False,True,False,False,20,89.5
esco_454,http://data.europa.eu/esco/skill/38509fa4-7c06-4a4b-9622-f521f03c37b8,photography,,audio-visual techniques and media production,arts,arts and humanities,knowledge,False,False,False,False,5,96.0
esco_455,http://data.europa.eu/esco/skill/386774ac-fe5b-431a-b485-9aec0bf5c09e,maintain electrical equipment,maintaining electrical equipment,"maintaining electrical, electronic and precision equipment","installing, maintaining and repairing electrical, electronic and precision equipment",working with machinery and specialised equipment,skills,False,False,False,False,3,80.0
esco_456,http://data.europa.eu/esco/skill/387ee646-0aaa-4161-ab3b-cde87ec09fdf,public finance,,"finance, banking and insurance",business and administration,"business, administration and law",knowledge,False,False,False,False,1,70.0
esco_457,http://data.europa.eu/esco/skill/38a7be9c-450b-47e4-a2bc-924fbcf5c0c6,facilitate physical activity in the community,,advocating for individual or community needs,liaising and networking,"communication, collaboration and creativity",skills,False,False,False,False,1,80.0
esco_458,http://data.europa.eu/esco/skill/38d49d88-9069-467b-b29e-3cae739bdd4d,build predictive models,building a predictive model,calculating and estimating,calculating and estimating,information skills,skills,False,False,False,False,1,100.0
esco_459,http://data.europa.eu/esco/skill/394028bf-8dd1-4910-ad46-bc9e8e6e5b6d,advocate health,,advocating for individual or community needs,liaising and networking,"communication, collaboration and creativity",skills,False,False,False,False,1,80.0
esco_460,http://data.europa.eu/esco/skill/39499028-35bf-4d69-9275-fb98902ed88b,working with computers,,working with computers,working with computers,skills,,False,False,False,False,3,80.0
esco_461,http://data.europa.eu/esco/skill/397412dc-47c4-4580-82d0-15a9f9a86ea2,design drainage well systems,designing drainage well systems,designing structures or facilities,designing systems and products,"communication, collaboration and creativity",skills,True,False,False,False,6,70.0
esco_462,http://data.europa.eu/esco/skill/397da142-ab35-48fe-b154-7c38f447adfb,digital systems,,inter-disciplinary programmes and qualifications involving information and communication technologies (icts),inter-disciplinary programmes and qualifications involving information and communication technologies (icts),information and communication technologies (icts),knowledge,False,True,False,False,4,80.0
esco_463,http://data.europa.eu/esco/skill/3993c87c-7719-4186-811b-8ddfb40e76be,write English,show competency in written English,English,languages,language skills and knowledge,,False,False,True,False,2,90.0
esco_464,http://data.europa.eu/esco/skill/39dd50ae-814c-4a15-99e9-39afcc36bf9f,legal requirements in the social sector,,law,law,"business, administration and law",knowledge,False,False,False,False,1,80.0
esco_465,http://data.europa.eu/esco/skill/39e43f7c-a95e-4583-be76-bb134ccce1ae,financial department processes,financial processes,"finance, banking and insurance",business and administration,"business, administration and law",knowledge,False,False,False,False,6,55.0
esco_466,http://data.europa.eu/esco/skill/39e71107-3aa9-41a0-809c-edea477c968f,conduct land surveys,conducting land surveys,assessing land or real estate,analysing and evaluating information and data,information skills,skills,False,False,False,False,8,82.5
esco_467,http://data.europa.eu/esco/skill/39e7d2a3-8d01-497c-8c5f-d51ab53a4a22,present arguments persuasively,communicate points of view persuasively,"promote ideas, products, services ",communicating,social and communication skills and competences,transversal skills and competences,False,False,False,False,6,96.66666666666667
esco_468,http://data.europa.eu/esco/skill/39f67488-cfd3-4370-8d7e-da98163102d9,evaluate research activities,assess research results,giving feedback,working with others,"communication, collaboration and creativity",skills,False,False,False,True,1,80.0
esco_469,http://data.europa.eu/esco/skill/3a0f10bd-4c3f-4020-b29c-f03cfe6d6e5b,coordinate transportation,coordinating transportation,planning events and programmes,"organising, planning and scheduling work and activities",management skills,skills,False,False,False,False,2,50.0
esco_470,http://data.europa.eu/esco/skill/3a1c546d-914a-46e4-a7c1-47d43646fedd,perform quality control of design during a run,verify design quality during a run,manage quality,working efficiently,self-management skills and competences,transversal skills and competences,False,False,False,False,1,80.0
esco_471,http://data.europa.eu/esco/skill/3a2d5b45-56e4-4f5a-a55a-4a4a65afdc43,machine learning,machine learning models,information and communication technologies not elsewhere classified,information and communication technologies (icts),information and communication technologies (icts),knowledge,False,True,False,False,8,95.0
esco_472,http://data.europa.eu/esco/skill/3a33cec3-4b44-471a-8864-5cc8567a8b1f,CADD software,,CAD software,software and applications development and analysis,information and communication technologies (icts),information and communication technologies (icts),False,True,False,False,3,100.0
esco_473,http://data.europa.eu/esco/skill/3a5231a0-8c30-48ee-b671-08e2debd4441,organisational policies,institutional policies,management and administration,business and administration,"business, administration and law",knowledge,False,False,False,False,6,70.0
esco_474,http://data.europa.eu/esco/skill/3a7c95ef-0adc-4dff-a1a3-1e56f1e9ea03,assist with litigation matters,assist with matters of litigation,"advising on legal, regulatory or procedural matters",advising and consulting,"communication, collaboration and creativity",skills,False,False,False,False,6,85.0
esco_475,http://data.europa.eu/esco/skill/3a876d1c-3dd5-45ed-9a27-47cdbee46ce7,ensure information transparency,assure information transparency,maintain information network hardware,maintain computer hardware,"maintaining electrical, electronic and precision equipment","installing, maintaining and repairing electrical, electronic and precision equipment",False,False,False,False,2,80.0
esco_476,http://data.europa.eu/esco/skill/3ab10725-db47-403a-babe-11b5ec4bad22,master language rules,mastering language rules,using foreign languages,using more than one language,"communication, collaboration and creativity",skills,False,False,False,False,1,80.0
esco_477,http://data.europa.eu/esco/skill/3b1574ed-9677-4227-bf00-75808f4dd1fa,teach food science,teaching food science,teaching academic or vocational subjects,teaching and training,"communication, collaboration and creativity",skills,False,False,False,False,1,80.0
esco_478,http://data.europa.eu/esco/skill/3bddfd7c-ab6d-40c2-883d-5e97fb7640ba,create software design,create application design,designing ict systems or applications,designing systems and products,"communication, collaboration and creativity",skills,False,True,False,False,10,81.0
esco_479,http://data.europa.eu/esco/skill/3c03ee71-4a23-448f-b79e-81fd75d27dca,apply change management,change management,adapt to change,demonstrating willingness to learn,self-management skills and competences,transversal skills and competences,False,False,False,False,17,90.58823529411765
esco_480,http://data.europa.eu/esco/skill/3c1af34b-4562-4c39-a30e-0812b84a147e,use specialised design software,work with specialised design software,using computer aided design and drawing tools,"using digital tools for collaboration, content creation and problem solving",working with computers,skills,False,True,False,False,5,80.0
esco_481,http://data.europa.eu/esco/skill/3c209873-c757-47bb-91b5-9b6dc05df116,banking activities,,"finance, banking and insurance",business and administration,"business, administration and law",knowledge,False,False,False,False,1,80.0
esco_482,http://data.europa.eu/esco/skill/3c333552-8d89-43f5-90bd-856e15bec433,design drawings,drawings of designs,building and civil engineering,architecture and construction,"engineering, manufacturing and construction",knowledge,False,False,False,False,11,79.0909090909091
esco_483,http://data.europa.eu/esco/skill/3c42d13b-d6e4-4ed9-bdc4-991251461dc4,engineering control theory,,electronics and automation,engineering and engineering trades,"engineering, manufacturing and construction",knowledge,False,False,False,False,1,50.0
esco_484,http://data.europa.eu/esco/skill/3c6fe585-7d12-4315-b579-e30c042088ce,use computer-aided engineering systems,,using computer aided design and drawing tools,"using digital tools for collaboration, content creation and problem solving",working with computers,skills,False,True,False,False,1,80.0
esco_485,http://data.europa.eu/esco/skill/3c834f6e-523a-49ee-8ed1-e073e28ae6fe,develop communications strategies,prepare communications strategies,developing operational policies and procedures,developing objectives and strategies,management skills,skills,False,False,False,False,3,80.0
esco_486,http://data.europa.eu/esco/skill/3c88c371-56cf-49b8-bad7-d575eb3f07b7,assist people trapped in confined spaces,help people trapped in confined spaces,assisting people to access services,counselling,assisting and caring,skills,False,False,False,False,1,50.0
esco_487,http://data.europa.eu/esco/skill/3c8c9fe5-bbc6-4a0b-8cf2-a839aeef585c,communicate with media,communicating with the media,communicating with colleagues and clients,liaising and networking,"communication, collaboration and creativity",skills,False,False,False,False,2,95.0
esco_488,http://data.europa.eu/esco/skill/3cbe8b8d-69ba-4faa-9a7c-4cb95769df88,politics,political,political sciences and civics,social and behavioural sciences,"social sciences, journalism and information",knowledge,False,False,False,False,2,100.0
esco_489,http://data.europa.eu/esco/skill/3cd0ee1e-73b1-487e-b186-2e0c4fc3720f,assess telecommunication infrastructure issues,,"evaluating systems, programmes, equipment and products",analysing and evaluating information and data,information skills,skills,False,False,False,False,1,80.0
esco_490,http://data.europa.eu/esco/skill/3cd35f5d-ce6d-4f14-9a09-53d7a28d834c,maintain relationship with suppliers,manage relationship with suppliers,developing professional relationships or networks,liaising and networking,"communication, collaboration and creativity",skills,False,False,False,False,1,80.0
esco_491,http://data.europa.eu/esco/skill/3cd569a2-4f88-4c1e-9995-8dce8c5e51a7,JavaScript,Client-side JavaScript,software and applications development and analysis,information and communication technologies (icts),information and communication technologies (icts),knowledge,False,True,False,False,20,85.5
esco_492,http://data.europa.eu/esco/skill/3cee858e-79e8-4a4b-b99f-93c7f735d58b,DB2,,database and network design and administration,information and communication technologies (icts),information and communication technologies (icts),knowledge,False,True,False,False,2,100.0
esco_493,http://data.europa.eu/esco/skill/3cfa46e9-b7da-44ac-b09e-9596dffe0425,optimise choice of ICT solution,,solve technical problems,resolving computer problems,setting up and protecting computer systems,working with computers,False,True,False,False,1,50.0
esco_494,http://data.europa.eu/esco/skill/3d03c40c-1b83-4793-8902-2523f40af59e,Microsoft Access,Access,computer use,information and communication technologies (icts),information and communication technologies (icts),knowledge,False,True,False,False,74,98.91891891891892
esco_495,http://data.europa.eu/esco/skill/3d3ee5c3-4286-457f-9f76-1704011f7e11,comply with legal regulations,,ensuring compliance with legislation,protecting and enforcing,assisting and caring,skills,False,False,False,False,24,75.0
esco_496,http://data.europa.eu/esco/skill/3d427a49-4f85-42cd-8a92-62d4a34f41a1,file documents,filing of documents,managing information,managing information,information skills,skills,False,True,False,False,4,100.0
esco_497,http://data.europa.eu/esco/skill/3d54fec5-d9cb-45a0-bf8d-ffaf3790a5bb,applying health-related skills and competences,,life skills and competences,transversal skills and competences,,,False,False,False,False,1,80.0
esco_498,http://data.europa.eu/esco/skill/3d64b8fd-bb09-4d13-a3cf-300ed8909088,write specifications,writing specifications,technical or academic writing,writing and composing,"communication, collaboration and creativity",skills,False,False,False,False,61,97.21311475409836
esco_499,http://data.europa.eu/esco/skill/3dbf27e5-bb92-4b31-b242-d6b02d933184,contribute to protecting individuals from harm,,complying with health and safety procedures,protecting and enforcing,assisting and caring,skills,False,False,False,False,1,70.0
esco_500,http://data.europa.eu/esco/skill/3dd3dfa7-51c0-40ef-af46-e2df300489f6,monitor parameters' compliance in construction projects,oversee parameters' compliance in construction projects,oversee construction project,"directing, supervising and coordinating projects","organising, planning and scheduling work and activities",management skills,False,False,False,False,1,50.0
esco_501,http://data.europa.eu/esco/skill/3e20dad4-2b69-41d8-906f-bea6a317c884,community-based rehabilitation,,therapy and rehabilitation,health,health and welfare,knowledge,False,False,False,False,1,50.0
esco_502,http://data.europa.eu/esco/skill/3e23db60-0c3d-498a-a6ac-ffbed0ecb033,ICT accessibility standards,accessibility standards and guidelines,computer use,information and communication technologies (icts),information and communication technologies (icts),knowledge,False,True,False,False,2,80.0
esco_503,http://data.europa.eu/esco/skill/3e25fd3e-2bcd-4320-9587-0aadf7fb93b1,advise on soil and water protection,,advising on environmental issues,advising and consulting,"communication, collaboration and creativity",skills,True,False,False,False,1,80.0
esco_504,http://data.europa.eu/esco/skill/3e40c7d0-0e36-4b33-bc33-0aa87eda0561,electrical engineering,application of electricity,electricity and energy,engineering and engineering trades,"engineering, manufacturing and construction",knowledge,False,False,False,False,6,86.66666666666667
esco_505,http://data.europa.eu/esco/skill/3e4cdaee-740c-4754-9135-466362bbd22e,maintain industrial equipment,control industrial equipment,maintain equipment,working with machinery and specialised equipment,working with machinery and specialised equipment,working with machinery and specialised equipment,False,False,False,False,2,50.0
esco_506,http://data.europa.eu/esco/skill/3e5fe3b1-185f-4aad-b673-6a95fa4b19ca,perform internal investigations,conduct internal investigations,conducting academic or market research,"conducting studies, investigations and examinations",information skills,skills,False,False,False,False,1,80.0
esco_507,http://data.europa.eu/esco/skill/3e679f1c-e515-4f1b-82b3-2a7e848183a5,advise on drafting policies,,advising and consulting,advising and consulting,"communication, collaboration and creativity",skills,False,False,False,False,3,80.0
esco_508,http://data.europa.eu/esco/skill/3e8e862d-2f1a-40c6-bb6d-d1d7eeb78854,analyse large-scale data in healthcare,carry out large-scale data in healthcare,inspect data,analysing and evaluating information and data,analysing and evaluating information and data,information skills,False,False,False,False,2,90.0
esco_509,http://data.europa.eu/esco/skill/3eb03076-6fb4-48a1-8b36-36b5a5031ead,bridge engineering,bridge construction,building and civil engineering,architecture and construction,"engineering, manufacturing and construction",knowledge,False,False,False,False,9,81.11111111111111
esco_510,http://data.europa.eu/esco/skill/3ec2e4d6-7000-4905-bf1a-c5b1679416de,data warehouse,,database and network design and administration,information and communication technologies (icts),information and communication technologies (icts),knowledge,False,True,False,False,7,85.71428571428571
esco_511,http://data.europa.eu/esco/skill/3edfa33c-c644-4a9a-acd1-e82039daa663,promote the use of sustainable transport,,"promoting products, services, or programs","promoting, selling and purchasing","communication, collaboration and creativity",skills,True,False,False,False,3,100.0
esco_512,http://data.europa.eu/esco/skill/3f641516-9846-4a7f-a7f4-e1274eef6688,presenting information,,"communication, collaboration and creativity",skills,,,False,False,False,False,19,91.57894736842105
esco_513,http://data.europa.eu/esco/skill/3f6dc31c-ceef-4e93-9d8a-b4b862cf9b51,test electrical equipment,checking electrical equipment,carry out work-related measurements,"apply knowledge of science, technology and engineering",applying general knowledge,life skills and competences,False,False,False,False,1,80.0
esco_514,http://data.europa.eu/esco/skill/3f82a026-8a37-4b54-9ebb-7702b66eeb24,perform environmental investigations,environmental investigation performing,carrying out forensic and police investigations,"conducting studies, investigations and examinations",information skills,skills,True,False,False,False,4,100.0
esco_515,http://data.europa.eu/esco/skill/3f86173d-e101-4fcd-934f-ff9de29c081c,perform system analysis,analyse systems,"evaluating systems, programmes, equipment and products",analysing and evaluating information and data,information skills,skills,False,False,False,False,6,86.66666666666667
esco_516,http://data.europa.eu/esco/skill/3ff589b7-68df-4ea5-ae41-b395bdb2378f,ICT security standards,information security standards,database and network design and administration,information and communication technologies (icts),information and communication technologies (icts),knowledge,False,True,False,False,5,84.0
esco_517,http://data.europa.eu/esco/skill/40001d93-8937-4859-89d5-2dca53290ff4,share through digital technologies,,using digital tools for collaboration and productivity,"using digital tools for collaboration, content creation and problem solving",working with computers,skills,False,True,False,False,8,61.25
esco_518,http://data.europa.eu/esco/skill/4012e28f-1826-4024-9772-7a4183d63b7f,provide feedback on job performance,conduct performance appraisal,manage feedback,following instructions and procedures,working with others,"communication, collaboration and creativity",False,False,False,False,2,100.0
esco_519,http://data.europa.eu/esco/skill/401eb8d8-6daa-4f8b-90ad-60afc71eb4f8,Perl,,software and applications development and analysis,information and communication technologies (icts),information and communication technologies (icts),knowledge,False,True,False,False,1,80.0
esco_520,http://data.europa.eu/esco/skill/404b3fcd-306a-4d18-b5db-d90c517ff72f,issue licences,issue licenses,verifying identities and documentation,protecting and enforcing,assisting and caring,skills,False,False,False,False,1,100.0
esco_521,http://data.europa.eu/esco/skill/4095c6dd-3b00-44d1-9308-878e08737e92,create advocacy material,establish advocacy material,advocating for individual or community needs,liaising and networking,"communication, collaboration and creativity",skills,False,True,False,False,1,80.0
esco_522,http://data.europa.eu/esco/skill/409a0245-0e6c-4aac-ba16-0920ecb76a8d,exercise self-reflection,reflect on practice,demonstrating willingness to learn,self-management skills and competences,transversal skills and competences,,False,False,False,False,1,100.0
esco_523,http://data.europa.eu/esco/skill/40f65a56-ccbe-4601-9f32-1cc6cdd24f28,waste management,waste regulation,community sanitation,hygiene and occupational health services,services,knowledge,True,False,False,False,6,78.33333333333333
esco_524,http://data.europa.eu/esco/skill/415f816c-07ae-4ac1-9ddb-ecaa9957a249,law enforcement,,protection of persons and property,security services,services,knowledge,False,False,False,False,10,72.0
esco_525,http://data.europa.eu/esco/skill/418c13d1-2b4e-4bdd-82f4-4eaa5efb630c,develop visual elements,developing visual elements,manage visual communications,developing instructive or promotional materials,"creating artistic, visual or instructive materials","communication, collaboration and creativity",False,False,False,False,2,80.0
esco_526,http://data.europa.eu/esco/skill/41a3240f-58ba-44e2-a688-edeb21ea5c16,conduct quality control analysis,conduct quality control inspection,testing electrical and mechanical systems or equipment ,"monitoring, inspecting and testing",information skills,skills,False,False,False,False,4,90.0
esco_527,http://data.europa.eu/esco/skill/41ec47dd-08b3-464a-9c45-c706f3e74467,industrial software,software for industry,computer use,information and communication technologies (icts),information and communication technologies (icts),knowledge,False,True,False,False,10,68.0
esco_528,http://data.europa.eu/esco/skill/41fd24a9-3ded-4b42-9412-1dd7731ef9fc,share good practices across subsidiaries,inform subsidiaries on good practices,liaising and networking,liaising and networking,"communication, collaboration and creativity",skills,False,False,False,False,3,50.0
esco_529,http://data.europa.eu/esco/skill/425e1982-4fd0-4b6d-9644-ab20b933f3ed,operate furnace,,"operating kilns, furnaces and drying equipment",operating machinery for the extraction and processing of raw materials,working with machinery and specialised equipment,skills,False,False,False,False,1,80.0
esco_530,http://data.europa.eu/esco/skill/426ceaba-6867-481c-bb6b-aee3933da7d2,ICT safety,,protecting ict devices,setting up and protecting computer systems,working with computers,skills,False,False,False,False,1,80.0
esco_531,http://data.europa.eu/esco/skill/429062f1-a958-43ea-83dd-4e1af078c156,demonstrate curiosity,demonstrating curiosity,demonstrating willingness to learn,self-management skills and competences,transversal skills and competences,,False,False,False,False,2,100.0
esco_532,http://data.europa.eu/esco/skill/42b23922-1c40-4dbe-9e0c-7a568dfdf06b,adjust engineering designs,adjust construction designs,"designing industrial materials, systems or products",designing systems and products,"communication, collaboration and creativity",skills,False,False,False,False,6,80.0
esco_533,http://data.europa.eu/esco/skill/42cad89f-afd4-4418-8439-8ce87eff1f26,count money,money counting,executing financial transactions,performing administrative activities,management skills,skills,False,False,False,False,1,80.0
esco_534,http://data.europa.eu/esco/skill/42cb7669-c371-4903-9c0b-13db67b2e4bb,emergent technologies,,engineering and engineering trades not elsewhere classified,engineering and engineering trades,"engineering, manufacturing and construction",knowledge,False,True,False,False,4,80.0
esco_535,http://data.europa.eu/esco/skill/43032597-223c-4559-bdf9-abf0a312839a,apply brazing techniques,,"joining parts using soldering, welding or brazing techniques",building and repairing structures,constructing,skills,False,False,False,False,1,100.0
esco_536,http://data.europa.eu/esco/skill/4339176e-3acd-4f7f-a5d9-445bee3d23f2,mathematics,calculation,interpret mathematical information,working with numbers and measures,core skills and competences,transversal skills and competences,False,False,False,False,13,93.84615384615384
esco_537,http://data.europa.eu/esco/skill/434fb032-3c05-45bd-aaf2-09468ee34d7f,identify research topics,,conducting academic or market research,"conducting studies, investigations and examinations",information skills,skills,False,False,False,False,1,50.0
esco_538,http://data.europa.eu/esco/skill/4350c38d-0fe9-4ca7-bab9-40ed7f72b04f,PHP,,software and applications development and analysis,information and communication technologies (icts),information and communication technologies (icts),knowledge,False,True,False,False,1,100.0
esco_539,http://data.europa.eu/esco/skill/438ff259-d086-4004-acda-1ec3e1631bc6,software anomalies,,software and applications development and analysis,information and communication technologies (icts),information and communication technologies (icts),knowledge,False,True,False,False,1,80.0
esco_540,http://data.europa.eu/esco/skill/43ae58b9-5e56-4524-b45a-b422777a0576,database,relational database,database and network design and administration,information and communication technologies (icts),information and communication technologies (icts),knowledge,False,True,False,False,27,78.51851851851852
esco_541,http://data.europa.eu/esco/skill/43f425aa-f45d-4bb4-a200-6f82fa211b66,languages,,language skills and knowledge,,,,False,False,False,False,1,100.0
esco_542,http://data.europa.eu/esco/skill/440f64e5-e66c-45ee-bc29-53c14a2ad720,use geographic information systems,use GIS,"managing, gathering and storing digital data",accessing and analysing digital data,working with computers,skills,False,True,False,False,32,99.375
esco_543,http://data.europa.eu/esco/skill/442f1140-fc9e-4652-b6d8-28cccc288a13,detect microorganisms,detecting microorganisms,operating scientific and laboratory equipment,using precision instrumentation and equipment,working with machinery and specialised equipment,skills,False,False,False,False,3,93.33333333333333
esco_544,http://data.europa.eu/esco/skill/445b65c5-5b16-4f66-94ce-f2a7f49f9ee7,manage emergency procedures,emergency response,developing contingency and emergency response plans,developing objectives and strategies,management skills,skills,False,False,False,False,3,86.66666666666667
esco_545,http://data.europa.eu/esco/skill/4463a721-69f3-413d-8321-43e3af13a4f1,use databases,use database management systems,"managing, gathering and storing digital data",accessing and analysing digital data,working with computers,skills,False,True,False,False,16,81.875
esco_546,http://data.europa.eu/esco/skill/446a36a5-2376-439f-b46b-4a214ba0acdf,"using word processing, publishing and presentation software",,"using digital tools for collaboration, content creation and problem solving",working with computers,skills,,False,False,False,False,39,98.46153846153847
esco_547,http://data.europa.eu/esco/skill/44985078-6f4c-42b2-bceb-a37ea224b21d,manage difficult clients,deal with difficult clients,manage frustration,maintaining a positive attitude,self-management skills and competences,transversal skills and competences,False,False,False,False,1,50.0
esco_548,http://data.europa.eu/esco/skill/44b768da-1397-4ff8-b575-d71889a67b9d,meet expectations of target audience,meet expectation of target audience,conducting academic or market research,"conducting studies, investigations and examinations",information skills,skills,False,False,False,False,1,90.0
esco_549,http://data.europa.eu/esco/skill/44d5340c-45df-4478-9e55-2363342a7324,design building retrofitting solutions,,design building air tightness,designing structures or facilities,designing systems and products,"communication, collaboration and creativity",True,False,False,False,1,80.0
esco_550,http://data.europa.eu/esco/skill/44e2c4c4-9fd2-42d4-a133-d81360ded4bc,manage health and safety standards,manage health and safety certification,complying with health and safety procedures,protecting and enforcing,assisting and caring,skills,False,False,False,False,2,80.0
esco_551,http://data.europa.eu/esco/skill/44fb294c-440e-4c21-af34-9dec75cdf94b,provide victim assistance,provide support to crime victims,providing support to resolve problems,counselling,assisting and caring,skills,False,False,False,False,3,93.33333333333333
esco_552,http://data.europa.eu/esco/skill/44ff6716-7d71-4a16-821b-61d10e9e290d,applying general knowledge,,life skills and competences,transversal skills and competences,,,False,False,False,False,1,50.0
esco_553,http://data.europa.eu/esco/skill/457c2e47-07e6-4073-827e-e1c21f3e5869,evaluation theory,evaluation methodologies,economics,social and behavioural sciences,"social sciences, journalism and information",knowledge,False,False,False,False,1,80.0
esco_554,http://data.europa.eu/esco/skill/45a16833-6666-488d-aadf-e02e569275e8,use technology for forensics,make use of technology for forensics,perform forensic examinations,carrying out forensic and police investigations,"conducting studies, investigations and examinations",information skills,False,True,False,False,2,80.0
esco_555,http://data.europa.eu/esco/skill/45ce91d6-574f-445e-a3d5-741f89bddb56,maintaining mechanical equipment and tools,,"installing, maintaining and repairing mechanical equipment",working with machinery and specialised equipment,skills,,False,False,False,False,1,100.0
esco_556,http://data.europa.eu/esco/skill/468135b7-5757-48c3-9509-fde0e13ec5be,manage personal progression,,taking a proactive approach,self-management skills and competences,transversal skills and competences,,False,False,False,False,2,80.0
esco_557,http://data.europa.eu/esco/skill/469748ce-051a-407e-9099-0c9415ac2705,approach challenges positively,,maintaining a positive attitude,self-management skills and competences,transversal skills and competences,,False,False,False,False,1,100.0
esco_558,http://data.europa.eu/esco/skill/469e19ed-a0bd-445a-ae2d-4ba9430e296b,promote sustainability,promoting sustainability,"promoting products, services, or programs","promoting, selling and purchasing","communication, collaboration and creativity",skills,True,False,False,False,7,62.857142857142854
esco_559,http://data.europa.eu/esco/skill/46a5e3ea-e276-4d84-a289-bd1187ac8cb1,diagnostic methods in medical laboratory,diagnostic methods in medical laboratories,medical diagnostic and treatment technology,health,health and welfare,knowledge,False,False,False,False,1,50.0
esco_560,http://data.europa.eu/esco/skill/46cb7282-7fb0-4d3c-b6b8-bfe81fab077e,draw conclusions from market research results,draw market research conclusions,conducting academic or market research,"conducting studies, investigations and examinations",information skills,skills,False,False,False,False,1,80.0
esco_561,http://data.europa.eu/esco/skill/46ec0033-3c71-415e-bcff-b065675ba2dc,integrate ICT data,,"managing, gathering and storing digital data",accessing and analysing digital data,working with computers,skills,False,True,False,False,5,82.0
esco_562,http://data.europa.eu/esco/skill/4707da90-9cfc-46ca-8de0-38a0b7bfb137,think analytically,analytical thinking,"processing information, ideas and concepts",thinking skills and competences,transversal skills and competences,,False,False,False,True,231,93.54978354978356
esco_563,http://data.europa.eu/esco/skill/473c68ee-1ab3-4bcf-b286-f7a8df0acec6,maintain an artistic portfolio,manage artistic portfolio,manage artistic career,"promoting products, services, or programs","promoting, selling and purchasing","communication, collaboration and creativity",False,False,False,False,1,80.0
esco_564,http://data.europa.eu/esco/skill/477173ca-5fc2-406b-9122-95d92811f284,communicate with stakeholders,communicating with stakeholders,collaborating and liaising,liaising and networking,"communication, collaboration and creativity",skills,False,False,False,False,44,89.31818181818181
esco_565,http://data.europa.eu/esco/skill/477579e7-e0ca-4cc5-8712-17b78d0d8d2a,communication studies,communications studies,journalism and reporting,journalism and information,"social sciences, journalism and information",knowledge,False,False,False,False,4,57.5
esco_566,http://data.europa.eu/esco/skill/478da040-fb0a-4fa8-9112-285ff5c4aefa,provide testimony in court hearings,testify in court hearings,presenting information in legal proceedings,presenting information,"communication, collaboration and creativity",skills,False,False,False,False,6,90.0
esco_567,http://data.europa.eu/esco/skill/47a49cd6-097d-457a-9f7b-c290c14930d5,analyse big data,big data analysis,analysing and evaluating information and data,analysing and evaluating information and data,information skills,skills,False,True,False,False,21,91.9047619047619
esco_568,http://data.europa.eu/esco/skill/47ac9325-b072-4e37-8e40-e6ffed03e851,supervision of persons,,management and administration,business and administration,"business, administration and law",knowledge,False,False,False,False,46,88.91304347826087
esco_569,http://data.europa.eu/esco/skill/47b0d855-ea3c-45e9-8dcf-0e12e62261c4,calculating and estimating,,calculating and estimating,information skills,skills,,False,False,False,False,5,96.0
esco_570,http://data.europa.eu/esco/skill/47d2f266-aaf2-4852-9c66-607e76b1fa8b,detect product defects,identify product defects,monitoring quality of products,"monitoring, inspecting and testing",information skills,skills,False,False,False,False,2,90.0
esco_571,http://data.europa.eu/esco/skill/47d491a9-f7c0-4b13-a10f-983d3aa0113e,safety engineering,safety science,engineering and engineering trades not further defined,engineering and engineering trades,"engineering, manufacturing and construction",knowledge,True,False,False,False,1,80.0
esco_572,http://data.europa.eu/esco/skill/47f14289-3bcd-4575-9cc1-15c582d1da29,manage waste treatment facility,waste treatment facility managing,manage waste,adopt ways to reduce negative impact of consumption,applying environmental skills and competences,life skills and competences,False,False,False,False,27,82.22222222222223
esco_573,http://data.europa.eu/esco/skill/4817fa29-7e52-41ee-a112-c1454012ca95,review waste-treatment facilities construction plans,reviewing waste-treatment facilities construction plan,"monitoring, inspecting and testing","monitoring, inspecting and testing",information skills,skills,False,False,False,False,1,80.0
esco_574,http://data.europa.eu/esco/skill/484d048c-a5d1-46a5-b57f-45b69c0ac552,analyse pipeline database information,assess pipeline database information,analysing business operations,analysing and evaluating information and data,information skills,skills,False,True,False,False,1,80.0
esco_575,http://data.europa.eu/esco/skill/485b2e3b-f883-46d8-901f-ab521d4f8e58,sorting materials or products,,sorting and packaging goods and materials,handling and moving,skills,,False,False,False,False,1,100.0
esco_576,http://data.europa.eu/esco/skill/485cdafb-3c7f-4104-ab1c-773e6131a39a,conduct scholarly research,,conducting academic or market research,"conducting studies, investigations and examinations",information skills,skills,False,False,False,False,10,71.0
esco_577,http://data.europa.eu/esco/skill/48a83424-6758-4ad5-b5fa-ca3a32034431,identify faults in utility meters,monitoring utility meters,carry out calculations,working with numbers and measures,core skills and competences,transversal skills and competences,False,False,False,False,1,80.0
esco_578,http://data.europa.eu/esco/skill/48db96bf-3314-45c6-bad8-fdb6e20e5639,data engineering,data engineering methods,computer use,information and communication technologies (icts),information and communication technologies (icts),knowledge,False,True,False,False,18,79.44444444444444
esco_579,http://data.europa.eu/esco/skill/48f480aa-c9a8-4552-b1c5-e94330912257,road traffic laws,regulations for road traffic,law,law,"business, administration and law",knowledge,False,False,False,False,1,100.0
esco_580,http://data.europa.eu/esco/skill/49320ec7-65f9-4f90-bed2-2d41784f1836,compile GIS-data,,gathering information from physical or electronic sources,processing information,information skills,skills,False,True,False,False,1,50.0
esco_581,http://data.europa.eu/esco/skill/4932c6e3-f6c7-49bf-bf66-f8508237054f,comply with schedule,work according to timetable compliance,manage time,working efficiently,self-management skills and competences,transversal skills and competences,False,False,False,False,2,85.0
esco_582,http://data.europa.eu/esco/skill/499031e7-9821-4728-adb8-2925663c6ef2,credit card payments,credit card payment,"finance, banking and insurance",business and administration,"business, administration and law",knowledge,False,False,False,False,1,80.0
esco_583,http://data.europa.eu/esco/skill/499c05a2-6f36-4407-83c1-dc3448d35818,ensure public safety and security,public security and safety processes,follow safety precautions in work practices,complying with health and safety procedures,protecting and enforcing,assisting and caring,False,False,False,False,1,80.0
esco_584,http://data.europa.eu/esco/skill/49de9958-2aa4-4eef-a89d-fe5d5bcd28c4,adapt to change,adjust to change,demonstrating willingness to learn,self-management skills and competences,transversal skills and competences,,False,False,False,False,106,92.73584905660377
esco_585,http://data.europa.eu/esco/skill/49e1eb78-e6b1-4116-8e9f-f23316ee503e,react calmly in stressful situations,remain calm in stressful situations,cope with stress,maintaining a positive attitude,self-management skills and competences,transversal skills and competences,False,False,False,False,6,100.0
esco_586,http://data.europa.eu/esco/skill/49ef9f4c-3577-4780-ba2f-d068d1cde7bb,administrative tasks in a medical environment,,secretarial and office work,business and administration,"business, administration and law",knowledge,False,False,False,False,8,53.125
esco_587,http://data.europa.eu/esco/skill/49fed129-e32b-4f67-b80a-609d79e45b20,electronic and telecommunication equipment,electronics and telecommunication equipment,product comprehension,wholesale and retail sales,business and administration,"business, administration and law",False,True,False,False,3,80.0
esco_588,http://data.europa.eu/esco/skill/4a112f96-72c1-47f3-aa61-4b34ea415701,obtain relevant licenses,obtain a relevant license,complying with operational procedures,protecting and enforcing,assisting and caring,skills,False,False,False,False,43,94.65116279069767
esco_589,http://data.europa.eu/esco/skill/4a460161-eaea-4fe2-bd0e-164ccc635be1,financial statements,,"finance, banking and insurance",business and administration,"business, administration and law",knowledge,False,False,False,False,1,80.0
esco_590,http://data.europa.eu/esco/skill/4a477e55-fdb6-4fe5-8dec-fcebfa3579d6,automated analysers in the medical laboratory,automated analysers,medical diagnostic and treatment technology,health,health and welfare,knowledge,False,False,False,False,1,80.0
esco_591,http://data.europa.eu/esco/skill/4a92d8ce-ffd6-4da5-a50e-ef1bff5cc219,government social security programmes,government welfare strategies,political sciences and civics,social and behavioural sciences,"social sciences, journalism and information",knowledge,False,False,False,False,2,80.0
esco_592,http://data.europa.eu/esco/skill/4ac715f8-7c4e-4e78-a96d-2398b8bdc49d,plan public housing,public housing planning,developing policies and legislation,developing objectives and strategies,management skills,skills,False,False,False,False,2,65.0
esco_593,http://data.europa.eu/esco/skill/4adb861b-3ad8-4f0d-9343-decf59748d56,demonstrate professional attitude to clients,demonstrate to clients an attitude of professionalism,ensure client orientation,"promoting products, services, or programs","promoting, selling and purchasing","communication, collaboration and creativity",False,False,False,False,14,96.42857142857143
esco_594,http://data.europa.eu/esco/skill/4b244020-5f28-4e20-b74f-1c2dcb6f15cb,apply desktop publishing techniques,apply desktop publishing practices,"using word processing, publishing and presentation software","using digital tools for collaboration, content creation and problem solving",working with computers,skills,False,True,False,False,1,70.0
esco_595,http://data.europa.eu/esco/skill/4b2db903-cd8e-48ce-97fb-a92db4def54e,financial forecasting,,"finance, banking and insurance",business and administration,"business, administration and law",knowledge,False,False,False,False,2,85.0
esco_596,http://data.europa.eu/esco/skill/4b3138e1-c09e-4c5c-a13c-8d533747a1c3,use X-ray machines,use X ray machines,operate medical imaging equipment,operating medical equipment,using precision instrumentation and equipment,working with machinery and specialised equipment,False,False,False,False,1,80.0
esco_597,http://data.europa.eu/esco/skill/4b3c8605-819d-4b38-83fc-f23663e78dc9,consultation,,management and administration,business and administration,"business, administration and law",knowledge,False,False,False,False,2,100.0
esco_598,http://data.europa.eu/esco/skill/4b51e76e-9e8a-455f-a289-5b48246345c4,hardware components,components of hardware,software and applications development and analysis,information and communication technologies (icts),information and communication technologies (icts),knowledge,False,True,False,False,2,65.0
esco_599,http://data.europa.eu/esco/skill/4b88b1ee-c2d9-473a-9fe8-ba3b9c0c179a,implement ICT coding conventions,,programming computer systems,programming computer systems,working with computers,skills,False,True,False,False,2,80.0
esco_600,http://data.europa.eu/esco/skill/4b95c7bb-5672-4e4a-88ea-ba96c12e8ca2,manage the customer experience,,accompanying and welcoming people,providing information and support to the public and clients,assisting and caring,skills,False,False,False,False,1,100.0
esco_601,http://data.europa.eu/esco/skill/4bc7fcff-54a5-4ff0-8f5e-a7c2479b522c,political campaigning,political drive,political sciences and civics,social and behavioural sciences,"social sciences, journalism and information",knowledge,False,False,False,False,1,80.0
esco_602,http://data.europa.eu/esco/skill/4bf0a15a-be84-4560-b64c-9556781a0d60,liaise with government officials,liaising with government officials,collaborating and liaising,liaising and networking,"communication, collaboration and creativity",skills,False,False,False,False,4,95.0
esco_603,http://data.europa.eu/esco/skill/4bf37ee3-2c8b-44cc-9f91-3eeda46e8c5b,assess informational needs,identify informational needs,engaging with others to identify needs,obtaining information verbally,"communication, collaboration and creativity",skills,False,False,False,False,1,80.0
esco_604,http://data.europa.eu/esco/skill/4c016b68-4116-468c-9dc6-42710c239e4a,C#,,software and applications development and analysis,information and communication technologies (icts),information and communication technologies (icts),knowledge,False,True,False,False,15,100.0
esco_605,http://data.europa.eu/esco/skill/4c2c72df-3f3f-48e7-9993-a602354a75e4,six sigma methods,6 sigma,manufacturing and processing not elsewhere classified,manufacturing and processing,"engineering, manufacturing and construction",knowledge,False,False,False,False,9,100.0
esco_606,http://data.europa.eu/esco/skill/4c58528e-bdaa-43ad-8f5a-8ad0b8cd4bbb,design principles,scope of design principles,"fashion, interior and industrial design",arts,arts and humanities,knowledge,False,False,False,False,32,56.875
esco_607,http://data.europa.eu/esco/skill/4c598891-db23-4b7c-9b39-233ba8eaf848,landscape architecture,practices of landscape architecture,architecture and town planning,architecture and construction,"engineering, manufacturing and construction",knowledge,False,False,False,False,3,93.33333333333333
esco_608,http://data.europa.eu/esco/skill/4c5d616e-f6d8-4fb4-8ce6-89a4b048b916,create training materials,,developing instructive or promotional materials,"creating artistic, visual or instructive materials","communication, collaboration and creativity",skills,False,False,False,False,3,93.33333333333333
esco_609,http://data.europa.eu/esco/skill/4c5fed97-939f-4050-adc0-7adaf15065e5,plan water resource development,water resource development planning,monitoring environmental conditions,"monitoring, inspecting and testing",information skills,skills,True,False,False,False,8,61.25
esco_610,http://data.europa.eu/esco/skill/4ca91852-c534-4b98-ab1c-59a126534c88,project commissioning,,management and administration,business and administration,"business, administration and law",knowledge,False,False,False,False,1,80.0
esco_611,http://data.europa.eu/esco/skill/4cc2ede9-6ad7-44fa-9709-3ec4d3116e48,meet the requirements of legal bodies,meet regulatory requirements,ensuring compliance with legislation,protecting and enforcing,assisting and caring,skills,False,False,False,False,22,60.90909090909091
esco_612,http://data.europa.eu/esco/skill/4ce09e3d-ca6b-424a-a328-7f551db75e59,update budget,update the budget,carry out calculations,working with numbers and measures,core skills and competences,transversal skills and competences,False,False,False,False,2,90.0
esco_613,http://data.europa.eu/esco/skill/4cecff40-8e5c-4320-a87d-be8687008dbf,inspect facility sites,facility sites inspecting,carry out work-related measurements,"apply knowledge of science, technology and engineering",applying general knowledge,life skills and competences,False,False,False,False,6,90.0
esco_614,http://data.europa.eu/esco/skill/4d032f82-6279-48e6-9892-116440a071e3,advise on pollution prevention,,advising on environmental issues,advising and consulting,"communication, collaboration and creativity",skills,True,False,False,False,1,80.0
esco_615,http://data.europa.eu/esco/skill/4d38b095-6730-4157-9807-8049dd7b43b8,document project progress,documenting project progress,maintaining operational records,documenting and recording information,information skills,skills,False,False,False,False,3,80.0
esco_616,http://data.europa.eu/esco/skill/4d811cac-4efa-4c87-b598-a711eb1575d2,manage advocacy strategies,,developing objectives and strategies,developing objectives and strategies,management skills,skills,False,False,False,False,1,80.0
esco_617,http://data.europa.eu/esco/skill/4d85b881-e490-4b4c-897a-2faa4ef53956,manage ICT data architecture,define enterprise data architecture,designing ict systems or applications,designing systems and products,"communication, collaboration and creativity",skills,False,True,False,False,3,76.66666666666667
esco_618,http://data.europa.eu/esco/skill/4d97e3c3-f335-47cc-a4ee-0d779fd42222,"manage data, information and digital content",manage digital data,digital data processing,accessing and analysing digital data,accessing and analysing digital data,working with computers,False,True,False,False,35,92.28571428571429
esco_619,http://data.europa.eu/esco/skill/4da4587a-fd0b-4ca2-886c-c42a1562d432,design cloud networks,,designing ict systems or applications,designing systems and products,"communication, collaboration and creativity",skills,False,True,False,False,1,80.0
esco_620,http://data.europa.eu/esco/skill/4dafe480-f2ae-46b5-bd5e-8d4e538f50c7,identify training needs,,monitoring and evaluating the performance of individuals,supervising people,management skills,skills,False,False,False,False,2,100.0
esco_621,http://data.europa.eu/esco/skill/4dc5042a-b2b4-4ad5-a39b-3558b073cec7,use specialised equipment,specialised equipment using,operating scientific and laboratory equipment,using precision instrumentation and equipment,working with machinery and specialised equipment,skills,False,True,False,False,5,62.0
esco_622,http://data.europa.eu/esco/skill/4dc5f83e-22ca-4c3b-b7d6-aeea3ef4a1a9,operate grinding machine,,"operating cutting, grinding and smoothing machinery",operating machinery for the manufacture of products,working with machinery and specialised equipment,skills,False,False,False,False,1,100.0
esco_623,http://data.europa.eu/esco/skill/4ddf5204-95f5-4be2-ad35-571e2f493ae5,apply business acumen,utilise business acumen,identifying opportunities,developing objectives and strategies,management skills,skills,False,False,False,False,2,100.0
esco_624,http://data.europa.eu/esco/skill/4df7a57a-9405-4995-8e02-4ca404832247,manage project changes,,planning events and programmes,"organising, planning and scheduling work and activities",management skills,skills,False,False,False,False,2,80.0
esco_625,http://data.europa.eu/esco/skill/4e0076f7-155d-4e2a-a058-39097de48420,translate strategy into operation,translate strategy into objectives,directing operational activities,"organising, planning and scheduling work and activities",management skills,skills,False,False,False,False,6,88.33333333333333
esco_626,http://data.europa.eu/esco/skill/4e02ce5a-7321-426b-a809-6c507f30ef52,business valuation techniques,,"finance, banking and insurance",business and administration,"business, administration and law",knowledge,False,False,False,False,1,50.0
esco_627,http://data.europa.eu/esco/skill/4e097377-7950-4993-9e22-a61b067b5c00,social sciences,studying social groups,sociology and cultural studies,social and behavioural sciences,"social sciences, journalism and information",knowledge,False,False,False,False,1,50.0
esco_628,http://data.europa.eu/esco/skill/4e09e2d2-e317-47d2-bf5e-1d6c66be3efc,energy performance of buildings,energy performance factors,electricity and energy,engineering and engineering trades,"engineering, manufacturing and construction",knowledge,True,False,False,False,5,92.0
esco_629,http://data.europa.eu/esco/skill/4e5687e3-3d3a-4f5e-b76a-93da0124d453,operational tactics for emergency responses,operational tactic for emergency response,medical diagnostic and treatment technology,health,health and welfare,knowledge,False,False,False,False,1,80.0
esco_630,http://data.europa.eu/esco/skill/4e87c852-602a-4a0e-b8d8-20709ce14ac5,assess the life cycle of resources,assessing resource life cycle,advising on environmental issues,advising and consulting,"communication, collaboration and creativity",skills,True,False,False,False,1,100.0
esco_631,http://data.europa.eu/esco/skill/4ee4ed1d-dc38-48e0-a9e6-a6b64f316ea6,water policies,regulations about water,community sanitation,hygiene and occupational health services,services,knowledge,True,False,False,False,13,80.0
esco_632,http://data.europa.eu/esco/skill/4f060129-8b75-4d58-a8dd-515bd8fef349,develop financial statistics reports,produce financial statistics reports,report facts,communicating,social and communication skills and competences,transversal skills and competences,False,False,False,False,2,75.0
esco_633,http://data.europa.eu/esco/skill/4f22e52e-5714-4de1-88f7-b3cdbb4f184e,manage grant applications,administer grant applications,"preparing documentation for contracts, applications, or permits",documenting and recording information,information skills,skills,False,False,False,False,8,80.0
esco_634,http://data.europa.eu/esco/skill/4f5c1208-62fd-4e5a-a51e-306c06947e11,manage findable accessible interoperable and reusable data,ensure data reusability,manage data,managing information,managing information,information skills,False,True,False,True,1,80.0
esco_635,http://data.europa.eu/esco/skill/4f6b656a-54d0-48ce-9b55-ebcac5904a14,handle geospatial technologies,use GIS,accessing and analysing digital data,accessing and analysing digital data,working with computers,skills,False,True,False,False,4,90.0
esco_636,http://data.europa.eu/esco/skill/4f9f0410-5db0-4b3b-8de3-1ded1600c719,inspect construction sites,inspecting construction sites,monitoring safety or security,"monitoring, inspecting and testing",information skills,skills,False,False,False,False,10,79.0
esco_637,http://data.europa.eu/esco/skill/4fabca9a-7435-4f33-b1da-3cdb00340fdc,perform scientific research,performing scientific research,conducting academic or market research,"conducting studies, investigations and examinations",information skills,skills,False,False,False,True,11,81.81818181818181
esco_638,http://data.europa.eu/esco/skill/4fb7c7aa-9f19-4cc3-9e19-64ce564f22f5,handle incidents,handle an incident,complying with operational procedures,protecting and enforcing,assisting and caring,skills,False,False,False,False,4,85.0
esco_639,http://data.europa.eu/esco/skill/4feed491-dc09-4218-814a-0146e13ef4fe,solving problems,,solving problems,"communication, collaboration and creativity",skills,,False,False,False,False,31,91.93548387096774
esco_640,http://data.europa.eu/esco/skill/4ff549c3-daa5-4def-9916-301c7bdf13b8,control systems,,electronics and automation,engineering and engineering trades,"engineering, manufacturing and construction",knowledge,False,True,False,False,4,80.0
esco_641,http://data.europa.eu/esco/skill/50373f03-3e81-4d2e-99c6-d0f2ff42b138,create sketches,creating sketches,developing instructive or promotional materials,"creating artistic, visual or instructive materials","communication, collaboration and creativity",skills,False,False,False,False,3,50.0
esco_642,http://data.europa.eu/esco/skill/50431cf0-3b03-40fe-82aa-0b3a55ff7f9b,genomics,,"inter-disciplinary programmes and qualifications involving natural sciences, mathematics and statistics","inter-disciplinary programmes and qualifications involving natural sciences, mathematics and statistics","natural sciences, mathematics and statistics",knowledge,False,False,False,False,2,90.0
esco_643,http://data.europa.eu/esco/skill/50877777-d3c3-41ac-9556-4b27e642d588,handle building materials,handling building materials,"moving or lifting materials, equipment, or supplies",moving and lifting,handling and moving,skills,False,False,False,False,1,80.0
esco_644,http://data.europa.eu/esco/skill/509ff122-3546-40a7-ae02-3ee7395b3a76,road transport legislation,,law,law,"business, administration and law",knowledge,True,False,False,False,1,80.0
esco_645,http://data.europa.eu/esco/skill/50ab7296-bc34-4cb1-9fdb-7cf7b6f80f9c,maintain work standards,,monitoring operational activities,"monitoring, inspecting and testing",information skills,skills,False,False,False,False,6,80.0
esco_646,http://data.europa.eu/esco/skill/50b100ea-74fd-4706-99db-3e4ca55e51b8,perform data cleansing,complete data cleansing,"managing, gathering and storing digital data",accessing and analysing digital data,working with computers,skills,False,True,False,False,16,98.75
esco_647,http://data.europa.eu/esco/skill/50b96d21-f2eb-4f35-a8d3-77eee15ef51f,manage visual communications,manage visual communication,developing instructive or promotional materials,"creating artistic, visual or instructive materials","communication, collaboration and creativity",skills,False,False,False,False,3,80.0
esco_648,http://data.europa.eu/esco/skill/50d38d64-9ad7-42b9-be8f-d329c1422558,clinical biology,clinical microbiology,medicine,health,health and welfare,knowledge,False,False,False,False,1,80.0
esco_649,http://data.europa.eu/esco/skill/50f5e41d-7ce3-481b-aed7-ee9484545bc4,facilities management in the organisation,FM in the organisation,management and administration,business and administration,"business, administration and law",knowledge,False,False,False,False,7,74.28571428571429
esco_650,http://data.europa.eu/esco/skill/5125b132-d1a9-41a4-95c3-91b0984e86b5,maintain ground,,cultivating land and crops,tending plants and crops,handling and moving,skills,False,False,False,False,2,100.0
esco_651,http://data.europa.eu/esco/skill/512dc6a9-d55f-4042-a565-4a929731d8e3,prepare work instructions,preparing work instructions,planning production processes,"organising, planning and scheduling work and activities",management skills,skills,False,False,False,False,2,60.0
esco_652,http://data.europa.eu/esco/skill/51586df8-1c46-4b47-8583-773cb63bf00b,R,,software and applications development and analysis,information and communication technologies (icts),information and communication technologies (icts),knowledge,False,True,False,False,23,90.8695652173913
esco_653,http://data.europa.eu/esco/skill/517f678e-001b-4985-acb4-9edc3500d74c,develop training programmes,design training programmes,developing educational programmes,developing objectives and strategies,management skills,skills,False,False,False,False,12,93.33333333333333
esco_654,http://data.europa.eu/esco/skill/518339db-bdfb-4d12-8d76-c065a7ca4364,paediatric phlebotomy procedures,,child care and youth services,welfare,health and welfare,knowledge,False,False,False,False,1,50.0
esco_655,http://data.europa.eu/esco/skill/519e801b-3cc4-44d4-bcf1-32fdb9a77e51,personal development,techniques and methods for personal development,personal skills and development,personal skills and development,generic programmes and qualifications,knowledge,False,False,False,False,5,78.0
esco_656,http://data.europa.eu/esco/skill/51bc28e9-c489-44d8-9263-4ada49ed1933,communicate clearly with passengers,speak clearly to passengers,focus on passengers,providing general assistance to people,providing information and support to the public and clients,assisting and caring,False,False,False,False,1,80.0
esco_657,http://data.europa.eu/esco/skill/51e79cb4-fab3-404c-88f3-cd4a1bd5879e,deal with emergency care situations,,respond to changing situations in health care,adapt to change,demonstrating willingness to learn,self-management skills and competences,False,False,False,False,1,70.0
esco_658,http://data.europa.eu/esco/skill/5206a9b8-8337-4f0b-ae00-163a2f55d8cf,carry out waste water treatment,waste water treatment undertaking,"operating petroleum, chemical or water processing systems or equipment",operating machinery for the extraction and processing of raw materials,working with machinery and specialised equipment,skills,True,False,False,False,17,81.17647058823529
esco_659,http://data.europa.eu/esco/skill/525046fb-3e1a-4083-88e7-5db7e88bc4f7,check correctness of information,verify correctness of information,analysing and evaluating information and data,analysing and evaluating information and data,information skills,skills,False,False,False,False,15,83.33333333333333
esco_660,http://data.europa.eu/esco/skill/52797dce-911c-4e6d-b0cb-491f6469014f,install electrical and electronic equipment,,"installing and repairing electrical, electronic and precision equipment","installing, maintaining and repairing electrical, electronic and precision equipment",working with machinery and specialised equipment,skills,False,False,False,False,1,100.0
esco_661,http://data.europa.eu/esco/skill/52b38e90-3d05-4042-a9e2-d19dec8dd7c1,test hardware,,installing wooden and metal components,building and repairing structures,constructing,skills,False,True,False,False,1,80.0
esco_662,http://data.europa.eu/esco/skill/52e53619-fa77-4f72-b237-5e4aae784dc2,financial management,monetary management,management and administration,business and administration,"business, administration and law",knowledge,False,False,False,False,36,85.55555555555556
esco_663,http://data.europa.eu/esco/skill/5303169c-75d6-4751-9136-a4b88343388c,social media management,,management and administration,business and administration,"business, administration and law",knowledge,False,True,False,False,3,70.0
esco_664,http://data.europa.eu/esco/skill/53141450-2fa9-4890-a64e-7ffd4e1144be,use electronic health records management system,use electronic health record management systems,"managing, gathering and storing digital data",accessing and analysing digital data,working with computers,skills,False,True,False,False,5,100.0
esco_665,http://data.europa.eu/esco/skill/5330b70e-16f5-43a7-a6de-18fd6a4bd063,public relations,,marketing and advertising,business and administration,"business, administration and law",knowledge,False,False,False,False,4,90.0
esco_666,http://data.europa.eu/esco/skill/5368a46a-54b5-4874-a06f-964d557c1cfb,green space strategies,scope of green space strategies,architecture and town planning,architecture and construction,"engineering, manufacturing and construction",knowledge,True,False,False,False,1,80.0
esco_667,http://data.europa.eu/esco/skill/538f8bc6-a5bf-422b-8112-5ad3fe9de9a0,urban sustainability,urban sustainability planning,architecture and town planning,architecture and construction,"engineering, manufacturing and construction",knowledge,True,False,False,False,9,73.33333333333333
esco_668,http://data.europa.eu/esco/skill/539edd73-5c9b-4498-96f2-68a9cd2e6073,ventilation systems,ventilation system,building and civil engineering,architecture and construction,"engineering, manufacturing and construction",knowledge,False,False,False,False,1,100.0
esco_669,http://data.europa.eu/esco/skill/541c8568-1b37-4903-8655-222cc25f8158,apply vessel engine regulations,,ensuring compliance with legislation,protecting and enforcing,assisting and caring,skills,False,False,False,False,1,50.0
esco_670,http://data.europa.eu/esco/skill/541cdc23-1eec-4520-81fc-3392eaf538ed,fraud detection,fraud examination,protection of persons and property,security services,services,knowledge,False,False,False,False,2,100.0
esco_671,http://data.europa.eu/esco/skill/545c80e8-7ab2-42fe-af64-242211e94709,analyse network configuration and performance,examine network configuration and effectiveness,accessing and analysing digital data,accessing and analysing digital data,working with computers,skills,False,True,False,False,5,80.0
esco_672,http://data.europa.eu/esco/skill/548c3fbe-9eb1-4035-bc54-027fd5bc5315,working with others,,"communication, collaboration and creativity",skills,,,False,False,False,False,2,75.0
esco_673,http://data.europa.eu/esco/skill/54924a2c-daca-40d3-9716-4b38ceb04f38,algorithms,,database and network design and administration,information and communication technologies (icts),information and communication technologies (icts),knowledge,False,True,False,False,1,100.0
esco_674,http://data.europa.eu/esco/skill/54bba279-9302-4e91-a078-9c29f71bf728,inspect drainage channels,,perform drainage work,"moving or lifting materials, equipment, or supplies",moving and lifting,handling and moving,False,False,False,False,1,80.0
esco_675,http://data.europa.eu/esco/skill/54c9c155-9293-4329-8ed2-2e76e8b519d4,define data quality criteria,,developing operational policies and procedures,developing objectives and strategies,management skills,skills,False,False,False,False,2,80.0
esco_676,http://data.europa.eu/esco/skill/54d68400-9da3-4077-a7ee-52e68b390ef6,follow written instructions,,following instructions and procedures,working with others,"communication, collaboration and creativity",skills,False,False,False,False,1,80.0
esco_677,http://data.europa.eu/esco/skill/54ddd422-5905-44db-93d4-03b17b913c5e,use CADD software,use computer-aided design and drafting software,using computer aided design and drawing tools,"using digital tools for collaboration, content creation and problem solving",working with computers,skills,False,True,False,False,2,100.0
esco_678,http://data.europa.eu/esco/skill/54f7432d-a8b6-4ed4-a50e-9ec882320595,"monitoring, inspecting and testing",,"monitoring, inspecting and testing",information skills,skills,,False,False,False,False,32,79.375
esco_679,http://data.europa.eu/esco/skill/552c4f35-a2d1-49c2-8fda-afe26695c44a,social and communication skills and competences,,transversal skills and competences,,,,False,False,False,False,255,97.37254901960785
esco_680,http://data.europa.eu/esco/skill/553ad092-b799-44c9-a94c-65a84fdc7526,identify processes for re-engineering,identify a process for re-engineering,show entrepreneurial spirit,applying entrepreneurial and financial skills and competences,life skills and competences,transversal skills and competences,False,False,False,False,7,91.42857142857143
esco_681,http://data.europa.eu/esco/skill/553e1d2d-abf1-4b37-8ac4-c5c78a8edbc0,proxy servers,,computer use,information and communication technologies (icts),information and communication technologies (icts),knowledge,False,True,False,False,1,100.0
esco_682,http://data.europa.eu/esco/skill/5548401e-dbe9-4603-9917-1c8b3e0ad4ad,soil mechanics,geotechnical engineering,building and civil engineering,architecture and construction,"engineering, manufacturing and construction",knowledge,False,False,False,False,4,90.0
esco_683,http://data.europa.eu/esco/skill/55514865-3066-4abd-86a9-dbe45a440882,root cause analysis,,management and administration,business and administration,"business, administration and law",knowledge,False,False,False,False,5,100.0
esco_684,http://data.europa.eu/esco/skill/556be6f4-225f-46a2-a795-d3d54d98c3f7,conduct workplace audits,conduct an audit at work,monitoring safety or security,"monitoring, inspecting and testing",information skills,skills,False,False,False,False,1,80.0
esco_685,http://data.europa.eu/esco/skill/557d1221-0235-4a48-ada5-8fca73443627,electronics principles,,electronics and automation,engineering and engineering trades,"engineering, manufacturing and construction",knowledge,False,False,False,False,1,80.0
esco_686,http://data.europa.eu/esco/skill/5592ab32-4e7a-4cda-8e64-ca36d5de8a10,adapt to changing situations,adapting to a changing situation,identify technological needs,developing solutions,solving problems,"communication, collaboration and creativity",False,False,False,False,27,85.55555555555556
esco_687,http://data.europa.eu/esco/skill/55b2821c-b1f1-4776-862e-926fa2ce3747,adjust the performance to different environments,,adapt to change,demonstrating willingness to learn,self-management skills and competences,transversal skills and competences,False,False,False,False,1,80.0
esco_688,http://data.europa.eu/esco/skill/55e910e4-736d-44cf-bfa9-b15adc5d91d2,algebra,,mathematics,mathematics and statistics,"natural sciences, mathematics and statistics",knowledge,False,False,False,False,1,80.0
esco_689,http://data.europa.eu/esco/skill/56042303-972b-41be-9310-58467599ff7e,analyse business processes,evaluate business processes,perform business analysis,analysing business operations,analysing and evaluating information and data,information skills,False,False,False,False,9,95.55555555555556
esco_690,http://data.europa.eu/esco/skill/5609c548-8581-4a28-8afc-5f744868e9c7,build rapport with people from different cultural backgrounds,building a rapport with people from different cultural backgrounds,working with others,working with others,"communication, collaboration and creativity",skills,False,False,False,False,1,80.0
esco_691,http://data.europa.eu/esco/skill/561c2525-5bd8-4d86-8f45-820f4be7db93,report test findings,report a test finding,report facts,communicating,social and communication skills and competences,transversal skills and competences,False,False,False,False,1,80.0
esco_692,http://data.europa.eu/esco/skill/56a7f561-1d55-43c9-9cd7-36a0a9bc6c50,ASP.NET,,software and applications development and analysis,information and communication technologies (icts),information and communication technologies (icts),knowledge,False,True,False,False,18,84.44444444444444
esco_693,http://data.europa.eu/esco/skill/56ab5131-93a0-4ce3-b840-6413e687c307,present legal arguments,,presenting information in legal proceedings,presenting information,"communication, collaboration and creativity",skills,False,False,False,False,4,85.0
esco_694,http://data.europa.eu/esco/skill/56ec6990-3e5b-475f-88e4-2c209f5625b3,work with different target groups,work with target groups that are different,working with others,working with others,"communication, collaboration and creativity",skills,False,False,False,False,1,100.0
esco_695,http://data.europa.eu/esco/skill/57231a22-4da7-49c8-97b8-75672feadf1e,manage quantitative data,handle numerical data,"managing, gathering and storing digital data",accessing and analysing digital data,working with computers,skills,False,True,False,False,6,86.66666666666667
esco_696,http://data.europa.eu/esco/skill/574257ea-7b64-4100-b7b6-e27c233fe143,digital communication and collaboration,digital communications,using digital tools for collaboration and productivity,"using digital tools for collaboration, content creation and problem solving",working with computers,skills,False,False,False,False,3,86.66666666666667
esco_697,http://data.europa.eu/esco/skill/574bf430-50a1-4734-9719-a823e7d80b10,communicate professionally with colleagues in other fields,professionally communicate with colleagues from other fields,liaise with colleagues,collaborating and liaising,liaising and networking,"communication, collaboration and creativity",False,False,False,False,2,80.0
esco_698,http://data.europa.eu/esco/skill/5770f630-9b25-49f3-9d37-e93ec1799749,teaching and training,,"communication, collaboration and creativity",skills,,,False,False,False,False,5,88.0
esco_699,http://data.europa.eu/esco/skill/577ce84f-0d21-4f25-8307-99c53f6f8437,moving and lifting,,moving and lifting,handling and moving,skills,,False,False,False,False,3,100.0
esco_700,http://data.europa.eu/esco/skill/580397d1-22d3-4c8e-8cb8-cfef871d42c2,form operational strategies for law enforcement,outline working strategies for law enforcement,ensuring compliance with legislation,protecting and enforcing,assisting and caring,skills,False,False,False,False,1,100.0
esco_701,http://data.europa.eu/esco/skill/580660a6-5d3a-421d-a54f-d85b706c2b2f,use online tools to collaborate,use online meeting tools,using digital tools for collaboration and productivity,"using digital tools for collaboration, content creation and problem solving",working with computers,skills,False,True,False,False,1,100.0
esco_702,http://data.europa.eu/esco/skill/58240e34-7364-4078-a530-7a4f51649731,identify preventive actions,identifying preventive actions,developing contingency and emergency response plans,developing objectives and strategies,management skills,skills,False,False,False,False,2,80.0
esco_703,http://data.europa.eu/esco/skill/5838d780-c9fd-4b97-b9e2-2ccc64b4ce3c,manage communications with food industry governmental bodies,manage communication with food industry governmental bodies,collaborating and liaising,liaising and networking,"communication, collaboration and creativity",skills,False,False,False,False,1,80.0
esco_704,http://data.europa.eu/esco/skill/583b1fb5-be8d-41f0-aa81-0b6bef4793c2,installing plumbing or piping equipment or systems,,installing interior or exterior infrastructure,constructing,skills,,False,False,False,False,3,86.66666666666667
esco_705,http://data.europa.eu/esco/skill/585593ef-d0a3-47a2-82da-14f26d75d83e,biosafety in biomedical laboratory,,biomedical science,laboratory-based sciences,chemical engineering and processes,engineering and engineering trades,True,False,False,False,1,100.0
esco_706,http://data.europa.eu/esco/skill/587e1cd6-a376-4c8f-8369-187c128d72a3,processing information,,information skills,skills,,,False,False,False,False,3,66.66666666666667
esco_707,http://data.europa.eu/esco/skill/5898d99a-62a4-4e10-a2e3-0d815ce44248,cyber attack counter-measures,,military and defence,security services,services,knowledge,False,True,False,False,1,100.0
esco_708,http://data.europa.eu/esco/skill/58bd927f-e4cc-4b61-a679-cb91b3f8075a,following instructions and procedures,,working with others,"communication, collaboration and creativity",skills,,False,False,False,False,46,82.6086956521739
esco_709,http://data.europa.eu/esco/skill/58beed15-8cf0-4bea-a24a-ad595768bba6,building and repairing structures,,building and repairing structures,constructing,skills,,False,False,False,False,1,80.0
esco_710,http://data.europa.eu/esco/skill/58c3ed60-c06b-47c0-b213-4e3608608644,use remote control equipment,remote control equipment use,using digital tools to control machinery,using digital tools to control machinery,working with computers,skills,False,True,False,False,1,80.0
esco_711,http://data.europa.eu/esco/skill/59004ee8-3975-4877-bf82-ff0b8070ef28,implement environmental action plans,implement environmental management plans,ensure compliance with environmental legislation,complying with environmental protection laws and standards,protecting and enforcing,assisting and caring,True,False,False,False,1,80.0
esco_712,http://data.europa.eu/esco/skill/59429f7f-8b95-4094-b1cf-97cbb556f03d,participatory decision-making,collaborative decision-making,management and administration,business and administration,"business, administration and law",knowledge,False,False,False,False,4,77.5
esco_713,http://data.europa.eu/esco/skill/594a002c-de7a-4805-8cb9-a4c6283b61c3,integrate community outreach,integrate the community outreach,advocating for individual or community needs,liaising and networking,"communication, collaboration and creativity",skills,False,False,False,False,11,74.54545454545455
esco_714,http://data.europa.eu/esco/skill/598de5b0-5b58-4ea7-8058-a4bc4d18c742,SQL,,software and applications development and analysis,information and communication technologies (icts),information and communication technologies (icts),knowledge,False,True,False,False,58,95.6896551724138
esco_715,http://data.europa.eu/esco/skill/59a0d9cc-ab3e-41e6-87c5-d851c04a072c,maintain relationships with doctors,manage relationships with doctors,liaising and networking,liaising and networking,"communication, collaboration and creativity",skills,False,False,False,False,1,50.0
esco_716,http://data.europa.eu/esco/skill/59ad10b1-6f71-4dd4-ad1f-a1fdf68bc2fb,show professional responsibility,adopt a professional attitude,assume responsibility,taking a proactive approach,self-management skills and competences,transversal skills and competences,False,False,False,False,11,77.27272727272727
esco_717,http://data.europa.eu/esco/skill/59ea80e1-463a-4dba-82c6-d0b6d577d532,technical drawings,specialised drawings,building and civil engineering,architecture and construction,"engineering, manufacturing and construction",knowledge,False,True,False,False,14,70.71428571428571
esco_718,http://data.europa.eu/esco/skill/5a0bffcf-4ff6-49cf-a7db-4142e63f5f04,answer incoming calls,deal with incoming calls,providing information to the public and clients,providing information and support to the public and clients,assisting and caring,skills,False,False,False,False,2,90.0
esco_719,http://data.europa.eu/esco/skill/5a927fa0-462e-4d54-ae12-97fd6ca45762,exercise self-control,,cope with stress,maintaining a positive attitude,self-management skills and competences,transversal skills and competences,False,False,False,False,1,80.0
esco_720,http://data.europa.eu/esco/skill/5acf6408-e084-4202-9442-ffcf0119811c,security threats,security risks,protection of persons and property,security services,services,knowledge,False,False,False,False,1,100.0
esco_721,http://data.europa.eu/esco/skill/5aec5b83-df71-483e-90b9-21e56a0a3cb2,measure pollution,quantify pollution,carry out work-related measurements,"apply knowledge of science, technology and engineering",applying general knowledge,life skills and competences,True,False,False,False,1,80.0
esco_722,http://data.europa.eu/esco/skill/5b06c369-10db-477d-a8df-987179324001,manage water distribution procedures,water distribution procedures managing,following instructions and procedures,working with others,"communication, collaboration and creativity",skills,False,False,False,False,1,80.0
esco_723,http://data.europa.eu/esco/skill/5b0a8b4d-7c71-43b1-8e52-4c0cfacd7bbd,metallurgy,properties of metals,mechanics and metal trades,engineering and engineering trades,"engineering, manufacturing and construction",knowledge,False,False,False,False,2,80.0
esco_724,http://data.europa.eu/esco/skill/5b264a14-d4db-4352-9278-fbb63c5ebed4,use automotive diagnostic equipment,,installing wooden and metal components,building and repairing structures,constructing,skills,False,False,False,False,1,80.0
esco_725,http://data.europa.eu/esco/skill/5b46f572-7ced-4efd-b270-a81a164d521c,moderate a discussion,moderate conferences,communicating,social and communication skills and competences,transversal skills and competences,,False,False,False,False,2,85.0
esco_726,http://data.europa.eu/esco/skill/5b58e283-a359-4b55-b10d-b0047b2fb7db,perform drainage work,performance of drainage work,"moving or lifting materials, equipment, or supplies",moving and lifting,handling and moving,skills,False,False,False,False,5,84.0
esco_727,http://data.europa.eu/esco/skill/5b6abc4b-0cfe-4178-845d-479da3d2d699,pesticides,types of pesticides,chemistry,physical sciences,"natural sciences, mathematics and statistics",knowledge,False,False,False,False,1,100.0
esco_728,http://data.europa.eu/esco/skill/5b6fb4d6-582e-4187-9f17-f6e582f8714f,survey techniques,survey approaches,statistics,mathematics and statistics,"natural sciences, mathematics and statistics",knowledge,False,False,False,False,7,80.0
esco_729,http://data.europa.eu/esco/skill/5b71cb01-0f37-47e0-a617-abcf08c8aa64,interpret law,understand regulations,"advising on legal, regulatory or procedural matters",advising and consulting,"communication, collaboration and creativity",skills,False,False,False,False,17,81.17647058823529
esco_730,http://data.europa.eu/esco/skill/5b9cde20-f1b9-4adc-bfb3-dbf70b14138d,use object-oriented programming,,programming computer systems,programming computer systems,working with computers,skills,False,True,False,False,5,86.0
esco_731,http://data.europa.eu/esco/skill/5bac4bcc-1846-4688-ba02-ad2b51544282,develop inclusive communication material,ensure accessibility of communication material,"promoting products, services, or programs","promoting, selling and purchasing","communication, collaboration and creativity",skills,False,True,False,False,3,80.0
esco_732,http://data.europa.eu/esco/skill/5bda2af8-298a-476b-adcb-2bb95226de10,transcribe medical data,,entering and transforming information,processing information,information skills,skills,False,False,False,False,1,80.0
esco_733,http://data.europa.eu/esco/skill/5bf7f85a-b080-4b27-8ddc-9f62af4643f5,use power tools,power tool using,"use equipment, tools or technology with precision",manipulating and controlling objects and equipment,physical and manual skills and competences,transversal skills and competences,False,False,False,False,3,93.33333333333333
esco_734,http://data.europa.eu/esco/skill/5c003e77-867f-4213-b7e9-0a4671362646,government policy,governmental policy,political sciences and civics,social and behavioural sciences,"social sciences, journalism and information",knowledge,False,False,False,False,4,72.5
esco_735,http://data.europa.eu/esco/skill/5c3ab99d-a3f1-4620-9602-d12d2151a03d,"apply knowledge of science, technology and engineering",demonstrate technical abilities,applying general knowledge,life skills and competences,transversal skills and competences,,False,False,False,False,70,80.0
esco_736,http://data.europa.eu/esco/skill/5c526c52-4f0a-4647-8c51-c91568acebb1,process spatial information,,working with numbers and measures,core skills and competences,transversal skills and competences,,False,False,False,False,1,50.0
esco_737,http://data.europa.eu/esco/skill/5c606d18-6404-4047-b235-350f18e11827,contract law,contract law regulations,law,law,"business, administration and law",knowledge,False,False,False,False,38,80.0
esco_738,http://data.europa.eu/esco/skill/5c8aa481-9e7c-4f32-8197-a8b0fd7ca186,demonstrate functionality of software products,establish  functionality of software products,training on operational procedures,teaching and training,"communication, collaboration and creativity",skills,False,True,False,False,4,72.5
esco_739,http://data.europa.eu/esco/skill/5c966309-1cae-42ed-b29f-03c5ee1665dc,conduct extensive international travel,,work independently,working efficiently,self-management skills and competences,transversal skills and competences,False,False,False,False,2,80.0
esco_740,http://data.europa.eu/esco/skill/5c98825f-146d-4d35-97cf-207b2afd9ae2,create technical plans,,developing operational policies and procedures,developing objectives and strategies,management skills,skills,False,False,False,False,3,50.0
esco_741,http://data.europa.eu/esco/skill/5ca953f7-541d-4f67-bc55-7721348366cf,respect the diversity of cultural values and norms,show sensitivity towards different worldviews,applying civic skills and competences,life skills and competences,transversal skills and competences,,False,False,False,False,3,86.66666666666667
esco_742,http://data.europa.eu/esco/skill/5ce80f97-b385-4a41-9339-a6593d0709c1,perform video editing,,using digital tools for processing sound and images,"using digital tools for collaboration, content creation and problem solving",working with computers,skills,False,True,False,False,1,50.0
esco_743,http://data.europa.eu/esco/skill/5d099b8d-eae9-457f-a9ae-0fe5395ece05,adhere to standards of national and international safety programmes,,follow safety precautions in work practices,complying with health and safety procedures,protecting and enforcing,assisting and caring,False,False,False,False,1,80.0
esco_744,http://data.europa.eu/esco/skill/5d34adde-0b78-42b4-9d3d-69e9388d8398,oversee quality control,control quality control,manage quality,working efficiently,self-management skills and competences,transversal skills and competences,False,False,False,False,6,96.66666666666667
esco_745,http://data.europa.eu/esco/skill/5d5f0963-a8b7-4a4f-a8f5-05b3142752b9,risk modelling,,management and administration,business and administration,"business, administration and law",knowledge,False,False,False,False,1,50.0
esco_746,http://data.europa.eu/esco/skill/5d74614d-32c8-4ca4-9818-6980e52424b1,plan software testing,,planning production processes,"organising, planning and scheduling work and activities",management skills,skills,False,True,False,False,2,90.0
esco_747,http://data.europa.eu/esco/skill/5d7890d5-d229-4b79-a5da-6819e38a52b6,health records management,record keeping in a medical environment,secretarial and office work,business and administration,"business, administration and law",knowledge,False,False,False,False,5,80.0
esco_748,http://data.europa.eu/esco/skill/5d9e766b-8f17-4e17-bfab-3bb0e0719791,define quality standards,determine quality standards,manage quality,working efficiently,self-management skills and competences,transversal skills and competences,False,False,False,False,2,65.0
esco_749,http://data.europa.eu/esco/skill/5da73370-f6b9-417d-a94c-09bf01f84aa2,use access control software,define database user permissions,protecting ict devices,setting up and protecting computer systems,working with computers,skills,False,True,False,False,6,75.0
esco_750,http://data.europa.eu/esco/skill/5dc193da-e018-457a-b7b2-c8b315660e16,decide on insurance applications,,make decisions,taking a proactive approach,self-management skills and competences,transversal skills and competences,False,False,False,False,1,50.0
esco_751,http://data.europa.eu/esco/skill/5dd01a1e-7ba0-4b7f-a76c-ed811c12bfde,apply numeracy skills,employ numeracy skills,carry out calculations,working with numbers and measures,core skills and competences,transversal skills and competences,False,False,False,False,2,80.0
esco_752,http://data.europa.eu/esco/skill/5def6d00-daed-4d21-af9e-47938cf1877f,sustainable building design,,architecture and town planning,architecture and construction,"engineering, manufacturing and construction",knowledge,True,False,False,False,5,94.0
esco_753,http://data.europa.eu/esco/skill/5e50a0f1-4089-4df6-a15b-34b39d3aeab4,conduct performance measurement,conduct a performance measure,monitoring and evaluating the performance of individuals,supervising people,management skills,skills,False,False,False,False,14,82.14285714285714
esco_754,http://data.europa.eu/esco/skill/5e9add34-6725-4c70-9747-00a1d276b2d7,examine mortgage loan documents,,interpreting technical documentation and diagrams,"conducting studies, investigations and examinations",information skills,skills,False,False,False,False,1,80.0
esco_755,http://data.europa.eu/esco/skill/5e9de344-2bea-40dc-8410-f940121330e4,maintain relationships with government agencies,maintain working relationships with government agencies,developing professional relationships or networks,liaising and networking,"communication, collaboration and creativity",skills,False,False,False,False,5,88.0
esco_756,http://data.europa.eu/esco/skill/5e9e6dea-23d9-46ba-b8ea-749319b48994,chair a meeting,meeting chairing,presenting general information,presenting information,"communication, collaboration and creativity",skills,False,False,False,False,3,80.0
esco_757,http://data.europa.eu/esco/skill/5ef0c719-5bcb-49f8-b8eb-824388225333,use scripting programming,,programming computer systems,programming computer systems,working with computers,skills,False,True,False,False,15,90.66666666666667
esco_758,http://data.europa.eu/esco/skill/5f1d1319-7954-4a9b-90c7-57668e3a0d4b,interpret financial statements,review financial statements,analysing financial and economic data,analysing and evaluating information and data,information skills,skills,False,False,False,False,3,93.33333333333333
esco_759,http://data.europa.eu/esco/skill/5f2efbdf-08a2-49cd-9c06-bd284e4f0fbf,negotiate terms with suppliers,,negotiate supplier arrangements,negotiating and managing contracts and agreements,negotiating,"communication, collaboration and creativity",False,False,False,False,2,80.0
esco_760,http://data.europa.eu/esco/skill/5f302d63-048e-451c-b150-97c124a5a26b,analyse economic trends,analyze  economic trends,analysing financial and economic data,analysing and evaluating information and data,information skills,skills,False,False,False,False,4,57.5
esco_761,http://data.europa.eu/esco/skill/5f343989-4871-419a-9dca-52fc653dc54e,plan social service process,plan social service processes,manage time,working efficiently,self-management skills and competences,transversal skills and competences,False,False,False,False,1,80.0
esco_762,http://data.europa.eu/esco/skill/5f5e9350-1d13-4391-b9e1-07f6b2047fc5,e-learning,,education science,education,education,knowledge,False,True,False,False,1,80.0
esco_763,http://data.europa.eu/esco/skill/5f97fac8-2001-4b81-ae8b-22f9062d921a,identify hazards in the workplace,,follow safety precautions in work practices,complying with health and safety procedures,protecting and enforcing,assisting and caring,False,False,False,False,1,80.0
esco_764,http://data.europa.eu/esco/skill/5fc0d7d8-bb81-4c1e-b420-e0f1ef8c2743,set equipment controls,setting equipment controls,using digital tools to control machinery,using digital tools to control machinery,working with computers,skills,False,False,False,False,1,80.0
esco_765,http://data.europa.eu/esco/skill/5fe2e5e7-b8a2-4072-b527-f82f3169d989,facilitate official agreement,promote official agreement,mediating and resolving disputes,negotiating,"communication, collaboration and creativity",skills,False,False,False,False,2,65.0
esco_766,http://data.europa.eu/esco/skill/60097ce1-0f58-417b-b9c2-053d96300d49,conduct evaluation of quality standards,conducting a detailed evaluation of quality standards,attend to detail,working efficiently,self-management skills and competences,transversal skills and competences,False,False,False,False,1,50.0
esco_767,http://data.europa.eu/esco/skill/6014921e-1d25-4039-adc2-04852d61880e,ICT debugging tools,,software and applications development and analysis,information and communication technologies (icts),information and communication technologies (icts),knowledge,False,True,False,False,1,100.0
esco_768,http://data.europa.eu/esco/skill/60856bbb-e5db-4398-babb-300a24a7fe97,adult education,adult training,teacher training with subject specialisation,education,education,knowledge,False,False,False,False,3,93.33333333333333
esco_769,http://data.europa.eu/esco/skill/6094404d-fe9a-453f-8451-e1a63747f182,conduct fact finding,apply fact finding approaches,conducting academic or market research,"conducting studies, investigations and examinations",information skills,skills,False,False,False,False,3,86.66666666666667
esco_770,http://data.europa.eu/esco/skill/609a8ac1-9d29-4237-9886-596dbbe7ca8a,address an audience,deliver a speech,communicating,social and communication skills and competences,transversal skills and competences,,False,False,False,False,6,96.66666666666667
esco_771,http://data.europa.eu/esco/skill/60ab2bf7-c812-4a88-86c0-7c81a9b2f77c,carry out environmental audits,carrying out environmental audits,complying with environmental protection laws and standards,protecting and enforcing,assisting and caring,skills,True,False,False,False,4,80.0
esco_772,http://data.europa.eu/esco/skill/60b2dd49-c677-4f47-816e-aff3b577e113,provide health education,,training on health or medical topics,teaching and training,"communication, collaboration and creativity",skills,False,False,False,False,2,95.0
esco_773,http://data.europa.eu/esco/skill/60c78287-22eb-4103-9c8c-28deaa460da0,work in teams,team-working,collaborating in teams and networks,social and communication skills and competences,transversal skills and competences,,False,False,False,True,92,99.02173913043478
esco_774,http://data.europa.eu/esco/skill/60d48be0-4260-4b2e-85b9-aedff7a9b7d9,ICT capacity planning strategies,,management and administration,business and administration,"business, administration and law",knowledge,False,True,False,False,1,70.0
esco_775,http://data.europa.eu/esco/skill/60f51172-37c0-4933-a27a-cbf55dcd7580,prepare financial statements,,"preparing financial documents, records, reports, or budgets",documenting and recording information,information skills,skills,False,False,False,False,1,100.0
esco_776,http://data.europa.eu/esco/skill/6101480a-811d-46da-b4f6-fc0360826f22,manage bridge construction projects,project manage bridge construction,"directing, supervising and coordinating projects","organising, planning and scheduling work and activities",management skills,skills,False,False,False,False,2,90.0
esco_777,http://data.europa.eu/esco/skill/611ba695-37ca-4001-a79f-645215d324ea,provide emotional support to the bereaved,providing emotional support to the bereaved,show empathy,supporting others,social and communication skills and competences,transversal skills and competences,False,False,False,False,1,100.0
esco_778,http://data.europa.eu/esco/skill/611ed16b-99bf-4840-9cab-f55d1d286e0a,store digital data and systems,,"managing, gathering and storing digital data",accessing and analysing digital data,working with computers,skills,False,True,False,False,1,80.0
esco_779,http://data.europa.eu/esco/skill/6122d586-5978-431f-8e7a-96e61fc1f3fc,wear appropriate protective gear,,follow safety precautions in work practices,complying with health and safety procedures,protecting and enforcing,assisting and caring,False,False,False,False,4,72.5
esco_780,http://data.europa.eu/esco/skill/61268e22-9367-4c3b-91d9-b651e4c142e2,fire safety regulations,fire safety procedures,protection of persons and property,security services,services,knowledge,False,False,False,False,2,80.0
esco_781,http://data.europa.eu/esco/skill/614fdb7f-637f-4501-a80a-53c14a9804e5,materials engineering,materials science,building and civil engineering,architecture and construction,"engineering, manufacturing and construction",knowledge,False,False,False,False,1,50.0
esco_782,http://data.europa.eu/esco/skill/615cfc39-797f-4229-8e92-159fcf8f3030,building codes,construction codes,building and civil engineering,architecture and construction,"engineering, manufacturing and construction",knowledge,False,False,False,False,27,89.62962962962963
esco_783,http://data.europa.eu/esco/skill/6195c5f7-a4fb-425d-a3dd-c4467c4471a3,deploy cloud resource,,setting up computer systems,setting up and protecting computer systems,working with computers,skills,False,True,False,False,2,90.0
esco_784,http://data.europa.eu/esco/skill/61a3f3ea-d34c-478d-9b41-c8adb09e6631,identify suspicious behaviour,identify suspicious behavior,maintaining and enforcing physical security,protecting and enforcing,assisting and caring,skills,False,False,False,False,1,100.0
esco_785,http://data.europa.eu/esco/skill/61d9ad65-6a78-4c72-9824-aeca20d9a102,maintain machinery,,maintaining mechanical machinery,"installing, maintaining and repairing mechanical equipment",working with machinery and specialised equipment,skills,False,False,False,False,1,100.0
esco_786,http://data.europa.eu/esco/skill/623c75fa-f9f8-460c-b199-e17480687139,meet deadlines for preparing legal cases,,meet deadlines,manage time,working efficiently,self-management skills and competences,False,False,False,False,1,80.0
esco_787,http://data.europa.eu/esco/skill/624b124f-6d1d-4d50-b775-f7c81c4f0cb5,manage chemical processes inspection,overseeing chemical processes inspection,"monitoring, inspecting and testing","monitoring, inspecting and testing",information skills,skills,False,False,False,False,3,80.0
esco_788,http://data.europa.eu/esco/skill/624d9fff-370d-4001-9481-9c86129fd84f,provide self management support,assist with self management,providing support to resolve problems,counselling,assisting and caring,skills,False,False,False,False,1,50.0
esco_789,http://data.europa.eu/esco/skill/629685b8-5f9e-4522-8cff-b3e2c4ec625a,digital data processing,data processing,accessing and analysing digital data,accessing and analysing digital data,working with computers,skills,False,False,False,False,5,92.0
esco_790,http://data.europa.eu/esco/skill/629c9139-8a87-447b-8f61-bfe678cf3e7c,types of maritime vessels,kinds of maritime vessels,"motor vehicles, ships and aircraft",engineering and engineering trades,"engineering, manufacturing and construction",knowledge,False,False,False,False,1,50.0
esco_791,http://data.europa.eu/esco/skill/62d07a37-9c9b-40e8-b4e2-5020c7578e24,manage access programmes,supervise access programmes,developing operational policies and procedures,developing objectives and strategies,management skills,skills,False,False,False,False,1,50.0
esco_792,http://data.europa.eu/esco/skill/633a3637-2c6b-40ae-ac38-289eb2a62aa6,business analysis,analysis of businesses,management and administration,business and administration,"business, administration and law",knowledge,False,False,False,False,9,86.66666666666667
esco_793,http://data.europa.eu/esco/skill/6360a934-cc87-4954-9656-b32db20592e3,quantitative analysis,quantitative data analysis,"inter-disciplinary programmes and qualifications involving social sciences, journalism and information","inter-disciplinary programmes and qualifications involving social sciences, journalism and information","social sciences, journalism and information",knowledge,False,True,False,False,42,91.42857142857143
esco_794,http://data.europa.eu/esco/skill/637ca2e2-0624-48b1-be6e-9ff4580344ac,proofread text,,technical or academic writing,writing and composing,"communication, collaboration and creativity",skills,False,False,False,False,8,97.5
esco_795,http://data.europa.eu/esco/skill/63b23e76-63cd-44e9-9685-173842d8b691,ensure health and safety of customers,,complying with health and safety procedures,protecting and enforcing,assisting and caring,skills,False,False,False,False,1,80.0
esco_796,http://data.europa.eu/esco/skill/63dd281f-f980-4c0f-b0fc-eb13a679ae90,remove snow,removing snow,cleaning outdoor spaces,cleaning,handling and moving,skills,False,False,False,False,1,100.0
esco_797,http://data.europa.eu/esco/skill/641bc86f-42ca-44e9-af8b-4f9e1f284e41,virology,viral diseases,medicine,health,health and welfare,knowledge,False,False,False,False,1,50.0
esco_798,http://data.europa.eu/esco/skill/6430eb0d-c6de-46b7-a7fc-3dd2e8e62a69,use ICT ticketing system,,use ICT systems,accessing and analysing digital data,accessing and analysing digital data,working with computers,False,True,False,False,2,90.0
esco_799,http://data.europa.eu/esco/skill/6451e645-67b5-4cc7-aafd-fab19629fa82,archive documentation related to work,record documentation related to the work,managing information,managing information,information skills,skills,False,False,False,False,1,80.0
esco_800,http://data.europa.eu/esco/skill/6468e5fb-f3be-4025-87be-4b6556755c61,programmable logic controller,logic controller that is programmable,electronics and automation,engineering and engineering trades,"engineering, manufacturing and construction",knowledge,False,True,False,False,3,100.0
esco_801,http://data.europa.eu/esco/skill/646d871b-4503-4dc8-a076-06d7085e4cde,promote human rights,,promote the principles of democracy and rule of law,applying civic skills and competences,life skills and competences,transversal skills and competences,False,False,False,False,1,80.0
esco_802,http://data.europa.eu/esco/skill/64852ade-6ae1-4760-ba4a-976bf07ca255,manage disaster recovery plans,,developing contingency and emergency response plans,developing objectives and strategies,management skills,skills,False,True,False,False,3,93.33333333333333
esco_803,http://data.europa.eu/esco/skill/648782e0-b5e5-4e59-bed0-627aa8ac29f0,maintain records of financial transactions,,"preparing financial documents, records, reports, or budgets",documenting and recording information,information skills,skills,False,False,False,False,1,100.0
esco_804,http://data.europa.eu/esco/skill/649b00ec-a70d-4b3a-ae2e-5662964b0fb8,plan maintenance activities,,planning production processes,"organising, planning and scheduling work and activities",management skills,skills,False,False,False,False,1,80.0
esco_805,http://data.europa.eu/esco/skill/64aeee4d-3791-4448-8ed8-9b49ad04f2fb,translating and interpreting,,using more than one language,"communication, collaboration and creativity",skills,,False,False,False,False,1,80.0
esco_806,http://data.europa.eu/esco/skill/65155435-1c5b-41ee-8812-e0b9b03ae480,carry out repair of vehicles,carry out a repair of vehicles,repairing and installing mechanical equipment,"installing, maintaining and repairing mechanical equipment",working with machinery and specialised equipment,skills,False,False,False,False,2,100.0
esco_807,http://data.europa.eu/esco/skill/651675ef-d203-4ba9-bde0-c4fb8a2f3ef3,read technical datasheet,,interpreting technical documentation and diagrams,"conducting studies, investigations and examinations",information skills,skills,False,False,False,False,1,100.0
esco_808,http://data.europa.eu/esco/skill/652da95d-b336-497a-bce5-1c29a674eecb,communicate technicalities with clients,,apply technical communication skills,presenting research or technical information,presenting information,"communication, collaboration and creativity",False,False,False,False,1,70.0
esco_809,http://data.europa.eu/esco/skill/6532ef3b-1685-4de7-a858-d31fdaa435ca,calibrate precision instrument,,using precision measuring equipment,using precision instrumentation and equipment,working with machinery and specialised equipment,skills,False,False,False,False,1,80.0
esco_810,http://data.europa.eu/esco/skill/6556cbf1-d5c0-4f53-89a9-8707066069a6,evaluate budgets,,managing budgets or finances,allocating and controlling resources,management skills,skills,False,False,False,False,1,100.0
esco_811,http://data.europa.eu/esco/skill/65715f7a-c791-416b-b88a-2933a1c81647,recruit personnel,hire personnel,manage staff,lead others,leading others,social and communication skills and competences,False,False,False,False,1,80.0
esco_812,http://data.europa.eu/esco/skill/65825c90-dd02-4533-8192-9195c18e1676,test pharmaceutical process,using validation engineering,monitoring quality of products,"monitoring, inspecting and testing",information skills,skills,False,False,False,False,1,50.0
esco_813,http://data.europa.eu/esco/skill/658605f2-1c95-49f0-bd98-0af7b15ad0b0,entrepreneurship,business initiative,management and administration,business and administration,"business, administration and law",knowledge,False,False,False,False,2,80.0
esco_814,http://data.europa.eu/esco/skill/659c7091-6ab1-4567-b6f7-4f968e0213e3,ensure quality of legislation,,manage quality,working efficiently,self-management skills and competences,transversal skills and competences,False,False,False,False,1,50.0
esco_815,http://data.europa.eu/esco/skill/65acff5a-8b3b-4385-a70b-713873657ba5,inform on water supply,informing on water supply,report facts,communicating,social and communication skills and competences,transversal skills and competences,False,False,False,False,16,51.875
esco_816,http://data.europa.eu/esco/skill/65ca5e3c-940c-46b2-b277-aff394cfdd4c,establish daily priorities,establishing daily priorities,manage time,working efficiently,self-management skills and competences,transversal skills and competences,False,False,False,False,8,81.25
esco_817,http://data.europa.eu/esco/skill/65e58886-bd1e-4c5b-8ca5-8d9b353c8aa1,data visualisation software,,database and network design and administration,information and communication technologies (icts),information and communication technologies (icts),knowledge,False,True,False,False,21,88.0952380952381
esco_818,http://data.europa.eu/esco/skill/6633d687-cb8d-4743-a69c-cfb963fe4f4c,fire protection engineering,engineering fire protection,protection of persons and property,security services,services,knowledge,False,False,False,False,1,80.0
esco_819,http://data.europa.eu/esco/skill/663d82aa-4c0d-46bc-90f5-03770f068bb1,driving vehicles,,working with machinery and specialised equipment,skills,,,False,False,False,False,2,100.0
esco_820,http://data.europa.eu/esco/skill/669b75d8-671c-4a1c-8e0b-6466c513c27d,show confidence,confidence showing,maintaining a positive attitude,self-management skills and competences,transversal skills and competences,,False,False,False,False,4,80.0
esco_821,http://data.europa.eu/esco/skill/66aad490-1c20-4e25-b189-634a218ee53e,legal case management,judicial case administration,law,law,"business, administration and law",knowledge,False,False,False,False,9,73.33333333333333
esco_822,http://data.europa.eu/esco/skill/66baba7d-178e-4c51-935f-03a9049ff2f6,communicate with banking professionals,communicate with bankers,communicating with colleagues and clients,liaising and networking,"communication, collaboration and creativity",skills,False,False,False,False,1,80.0
esco_823,http://data.europa.eu/esco/skill/66c6e88c-7681-4445-8024-e30d11630c33,enable audience participation,encourage audience participation,interact with an audience,performing artistic or cultural activities,performing and entertaining,"communication, collaboration and creativity",False,False,False,False,1,90.0
esco_824,http://data.europa.eu/esco/skill/66d47084-9437-48b2-819b-c4c8214ed650,interview people,interview individuals,use questioning techniques,listening and asking questions,obtaining information verbally,"communication, collaboration and creativity",False,False,False,False,7,100.0
esco_825,http://data.europa.eu/esco/skill/66ea3249-a079-45ad-b4f2-e6a79b59f10f,personal protective equipment,,occupational health and safety,hygiene and occupational health services,services,knowledge,False,False,False,False,3,93.33333333333333
esco_826,http://data.europa.eu/esco/skill/66fdc34c-2326-4baa-b8ff-7a1d1015fe3a,planning and organising,,thinking skills and competences,transversal skills and competences,,,False,False,False,False,23,91.73913043478261
esco_827,http://data.europa.eu/esco/skill/6709e92c-7546-46a4-aa57-5e951bd4cb0f,building automation,,electronics and automation,engineering and engineering trades,"engineering, manufacturing and construction",knowledge,False,True,False,False,1,100.0
esco_828,http://data.europa.eu/esco/skill/670c79e9-aa33-41ae-9858-573ade0adb89,interview focus groups,focus groups,use questioning techniques,listening and asking questions,obtaining information verbally,"communication, collaboration and creativity",False,False,False,False,1,100.0
esco_829,http://data.europa.eu/esco/skill/6742977a-aa00-4c8c-9861-898b0373907e,advise on sustainable management policies,,advising on environmental issues,advising and consulting,"communication, collaboration and creativity",skills,True,False,False,False,3,70.0
esco_830,http://data.europa.eu/esco/skill/6766e2e3-425b-4c6b-963d-82f9b2846e21,manage licensee portofolio,manage a licensee portfolio,managing information,managing information,information skills,skills,False,False,False,False,1,50.0
esco_831,http://data.europa.eu/esco/skill/67785eab-0818-41f9-9756-a8e0a215b95b,surveying methods,,architecture and town planning,architecture and construction,"engineering, manufacturing and construction",knowledge,False,False,False,False,1,80.0
esco_832,http://data.europa.eu/esco/skill/6789d5a3-34ca-4417-bb93-331319b01da3,draft tender documentation,draft tender paperwork,"preparing documentation for contracts, applications, or permits",documenting and recording information,information skills,skills,False,False,False,False,3,80.0
esco_833,http://data.europa.eu/esco/skill/67bdd7f8-761e-4cb5-a561-be8e268a4f0a,hydrology,hydrology studies,earth sciences,physical sciences,"natural sciences, mathematics and statistics",knowledge,False,False,False,False,10,96.0
esco_834,http://data.europa.eu/esco/skill/68162174-68c3-4601-840b-5e63c2dd7481,diagnose defective engines,,testing vehicles,"monitoring, inspecting and testing",information skills,skills,False,False,False,False,1,100.0
esco_835,http://data.europa.eu/esco/skill/682bb7ca-dbe9-4c33-9c7a-1ae56e28516e,"loading and unloading goods and, materials",,moving and lifting,handling and moving,skills,,False,False,False,False,1,80.0
esco_836,http://data.europa.eu/esco/skill/6833e58b-eceb-4599-9375-1b7e6ec64087,ensure information security,assure information security,protecting privacy and personal data,protecting and enforcing,assisting and caring,skills,False,False,False,False,13,73.07692307692308
esco_837,http://data.europa.eu/esco/skill/68949f17-32a2-469e-b874-2fe7ac1cef34,write technical reports related to trees,draft technical reports related to trees,report facts,communicating,social and communication skills and competences,transversal skills and competences,False,False,False,False,1,80.0
esco_838,http://data.europa.eu/esco/skill/68a596a2-6255-42bd-b3b1-e33a2214bef6,facilitate the bidding process,help the bidding process,selling products or services,"promoting, selling and purchasing","communication, collaboration and creativity",skills,False,False,False,False,1,50.0
esco_839,http://data.europa.eu/esco/skill/68bb49f4-59b7-489e-8903-4aea01fb5fc3,operate boiler,boilers tending,operating energy production or distribution equipment,operating machinery for the extraction and processing of raw materials,working with machinery and specialised equipment,skills,False,False,False,False,3,93.33333333333333
esco_840,http://data.europa.eu/esco/skill/68d5d7e2-1e9e-4b2b-bce9-ff6c687e4f45,develop sewerage networks,developing sewerage networks,designing structures or facilities,designing systems and products,"communication, collaboration and creativity",skills,False,False,False,False,17,80.0
esco_841,http://data.europa.eu/esco/skill/68e66ed6-a171-4350-8ec1-2cfc4cae50e4,hydraulics,principles of hydraulics,mechanics and metal trades,engineering and engineering trades,"engineering, manufacturing and construction",knowledge,False,False,False,False,18,91.11111111111111
esco_842,http://data.europa.eu/esco/skill/68ef0e4d-5542-4e64-84f4-752cce5a3c22,statistical modeling techniques,statistical modeling,statistics,mathematics and statistics,"natural sciences, mathematics and statistics",knowledge,False,False,False,False,3,86.66666666666667
esco_843,http://data.europa.eu/esco/skill/695c3249-18e7-4435-bdb8-54a16011159d,develop documentation in accordance with legal requirements,,technical or academic writing,writing and composing,"communication, collaboration and creativity",skills,False,False,False,False,5,68.0
esco_844,http://data.europa.eu/esco/skill/696e3b5b-8b61-45af-ae4c-3ab700f197ec,information extraction,,database and network design and administration,information and communication technologies (icts),information and communication technologies (icts),knowledge,False,True,False,False,9,74.44444444444444
esco_845,http://data.europa.eu/esco/skill/696e604d-53d2-4243-a6cb-a99663caa119,monitor social impact,,apply knowledge of social sciences and humanities,applying general knowledge,life skills and competences,transversal skills and competences,False,False,False,False,1,80.0
esco_846,http://data.europa.eu/esco/skill/698ff0a8-5811-4035-8064-1a96240fa190,read water meter,,using precision measuring equipment,using precision instrumentation and equipment,working with machinery and specialised equipment,skills,False,False,False,False,1,100.0
esco_847,http://data.europa.eu/esco/skill/69bbd53f-fbb0-4476-b4b2-ef7844464e28,web programming,,software and applications development and analysis,information and communication technologies (icts),information and communication technologies (icts),knowledge,False,True,False,False,5,68.0
esco_848,http://data.europa.eu/esco/skill/69bece91-c806-42ad-bde4-db28c7f8fc4b,mechanical systems,systems that are mechanical,mechanics and metal trades,engineering and engineering trades,"engineering, manufacturing and construction",knowledge,False,False,False,False,4,90.0
esco_849,http://data.europa.eu/esco/skill/69f23426-9279-4fe6-a283-24c2aa4c855d,ensure equipment availability,,allocating and controlling physical resources,allocating and controlling resources,management skills,skills,False,False,False,False,2,50.0
esco_850,http://data.europa.eu/esco/skill/6a0aab53-6246-41e8-a910-e7a13f314860,test pipeline infrastructure operations,assess pipeline infrastructure operations,perform pipeline routing studies,perform follow-up on pipeline route services,directing operational activities,"organising, planning and scheduling work and activities",False,False,False,False,1,70.0
esco_851,http://data.europa.eu/esco/skill/6a322874-e32f-4cd8-9683-badce67a7f73,develop automated software tests,,plan software testing,planning production processes,"organising, planning and scheduling work and activities",management skills,False,True,False,False,2,90.0
esco_852,http://data.europa.eu/esco/skill/6a536b36-c5c7-4d10-bf67-a4fb0f8549b2,audit techniques,,accounting and taxation,business and administration,"business, administration and law",knowledge,False,True,False,False,6,70.0
esco_853,http://data.europa.eu/esco/skill/6a609f8f-1451-4102-ad2d-62c5270e1237,office administration,office management,secretarial and office work,business and administration,"business, administration and law",knowledge,False,False,False,False,3,100.0
esco_854,http://data.europa.eu/esco/skill/6a66039e-0580-473b-a605-eedfdab85a2d,educate on emergency management,instruct on emergency management,instruct others,supporting others,social and communication skills and competences,transversal skills and competences,False,False,False,False,3,73.33333333333333
esco_855,http://data.europa.eu/esco/skill/6a7fc30d-af16-4cc5-a957-29d174bdb61c,"managing, gathering and storing digital data",,accessing and analysing digital data,working with computers,skills,,False,False,False,False,7,90.0
esco_856,http://data.europa.eu/esco/skill/6a876489-7ad8-4a13-b09c-c9b8e97a302e,Waterfall development,,software and applications development and analysis,information and communication technologies (icts),information and communication technologies (icts),knowledge,False,True,False,False,4,100.0
esco_857,http://data.europa.eu/esco/skill/6b2bc23e-67e1-4587-9dfb-a09af24aeafa,defend human rights,ensure human rights,advocating for individual or community needs,liaising and networking,"communication, collaboration and creativity",skills,False,False,False,False,1,80.0
esco_858,http://data.europa.eu/esco/skill/6b2f8802-0cbf-436e-a37f-ca55ede41bbc,operate digital hardware,carry out practical tasks with smart devices,working with digital devices and applications,core skills and competences,transversal skills and competences,,False,True,False,False,4,80.0
esco_859,http://data.europa.eu/esco/skill/6b305973-8993-475f-bd8a-daf037c61401,"organise information, objects and resources",have organisational skills,planning and organising,thinking skills and competences,transversal skills and competences,,False,False,False,False,174,96.95402298850574
esco_860,http://data.europa.eu/esco/skill/6b30644d-bdc5-4bca-b1af-edbf5c6b15ee,process collected survey data,analysis of survey data,entering and transforming information,processing information,information skills,skills,False,True,False,False,2,90.0
esco_861,http://data.europa.eu/esco/skill/6b643893-0a1f-4f6c-83a1-e7eef75849b9,develop with cloud services,,programming computer systems,programming computer systems,working with computers,skills,False,True,False,False,6,60.0
esco_862,http://data.europa.eu/esco/skill/6bf6b5bd-6658-4338-b0ee-dc143e68e6d3,provide support in financial calculation,assist in financial calculation,performing calculations,calculating and estimating,information skills,skills,False,False,False,False,1,80.0
esco_863,http://data.europa.eu/esco/skill/6c06c0f6-3510-4ef3-ab51-b0bec7f209ba,make abstracts,abstracts,technical or academic writing,writing and composing,"communication, collaboration and creativity",skills,False,False,False,False,2,50.0
esco_864,http://data.europa.eu/esco/skill/6c08403c-a5bb-4868-b8c2-b7d039c0e511,design database scheme,,manage database,managing information,managing information,information skills,False,True,False,False,9,83.33333333333333
esco_865,http://data.europa.eu/esco/skill/6c190890-d5ab-46ab-915b-04e995dc0d76,building construction principles,building construction theories,building and civil engineering,architecture and construction,"engineering, manufacturing and construction",knowledge,False,False,False,False,3,70.0
esco_866,http://data.europa.eu/esco/skill/6c3e28d6-e3cc-4b25-a5da-a0dce043cf17,manage information in health care,deal with information in health care,managing information,managing information,information skills,skills,False,False,False,False,1,50.0
esco_867,http://data.europa.eu/esco/skill/6c870993-9341-438b-91c0-c7fe4f96d8f5,apply strategic thinking,think strategically,developing objectives and strategies,developing objectives and strategies,management skills,skills,False,False,False,False,30,96.66666666666667
esco_868,http://data.europa.eu/esco/skill/6c8ed0d1-4fc9-41a6-9587-6dbc82cabfc3,collection management,,"library, information and archival studies",journalism and information,"social sciences, journalism and information",knowledge,False,False,False,False,1,50.0
esco_869,http://data.europa.eu/esco/skill/6cb9c23b-e3bc-4917-b588-26c4cef9d920,maintenance operations,maintenance and repair,"engineering, manufacturing and construction not elsewhere classified","engineering, manufacturing and construction not elsewhere classified","engineering, manufacturing and construction",knowledge,False,False,False,False,20,83.5
esco_870,http://data.europa.eu/esco/skill/6cf8c56c-4db6-4f6b-88b6-331f9902acea,label blood samples,label blood specimins,label medical laboratory samples,label samples,prepare chemical samples,collecting and preparing specimens or materials for testing,False,False,False,False,1,100.0
esco_871,http://data.europa.eu/esco/skill/6d23d9b2-3eb0-454b-bb1a-bb5b277c98b5,promote health in specialised care,promote health in specialized care,developing health programmes,developing objectives and strategies,management skills,skills,False,False,False,False,1,80.0
esco_872,http://data.europa.eu/esco/skill/6d3edede-8951-4621-a835-e04323300fa0,English,competent in English,languages,language skills and knowledge,,,False,False,True,False,20,89.0
esco_873,http://data.europa.eu/esco/skill/6dc2dfac-3e21-44dd-a71c-9a1c8fe2514c,make independent operating decisions,independent making of decisions,make decisions,taking a proactive approach,self-management skills and competences,transversal skills and competences,False,False,False,False,13,93.07692307692308
esco_874,http://data.europa.eu/esco/skill/6dd4ce8c-1813-429d-9f06-3382c4833ca3,assess procurement needs,evaluate procurement needs,perform resource planning,estimating resource needs,calculating and estimating,information skills,False,False,False,False,3,60.0
esco_875,http://data.europa.eu/esco/skill/6e4f75b4-c60f-4623-a9ba-760c8245753b,ICT communications protocols,IT communications protocols,electronics and automation,engineering and engineering trades,"engineering, manufacturing and construction",knowledge,False,True,False,False,9,87.77777777777777
esco_876,http://data.europa.eu/esco/skill/6e5b66f0-ff0b-4d18-bce5-ffcd2e7de127,analyse legislation,analyze  legislation,analysing and evaluating information and data,analysing and evaluating information and data,information skills,skills,False,False,False,False,11,90.9090909090909
esco_877,http://data.europa.eu/esco/skill/6e62e776-fbfa-486c-a6df-58cd239c86fe,technical or academic writing,,writing and composing,"communication, collaboration and creativity",skills,,False,False,False,False,10,98.0
esco_878,http://data.europa.eu/esco/skill/6eaeea3a-f100-43e4-b694-16a4dc5a79e1,formulate findings,formulate conclusions,analysing and evaluating information and data,analysing and evaluating information and data,information skills,skills,False,False,False,False,2,80.0
esco_879,http://data.europa.eu/esco/skill/6ee936b0-4e0c-4e04-97c7-1f4ee9230d67,developing objectives and strategies,,developing objectives and strategies,management skills,skills,,False,False,False,False,10,82.0
esco_880,http://data.europa.eu/esco/skill/6efef9df-ac86-45ca-8b1b-a8178ef17b5c,solve location and navigation problems by using GPS tools,use GPS tools,operating communications equipment,using precision instrumentation and equipment,working with machinery and specialised equipment,skills,False,True,False,False,1,80.0
esco_881,http://data.europa.eu/esco/skill/6eff134b-e34f-4d6e-a6e8-5e47cf2228d0,risk management,risk assessment,management and administration,business and administration,"business, administration and law",knowledge,False,False,False,False,19,94.21052631578948
esco_882,http://data.europa.eu/esco/skill/6f142deb-03a9-4cd7-94ce-e0f023ae2169,communicating,,social and communication skills and competences,transversal skills and competences,,,False,False,False,False,89,99.10112359550561
esco_883,http://data.europa.eu/esco/skill/6f1edc19-191f-4ba5-a048-ee69aff05bab,security engineering,security management,engineering and engineering trades not elsewhere classified,engineering and engineering trades,"engineering, manufacturing and construction",knowledge,False,False,False,False,8,81.25
esco_884,http://data.europa.eu/esco/skill/6f2721bf-40ad-4f5d-8774-a478d1d6f5a6,work in shifts,,working in teams,working with others,"communication, collaboration and creativity",skills,False,False,False,False,1,100.0
esco_885,http://data.europa.eu/esco/skill/6f30181d-65b5-4527-b36e-a686d47fed84,bicycle sharing systems,bike sharing,transport services,transport services,services,knowledge,True,False,False,False,9,84.44444444444444
esco_886,http://data.europa.eu/esco/skill/6f571969-3640-4774-a9bc-fd2ef583fdec,apply safety procedures in laboratory,make sure laboratory safety procedures are applied,follow safety precautions in work practices,complying with health and safety procedures,protecting and enforcing,assisting and caring,False,False,False,False,2,90.0
esco_887,http://data.europa.eu/esco/skill/6f5850ea-5785-4e2c-b062-743066fd5bdb,environmental legislation,environmental regulations,law,law,"business, administration and law",knowledge,True,False,False,False,18,93.33333333333333
esco_888,http://data.europa.eu/esco/skill/6f6163dc-a801-416c-86e9-ce857d71c24d,real estate market,real property market,wholesale and retail sales,business and administration,"business, administration and law",knowledge,False,False,False,False,7,71.42857142857143
esco_889,http://data.europa.eu/esco/skill/6f7512ab-d46d-402a-8c30-a8878d7c1f88,SQL Server Integration Services,Microsoft SSIS,database and network design and administration,information and communication technologies (icts),information and communication technologies (icts),knowledge,False,True,False,False,11,98.18181818181819
esco_890,http://data.europa.eu/esco/skill/6f89dcbe-4315-4533-8801-3aadf9190b86,developing objectives and strategies,,management skills,skills,,,False,False,False,False,6,85.0
esco_891,http://data.europa.eu/esco/skill/6f8a40d6-f9ce-43ec-a72f-d4213a53f3ed,Ansible,,software and applications development and analysis,information and communication technologies (icts),information and communication technologies (icts),knowledge,False,True,False,False,1,100.0
esco_892,http://data.europa.eu/esco/skill/6fa1c2c0-a012-4ca0-9642-e01569ba322c,ICT system integration,system integration,database and network design and administration,information and communication technologies (icts),information and communication technologies (icts),knowledge,False,True,False,False,12,83.33333333333333
esco_893,http://data.europa.eu/esco/skill/6fcf2fc7-7b74-42e5-845f-f5854fd44f37,ensure correct goods labelling,establish correct goods labelling,"monitoring, inspecting and testing","monitoring, inspecting and testing",information skills,skills,True,False,False,False,3,80.0
esco_894,http://data.europa.eu/esco/skill/6fef6942-06b4-4808-aa9d-99afcfde5089,consult with industry professionals,consulting with industry professionals,collaborating and liaising,liaising and networking,"communication, collaboration and creativity",skills,False,False,False,False,4,80.0
esco_895,http://data.europa.eu/esco/skill/6ff01827-907d-43d8-b6e4-7162c1cf0aca,clean surfaces,clean floors,cleaning interior and exterior of buildings,cleaning,handling and moving,skills,False,False,False,False,1,80.0
esco_896,http://data.europa.eu/esco/skill/7032c696-4cd3-41f7-84ae-1d9c5c18baaa,communicable diseases,communicable illnesses,medicine,health,health and welfare,knowledge,False,False,False,False,4,65.0
esco_897,http://data.europa.eu/esco/skill/704fda1b-cd0a-40fe-99fc-0a24250a2010,deal with public,dealing with the public,providing information and support to the public and clients,providing information and support to the public and clients,assisting and caring,skills,False,False,False,False,6,93.33333333333333
esco_898,http://data.europa.eu/esco/skill/7053c54a-994e-4b87-865d-a520b5c401c7,establish relationship with the media,develop a relationship with the media,developing professional relationships or networks,liaising and networking,"communication, collaboration and creativity",skills,False,False,False,False,3,86.66666666666667
esco_899,http://data.europa.eu/esco/skill/7077b2af-9169-4499-bccb-1b4f96364163,metalworking,metal working,mechanics and metal trades,engineering and engineering trades,"engineering, manufacturing and construction",knowledge,False,False,False,False,3,93.33333333333333
esco_900,http://data.europa.eu/esco/skill/709ef32a-7435-48e2-8fa2-16e389ecab8a,Cisco,,software and applications development and analysis,information and communication technologies (icts),information and communication technologies (icts),knowledge,False,True,False,False,1,100.0
esco_901,http://data.europa.eu/esco/skill/710c37e5-a6df-4755-9482-2e87db91f593,ensure vehicle operability,ensure maintenance of vehicle,driving light vehicles,driving vehicles,working with machinery and specialised equipment,skills,False,False,False,False,1,50.0
esco_902,http://data.europa.eu/esco/skill/7110bf9f-b245-4adc-9159-5081013fd64d,communicate in healthcare,communicate effectively in healthcare,communicating with colleagues and clients,liaising and networking,"communication, collaboration and creativity",skills,False,False,False,False,2,90.0
esco_903,http://data.europa.eu/esco/skill/7111b95d-0ce3-441a-9d92-4c75d05c4388,project management,managing of projects,management and administration,business and administration,"business, administration and law",knowledge,False,False,False,False,276,92.5
esco_904,http://data.europa.eu/esco/skill/713fb616-118e-40bc-9366-4a69879a49d5,implement data quality processes,verify data,"managing, gathering and storing digital data",accessing and analysing digital data,working with computers,skills,False,True,False,False,17,83.52941176470588
esco_905,http://data.europa.eu/esco/skill/71480db1-a706-47f9-952f-bdc5036e3df3,coordinate care,coordinate care service,planning events and programmes,"organising, planning and scheduling work and activities",management skills,skills,False,False,False,False,5,86.0
esco_906,http://data.europa.eu/esco/skill/714eebcb-569a-4f1b-b592-28f70b59a9ba,develop staff,developing staff,leading and motivating,leading and motivating,management skills,skills,False,False,False,False,3,93.33333333333333
esco_907,http://data.europa.eu/esco/skill/7159e587-c7cb-4ec0-a662-03e1dee2cccb,research design,research design methods,conducting academic or market research,"conducting studies, investigations and examinations",information skills,skills,False,False,False,False,6,83.33333333333333
esco_908,http://data.europa.eu/esco/skill/71717c33-dd63-4acf-b052-a5fd5d9fc490,ensure information privacy,,protect personal data and privacy,ICT safety,protecting ict devices,setting up and protecting computer systems,False,False,False,False,1,80.0
esco_909,http://data.europa.eu/esco/skill/719d8699-a221-4b5a-8fc3-68a8645cbe03,adobe creative suite,,software and applications development and analysis,information and communication technologies (icts),information and communication technologies (icts),knowledge,False,True,False,False,28,93.92857142857143
esco_910,http://data.europa.eu/esco/skill/71c2f41e-14de-4b23-82ad-5dbcd54ba5b0,deploy ICT systems,deploy system,use ICT systems,accessing and analysing digital data,accessing and analysing digital data,working with computers,False,True,False,False,1,50.0
esco_911,http://data.europa.eu/esco/skill/71dde84c-0058-4c52-a556-523369333db8,use office systems,,performing general clerical and administrative tasks,performing administrative activities,management skills,skills,False,False,False,False,11,80.9090909090909
esco_912,http://data.europa.eu/esco/skill/71f81e1a-e2ca-48d6-b7b8-7a34c56c51f8,transmission technology,types of transmission technology,database and network design and administration,information and communication technologies (icts),information and communication technologies (icts),knowledge,False,True,False,False,2,80.0
esco_913,http://data.europa.eu/esco/skill/7229b6dc-e2ef-44fe-b9a1-06b1c1075d8f,automatic control system,automated control system,computer use,information and communication technologies (icts),information and communication technologies (icts),knowledge,False,True,False,False,1,80.0
esco_914,http://data.europa.eu/esco/skill/7253d98c-4a6d-4e37-8b6c-accca9f4b639,develop ICT test suite,design software testing,plan software testing,planning production processes,"organising, planning and scheduling work and activities",management skills,False,True,False,False,1,100.0
esco_915,http://data.europa.eu/esco/skill/726abd5a-d23c-44b9-abb0-f22bbe95f1d3,operational research,operations analysis,business and administration not elsewhere classified,business and administration,"business, administration and law",knowledge,False,False,False,False,4,85.0
esco_916,http://data.europa.eu/esco/skill/72836f47-cf5c-48e1-a82b-1cf6e4e0f623,protect employee rights,look after employee interests and working conditions,advocating for individual or community needs,liaising and networking,"communication, collaboration and creativity",skills,False,False,False,False,1,80.0
esco_917,http://data.europa.eu/esco/skill/72a74f69-5cf1-43c5-99b9-62a444578919,engineering processes,,mechanics and metal trades,engineering and engineering trades,"engineering, manufacturing and construction",knowledge,False,False,False,False,4,65.0
esco_918,http://data.europa.eu/esco/skill/72e88c2d-855d-4dbd-b06c-0e1ca748be5e,calculate design costs,estimate project costs,estimating resource needs,calculating and estimating,information skills,skills,False,False,False,False,2,80.0
esco_919,http://data.europa.eu/esco/skill/732cb4dd-af91-4c88-9a9f-5fc62144e500,provide information,providing information,report facts,communicating,social and communication skills and competences,transversal skills and competences,False,False,False,False,2,75.0
esco_920,http://data.europa.eu/esco/skill/734d2bf1-c905-46ff-8dba-91a113872033,nuclear legislation,regulations concerning nuclear industry,law,law,"business, administration and law",knowledge,False,False,False,False,1,80.0
esco_921,http://data.europa.eu/esco/skill/7364cc39-b9c0-449f-9416-57723e2fd9c4,use methodologies for user-centered design,utilise user-centered design methodologies,"designing industrial materials, systems or products",designing systems and products,"communication, collaboration and creativity",skills,False,False,False,False,3,100.0
esco_922,http://data.europa.eu/esco/skill/7369f779-4b71-4aab-8836-48b69c676eec,operate relational database management system,,"managing, gathering and storing digital data",accessing and analysing digital data,working with computers,skills,False,True,False,False,7,84.28571428571429
esco_923,http://data.europa.eu/esco/skill/736ef286-fbd3-4e5c-a4b4-d1e2008c9898,plan digital marketing,develop digital marketing strategies,"developing financial, business or marketing plans",developing objectives and strategies,management skills,skills,False,True,False,False,1,80.0
esco_924,http://data.europa.eu/esco/skill/7373abdb-ee5a-4949-b4ae-dee60ab37914,use communication equipment,,operating communications equipment,using precision instrumentation and equipment,working with machinery and specialised equipment,skills,False,True,False,False,1,50.0
esco_925,http://data.europa.eu/esco/skill/7378b8c3-3b62-46de-9d67-1c9528954615,adapt to type of media,adapt to media type,presenting general information,presenting information,"communication, collaboration and creativity",skills,False,False,False,False,2,50.0
esco_926,http://data.europa.eu/esco/skill/739194a6-407a-40e9-b8bf-2e9934b77632,assist police investigations,help police investigations,"advising on legal, regulatory or procedural matters",advising and consulting,"communication, collaboration and creativity",skills,False,False,False,False,2,80.0
esco_927,http://data.europa.eu/esco/skill/73aeff8a-28d9-46ca-9920-a9f37ce074fe,transcription methods,transcription practices,literature and linguistics,languages,arts and humanities,knowledge,False,False,False,False,1,50.0
esco_928,http://data.europa.eu/esco/skill/73b87890-d2ec-4842-b824-b4851ff12051,coordinate public-private partnerships in tourism,manage public private partnerships in tourism sector,collaborating and liaising,liaising and networking,"communication, collaboration and creativity",skills,False,False,False,False,1,80.0
esco_929,http://data.europa.eu/esco/skill/73dba04a-7c18-439f-8757-b5f60532ba74,recruiting and hiring,,management skills,skills,,,False,False,False,False,1,80.0
esco_930,http://data.europa.eu/esco/skill/73de691d-d112-444b-a99f-606888fa9414,transportation methods,,transport services,transport services,services,knowledge,False,False,False,False,2,80.0
esco_931,http://data.europa.eu/esco/skill/74374d09-7a54-4a05-ae78-d5940423de7c,use testing equipment,utilise testing equipment,using precision instrumentation and equipment,using precision instrumentation and equipment,working with machinery and specialised equipment,skills,False,False,False,False,7,85.71428571428571
esco_932,http://data.europa.eu/esco/skill/744442ac-c157-4350-8be0-ce454df4f5c5,perform ICT troubleshooting,performing  ICT troubleshooting,resolving computer problems,setting up and protecting computer systems,working with computers,skills,False,True,False,False,10,90.0
esco_933,http://data.europa.eu/esco/skill/744add42-681e-4cfb-8e43-af1d16794238,observe human behaviour,observing human behaviour,entering and transforming information,processing information,information skills,skills,False,False,False,False,4,80.0
esco_934,http://data.europa.eu/esco/skill/74688c5d-2af1-4f7a-9d1c-00e808eaa1e6,budgetary principles,principles of budgeting,"finance, banking and insurance",business and administration,"business, administration and law",knowledge,False,False,False,False,8,80.0
esco_935,http://data.europa.eu/esco/skill/746d4d58-7e6b-417c-a0b3-3f0c44564a2e,plan facilities management policies,,developing operational policies and procedures,developing objectives and strategies,management skills,skills,False,False,False,False,1,50.0
esco_936,http://data.europa.eu/esco/skill/7482a123-e801-48de-9733-262125671410,task algorithmisation,,database and network design and administration,information and communication technologies (icts),information and communication technologies (icts),knowledge,False,True,False,False,1,80.0
esco_937,http://data.europa.eu/esco/skill/74ad37e3-325b-4ccd-ab2a-04f7696750e8,health and safety measures in transportation,,occupational health and safety,hygiene and occupational health services,services,knowledge,False,False,False,False,2,80.0
esco_938,http://data.europa.eu/esco/skill/74cb80c4-df6b-4d79-a153-cb7b3b3b6eb0,plan social media marketing campaigns,organise social media marketing campaigns,"developing financial, business or marketing plans",developing objectives and strategies,management skills,skills,False,True,False,False,1,80.0
esco_939,http://data.europa.eu/esco/skill/74e49482-75e8-4637-bdb1-fff868d02f7a,scientific literature,,personal skills and development,personal skills and development,generic programmes and qualifications,knowledge,False,False,False,False,3,86.66666666666667
esco_940,http://data.europa.eu/esco/skill/751941a0-5645-4f8b-b97e-b252909d5edb,develop ICT workflow,,manage time,working efficiently,self-management skills and competences,transversal skills and competences,False,True,False,False,3,50.0
esco_941,http://data.europa.eu/esco/skill/7557f0f4-b8bc-4ac0-b91e-222ab1ba744f,tools for ICT test automation,Selenium,software and applications development and analysis,information and communication technologies (icts),information and communication technologies (icts),knowledge,False,True,False,False,2,100.0
esco_942,http://data.europa.eu/esco/skill/75791d32-ec99-49c3-92dc-728fe73a9de7,inspect concrete structures,inspection of concrete structures,monitoring quality of products,"monitoring, inspecting and testing",information skills,skills,False,False,False,False,1,80.0
esco_943,http://data.europa.eu/esco/skill/75b30aeb-34c0-40f4-b77d-271d75a98b14,improve business processes,improve processes,manage processes,management skills,management skills,management skills,False,False,False,False,20,96.0
esco_944,http://data.europa.eu/esco/skill/75d8e5d9-bef3-418b-9011-01bff9f27207,lead others,make use of result-oriented leadership abilities,leading others,social and communication skills and competences,transversal skills and competences,,False,False,False,False,20,89.0
esco_945,http://data.europa.eu/esco/skill/75dfe1ee-5935-42ce-b820-697f827825c3,maintain customer service,,ensure client orientation,"promoting products, services, or programs","promoting, selling and purchasing","communication, collaboration and creativity",False,False,False,False,1,80.0
esco_946,http://data.europa.eu/esco/skill/75e48971-3242-4ea5-a1ba-4deec48ad41c,manage teamwork,,manage time,working efficiently,self-management skills and competences,transversal skills and competences,False,False,False,False,1,80.0
esco_947,http://data.europa.eu/esco/skill/75f312e1-622b-4751-8d93-815b32feaf8d,pollution prevention,,environmental protection technology,engineering and engineering trades,"engineering, manufacturing and construction",knowledge,True,False,False,False,2,80.0
esco_948,http://data.europa.eu/esco/skill/75f650d0-9096-4b8f-bbd6-ad05ee3f6121,document analysis results,,report facts,communicating,social and communication skills and competences,transversal skills and competences,False,False,False,False,3,50.0
esco_949,http://data.europa.eu/esco/skill/75f839c2-fd9a-4ad3-8921-6e734608568d,use query languages,using database query language,programming computer systems,programming computer systems,working with computers,skills,False,True,False,False,12,95.83333333333333
esco_950,http://data.europa.eu/esco/skill/76395873-7fe2-4f9a-b4b6-9932f8cbd0b4,follow clinical guidelines,follow clinical protocol,complying with operational procedures,protecting and enforcing,assisting and caring,skills,False,False,False,False,2,100.0
esco_951,http://data.europa.eu/esco/skill/763e3863-d4c8-471a-9357-860580a95529,supervise property development projects,supervise estate development projects,"directing, supervising and coordinating projects","organising, planning and scheduling work and activities",management skills,skills,False,False,False,False,1,50.0
esco_952,http://data.europa.eu/esco/skill/76415d7f-0fde-4364-b45f-5c044580d2aa,create CAD drawings,making CAD drawings,using computer aided design and drawing tools,"using digital tools for collaboration, content creation and problem solving",working with computers,skills,False,True,False,False,3,83.33333333333333
esco_953,http://data.europa.eu/esco/skill/76526bf6-bada-4ca1-8e79-6b9d4228b607,electrical safety regulations,electrical wiring regulations,follow safety precautions in work practices,complying with health and safety procedures,protecting and enforcing,assisting and caring,False,False,False,False,1,50.0
esco_954,http://data.europa.eu/esco/skill/765f2d06-775e-45bf-93a7-c83b8fad5a1a,manage rainwater,rainwater managing,installing plumbing or piping equipment or systems,installing interior or exterior infrastructure,constructing,skills,False,False,False,False,1,80.0
esco_955,http://data.europa.eu/esco/skill/76654176-5cc8-4cb3-b307-4ef1b6c2543c,zoning codes,zoning regulations,architecture and town planning,architecture and construction,"engineering, manufacturing and construction",knowledge,False,False,False,False,3,93.33333333333333
esco_956,http://data.europa.eu/esco/skill/76ef6ed3-1658-4a1a-9593-204d799c6d0c,NoSQL,,database and network design and administration,information and communication technologies (icts),information and communication technologies (icts),knowledge,False,True,False,False,3,100.0
esco_957,http://data.europa.eu/esco/skill/76f22707-8d30-453f-9eb7-3376e2960311,handle mail,,performing general clerical and administrative tasks,performing administrative activities,management skills,skills,False,False,False,False,1,80.0
esco_958,http://data.europa.eu/esco/skill/770d4956-b5e0-4d44-bf42-3a766b232c5d,maintain a central project repository,,managing information,managing information,information skills,skills,False,True,False,False,4,65.0
esco_959,http://data.europa.eu/esco/skill/7726fc5e-a972-4f0a-abbe-6be3043422f9,represent clients in courts,represent client in court,presenting information in legal proceedings,presenting information,"communication, collaboration and creativity",skills,False,False,False,False,5,88.0
esco_960,http://data.europa.eu/esco/skill/779f5db1-66db-4790-90db-818bcaddcc29,monitor programming finances,track programming finances,monitoring financial and economic resources and activity,"monitoring, inspecting and testing",information skills,skills,False,False,False,False,2,80.0
esco_961,http://data.europa.eu/esco/skill/77a3255f-edb4-4d53-b6dd-130555e8fbbd,spray finishing technology,spray finishing equipment and techniques,"textiles (clothes, footwear and leather)",manufacturing and processing,"engineering, manufacturing and construction",knowledge,False,False,False,False,1,80.0
esco_962,http://data.europa.eu/esco/skill/77ac0804-a866-4055-a56a-5e232beb15de,adapt evaluation methodology,,developing operational policies and procedures,developing objectives and strategies,management skills,skills,False,False,False,False,1,80.0
esco_963,http://data.europa.eu/esco/skill/77b636e8-fab3-41a8-8022-1e0a354059dc,show empathy,showing empathy,supporting others,social and communication skills and competences,transversal skills and competences,,False,False,False,False,1,100.0
esco_964,http://data.europa.eu/esco/skill/77b8d33e-5948-4924-aefc-f4f4b7477576,types of piping,plastic pipes,"materials (glass, paper, plastic and wood)",manufacturing and processing,"engineering, manufacturing and construction",knowledge,False,False,False,False,1,50.0
esco_965,http://data.europa.eu/esco/skill/77e7cb08-2c6f-42ab-881b-b34b2318acbe,manage administrative systems,develop administrative systems,performing general clerical and administrative tasks,performing administrative activities,management skills,skills,False,False,False,False,5,70.0
esco_966,http://data.europa.eu/esco/skill/77f109c4-3107-4d2a-a512-5160ac103933,analyse environmental data,analysing environmental data,interpret current data,monitoring developments in area of expertise,monitoring developments in area of expertise,information skills,True,False,False,False,1,80.0
esco_967,http://data.europa.eu/esco/skill/7807d33c-c581-48dd-be90-69cc9b13b54c,maintain power plant machinery,,"maintaining electrical, electronic and precision equipment","installing, maintaining and repairing electrical, electronic and precision equipment",working with machinery and specialised equipment,skills,False,False,False,False,1,80.0
esco_968,http://data.europa.eu/esco/skill/7837ef5c-2c81-4a89-8227-b4d4f1f7331e,maintain professional records,maintain records of work,manage quantitative data,"managing, gathering and storing digital data",accessing and analysing digital data,working with computers,False,False,False,False,1,100.0
esco_969,http://data.europa.eu/esco/skill/7838de1e-d65e-4a3f-b60b-e2213026116f,operate material handling equipment,operate freight handling equipment,move objects,manipulating and controlling objects and equipment,physical and manual skills and competences,transversal skills and competences,False,False,False,False,3,100.0
esco_970,http://data.europa.eu/esco/skill/78845d0c-e56f-4318-a9c6-bf75931dd520,conduct threat intelligence,,"managing, gathering and storing digital data",accessing and analysing digital data,working with computers,skills,False,True,False,False,1,90.0
esco_971,http://data.europa.eu/esco/skill/78b1de70-0930-462f-9a7e-bf9b4135e1e2,write routine reports,perform routine reporting activities,report facts,communicating,social and communication skills and competences,transversal skills and competences,False,False,False,False,11,80.9090909090909
esco_972,http://data.europa.eu/esco/skill/78bac337-ed76-45b6-bd7f-621841c997c4,perform screening for infectious diseases,perform testing for infectious diseases,operating scientific and laboratory equipment,using precision instrumentation and equipment,working with machinery and specialised equipment,skills,False,False,False,False,3,100.0
esco_973,http://data.europa.eu/esco/skill/78d5f0a2-53ac-421e-b415-573a88557a21,pathogenic microorganisms,pathogens,medicine,health,health and welfare,knowledge,False,False,False,False,1,80.0
esco_974,http://data.europa.eu/esco/skill/790a335b-2005-4b8a-b6fe-47ff7701ebb7,topography,,architecture and town planning,architecture and construction,"engineering, manufacturing and construction",knowledge,False,False,False,False,1,80.0
esco_975,http://data.europa.eu/esco/skill/7935deb6-0bed-4e38-985e-1f83b8e16940,participate in training sessions,do training sessions,practising sports,performing and entertaining,"communication, collaboration and creativity",skills,False,False,False,False,24,53.75
esco_976,http://data.europa.eu/esco/skill/7954861c-86d4-4529-afbb-2c23dab9ac74,negotiate compromises,,communicating,social and communication skills and competences,transversal skills and competences,,False,False,False,True,1,100.0
esco_977,http://data.europa.eu/esco/skill/7961413f-61d0-4722-9cd9-20a050a29899,perform software unit testing,,plan software testing,planning production processes,"organising, planning and scheduling work and activities",management skills,False,True,False,False,5,100.0
esco_978,http://data.europa.eu/esco/skill/797a4416-0b8d-44f3-8fcd-eb10bd0be6b4,develop software prototype,,programming computer systems,programming computer systems,working with computers,skills,False,True,False,False,1,100.0
esco_979,http://data.europa.eu/esco/skill/798d427e-51b3-4cd4-8b24-1357015e9ae7,optimise production,production efficiency optimising,developing operational policies and procedures,developing objectives and strategies,management skills,skills,False,False,False,False,4,72.5
esco_980,http://data.europa.eu/esco/skill/79aa4ec0-399d-432e-aae8-7a390ce89bcc,perform maintenance on installed equipment,,perform machine maintenance,maintaining mechanical machinery,"installing, maintaining and repairing mechanical equipment",working with machinery and specialised equipment,False,False,False,False,2,90.0
esco_981,http://data.europa.eu/esco/skill/79c366d4-0316-4838-b72e-c3be4f90fbd3,use communication devices,communicate using communication equipment,operating communications equipment,using precision instrumentation and equipment,working with machinery and specialised equipment,skills,False,True,False,False,1,80.0
esco_982,http://data.europa.eu/esco/skill/79f24a62-7718-46e1-9b41-37be0560a5ca,organisational resilience,operational resilience,management and administration,business and administration,"business, administration and law",knowledge,False,False,False,False,2,50.0
esco_983,http://data.europa.eu/esco/skill/79f3d574-fcf2-445e-a087-cc774f19b861,operating pumping systems or equipment,,operating machinery for the extraction and processing of raw materials,working with machinery and specialised equipment,skills,,False,False,False,False,10,80.0
esco_984,http://data.europa.eu/esco/skill/7a00c77c-4a1c-4fd6-a83f-004bda65d81a,supervising people,,management skills,skills,,,False,False,False,False,3,80.0
esco_985,http://data.europa.eu/esco/skill/7a147904-22b3-498a-b4d9-7bceeb86b45d,cope with stress,work under pressure,maintaining a positive attitude,self-management skills and competences,transversal skills and competences,,False,False,False,True,62,94.51612903225806
esco_986,http://data.europa.eu/esco/skill/7a258bc5-c5bc-41ae-ab7f-d7976fd9ed0d,deal with killing animals processes,deal with the killing of animals processes,deal with challenging work conditions,adapt to change,demonstrating willingness to learn,self-management skills and competences,False,False,False,False,1,50.0
esco_987,http://data.europa.eu/esco/skill/7a34b3d9-bd3b-4f4e-a0f6-f97439901cb7,apply scientific methods,employ scientific methods,conducting academic or market research,"conducting studies, investigations and examinations",information skills,skills,False,False,False,False,9,80.0
esco_988,http://data.europa.eu/esco/skill/7a66b8a3-502f-408e-ac69-46e72dec6ede,deal with pressure from unexpected circumstances,respond positively to unexpected events,cope with stress,maintaining a positive attitude,self-management skills and competences,transversal skills and competences,False,False,False,False,4,80.0
esco_989,http://data.europa.eu/esco/skill/7a8fb784-67fa-41e9-a75c-6b491d91f800,develop strategy to solve problems,decide priorities,developing objectives and strategies,developing objectives and strategies,management skills,skills,False,False,False,False,6,90.0
esco_990,http://data.europa.eu/esco/skill/7a93e22f-54d8-4bf0-9213-d711f6601b49,work efficiently,efficiently work,working efficiently,self-management skills and competences,transversal skills and competences,,False,False,False,False,24,83.33333333333333
esco_991,http://data.europa.eu/esco/skill/7a9c3fa5-a9bb-46a0-8b5b-4d87427c8b76,monitor processing conditions,monitor process conditions,think critically,"processing information, ideas and concepts",thinking skills and competences,transversal skills and competences,False,False,False,False,2,80.0
esco_992,http://data.europa.eu/esco/skill/7adb8473-bcc6-4ff8-9850-76d945d40092,analyse ICT system,,working with computers,working with computers,working with computers,skills,False,True,False,False,3,50.0
esco_993,http://data.europa.eu/esco/skill/7add3681-17b6-4027-8a9d-ee92d2b96a42,manage workflow processes,managing workflow processes,following instructions and procedures,working with others,"communication, collaboration and creativity",skills,False,False,False,False,8,76.25
esco_994,http://data.europa.eu/esco/skill/7af6e9e8-1e11-4c0b-b7c6-ac96bbbbc674,coordinate engineering teams,engineering team coordinating,lead others,leading others,social and communication skills and competences,transversal skills and competences,False,False,False,False,2,80.0
esco_995,http://data.europa.eu/esco/skill/7afd29d7-9c9f-4151-83f2-562b8c94a3af,apply transportation management concepts,apply concepts of transportation management,following instructions and procedures,working with others,"communication, collaboration and creativity",skills,True,False,False,False,4,75.0
esco_996,http://data.europa.eu/esco/skill/7b5cce4d-c7fe-4119-b48f-70aa05391787,computer science,,software and applications development and analysis,information and communication technologies (icts),information and communication technologies (icts),knowledge,False,True,False,False,6,50.0
esco_997,http://data.europa.eu/esco/skill/7b969ac9-f085-4afb-a480-c5210fb4da7d,milling machines,mill machine,environmental protection technology,engineering and engineering trades,"engineering, manufacturing and construction",knowledge,False,False,False,False,2,100.0
esco_998,http://data.europa.eu/esco/skill/7c05199f-7b03-4a4a-afee-7c9dfcf9066a,plan resource allocation,,allocating and controlling physical resources,allocating and controlling resources,management skills,skills,False,False,False,False,1,80.0
esco_999,http://data.europa.eu/esco/skill/7c228b9e-4989-4572-a9d1-f73963631361,conduct physical examinations,,diagnosing health conditions,"conducting studies, investigations and examinations",information skills,skills,False,False,False,False,4,100.0
esco_1000,http://data.europa.eu/esco/skill/7c3cde53-9ff7-4e82-8396-13fdfadd3432,design buildings,building design,designing structures or facilities,designing systems and products,"communication, collaboration and creativity",skills,False,False,False,False,5,100.0
esco_1001,http://data.europa.eu/esco/skill/7c632656-361e-4db1-8d69-b9f85d6be0d0,operate industrial equipment,,operating machinery for the manufacture of products,operating machinery for the manufacture of products,working with machinery and specialised equipment,skills,False,False,False,False,6,81.66666666666667
esco_1002,http://data.europa.eu/esco/skill/7c821387-b428-4f75-b5a7-7b038aa81cfd,use a warehouse management system,managing a warehouse management system,working with computers,working with computers,working with computers,skills,False,True,False,False,1,100.0
esco_1003,http://data.europa.eu/esco/skill/7ca5d3c2-2cea-4fac-88e4-f2955c5b705c,use IT systems for commercial purposes,using IT systems for commercial purposes,"using digital tools for collaboration, content creation and problem solving","using digital tools for collaboration, content creation and problem solving",working with computers,skills,False,True,False,False,1,80.0
esco_1004,http://data.europa.eu/esco/skill/7cd6de25-f691-4aac-81a2-a9d09b004b38,use hand tools,use of hand tools,"use equipment, tools or technology with precision",manipulating and controlling objects and equipment,physical and manual skills and competences,transversal skills and competences,False,False,False,False,1,100.0
esco_1005,http://data.europa.eu/esco/skill/7d092d81-d1e2-4c34-b3cb-c1c9f2e68b7d,finish project within budget,complete project within budget,meet commitments,working efficiently,self-management skills and competences,transversal skills and competences,False,False,False,False,1,80.0
esco_1006,http://data.europa.eu/esco/skill/7d10fcb2-b368-48ab-996b-7c9fafcf68ed,use automatic programming,use visual programming,programming computer systems,programming computer systems,working with computers,skills,False,True,False,False,2,65.0
esco_1007,http://data.europa.eu/esco/skill/7d23c508-c007-4221-bb84-0c9a479b8ea6,show intercultural awareness,demonstrate intercultural awareness,working with others,working with others,"communication, collaboration and creativity",skills,False,False,False,False,1,80.0
esco_1008,http://data.europa.eu/esco/skill/7d35602d-bc94-4975-aa7c-f4e8e05ce8e0,cost management,managing costs,management and administration,business and administration,"business, administration and law",knowledge,False,False,False,False,17,91.17647058823529
esco_1009,http://data.europa.eu/esco/skill/7d4e4636-f136-46f6-ae23-2a7639d6b861,geodesy,,earth sciences,physical sciences,"natural sciences, mathematics and statistics",knowledge,False,False,False,False,1,50.0
esco_1010,http://data.europa.eu/esco/skill/7d913551-e17a-40ba-baf7-48d0c3b12e50,predictive maintenance,predictive maintenance techniques,"engineering, manufacturing and construction not elsewhere classified","engineering, manufacturing and construction not elsewhere classified","engineering, manufacturing and construction",knowledge,False,True,False,False,1,100.0
esco_1011,http://data.europa.eu/esco/skill/7d9bace0-63d0-4848-ac87-350a98082c12,participate actively in civic life,be involved in civic activities,applying civic skills and competences,life skills and competences,transversal skills and competences,,False,False,False,False,1,80.0
esco_1012,http://data.europa.eu/esco/skill/7dd94ad3-13d6-43fe-8b94-51fcbf67ced9,think critically,apply critical thinking,"processing information, ideas and concepts",thinking skills and competences,transversal skills and competences,,False,False,False,True,99,98.38383838383838
esco_1013,http://data.europa.eu/esco/skill/7ddbfce9-902d-4d1c-b751-30274f4b49ce,document evidence,record information,recording legal information,documenting and recording information,information skills,skills,False,False,False,False,3,80.0
esco_1014,http://data.europa.eu/esco/skill/7de3b70e-2568-420a-8528-69523d323e7a,keep time accurately,measure the passage of time accurately,manage time,working efficiently,self-management skills and competences,transversal skills and competences,False,False,False,False,2,65.0
esco_1015,http://data.europa.eu/esco/skill/7e0b93e0-0de7-4607-b07f-27a6828d3ff0,developing educational programmes,,developing objectives and strategies,management skills,skills,,False,False,False,False,1,100.0
esco_1016,http://data.europa.eu/esco/skill/7e153e1d-2b12-43ad-89f3-0cf82ebc4a30,performing risk analysis and management,,analysing and evaluating information and data,information skills,skills,,False,False,False,False,1,100.0
esco_1017,http://data.europa.eu/esco/skill/7e1f9657-ab4e-407c-842f-b846197060e3,execute ICT audits,,"evaluating systems, programmes, equipment and products",analysing and evaluating information and data,information skills,skills,False,True,False,False,1,80.0
esco_1018,http://data.europa.eu/esco/skill/7ee4c2ea-b349-4bd2-81a3-ec31475d4833,statistics,statistical analysis,statistics,mathematics and statistics,"natural sciences, mathematics and statistics",knowledge,False,False,False,False,5,84.0
esco_1019,http://data.europa.eu/esco/skill/7ee872de-db39-4ae3-8e19-75d1a2cdf697,develop learning curriculum,design teaching and training plans,developing educational programmes,developing objectives and strategies,management skills,skills,False,False,False,False,4,90.0
esco_1020,http://data.europa.eu/esco/skill/7ee9fb56-91b1-4363-b51f-ea54ae1b5761,negotiate price,discuss prices,negotiating and managing contracts and agreements,negotiating,"communication, collaboration and creativity",skills,False,False,False,False,1,80.0
esco_1021,http://data.europa.eu/esco/skill/7f18039d-dfae-471b-9daa-507f6b2d2842,urban planning,land use planning,architecture and town planning,architecture and construction,"engineering, manufacturing and construction",knowledge,False,False,False,False,17,74.70588235294117
esco_1022,http://data.europa.eu/esco/skill/7f27f1ff-2e17-4b69-990e-c23334478313,assessment of risks and threats,,database and network design and administration,information and communication technologies (icts),information and communication technologies (icts),knowledge,False,True,False,False,3,80.0
esco_1023,http://data.europa.eu/esco/skill/7fb699d9-182a-430e-b7a0-6d8ed05c284b,graphic design,graphic designing,audio-visual techniques and media production,arts,arts and humanities,knowledge,False,True,False,False,16,94.375
esco_1024,http://data.europa.eu/esco/skill/7fc4c18a-68f3-425a-aadf-f83633be47a1,learning technologies,,education science,education,education,knowledge,False,True,False,False,5,50.0
esco_1025,http://data.europa.eu/esco/skill/7fd3b5e4-8f7c-461c-8faa-203cf4b2b0fc,handle patient trauma,support patients affected by trauma,"providing medical, dental and nursing care",providing health care or medical treatments,assisting and caring,skills,False,False,False,False,1,100.0
esco_1026,http://data.europa.eu/esco/skill/7ff2c668-0e86-418a-a962-4958262ee337,use communication techniques,use techniques for communication,"communication, collaboration and creativity","communication, collaboration and creativity","communication, collaboration and creativity",skills,False,False,False,False,3,93.33333333333333
esco_1027,http://data.europa.eu/esco/skill/801ef90e-6db2-4a6b-83bc-5e1144524d10,prevent work accidents,,complying with health and safety procedures,protecting and enforcing,assisting and caring,skills,False,False,False,False,1,80.0
esco_1028,http://data.europa.eu/esco/skill/80274731-15ce-490a-8d5b-f55a36b976b0,prepare construction documents,preparation of construction documents,prepare compliance documents,recording legal information,documenting and recording information,information skills,False,False,False,False,1,50.0
esco_1029,http://data.europa.eu/esco/skill/802e6973-3270-4cf0-86e4-a6835caf1ba6,project management methodology (PM²),project management methods,management and administration,business and administration,"business, administration and law",knowledge,False,False,False,False,25,69.2
esco_1030,http://data.europa.eu/esco/skill/806557a0-49e6-4a06-9398-51cbf72f7a4c,report utility meter readings,utility meter reading reporting,report facts,communicating,social and communication skills and competences,transversal skills and competences,False,False,False,False,1,80.0
esco_1031,http://data.europa.eu/esco/skill/8071881c-d652-46e7-9cf4-e06a7f1e57c7,manage major incidents,manage hazardous incidents,complying with health and safety procedures,protecting and enforcing,assisting and caring,skills,False,False,False,False,1,80.0
esco_1032,http://data.europa.eu/esco/skill/8088750d-8388-4170-a76f-48354c469c44,cyber security,cybersecurity,military and defence,security services,services,knowledge,False,True,False,False,11,89.0909090909091
esco_1033,http://data.europa.eu/esco/skill/80c042de-bc1a-4d78-b266-35bc80ba3093,architectural design,,architecture and town planning,architecture and construction,"engineering, manufacturing and construction",knowledge,False,False,False,False,2,100.0
esco_1034,http://data.europa.eu/esco/skill/80cf002a-6586-4db7-9c9a-88325a9a5e1b,applying environmental skills and competences,,life skills and competences,transversal skills and competences,,,False,False,False,False,27,67.4074074074074
esco_1035,http://data.europa.eu/esco/skill/811acf0c-4dd7-4dda-a4fa-7ca498a95204,negotiate employment agreements,,negotiating and managing contracts and agreements,negotiating,"communication, collaboration and creativity",skills,False,False,False,False,1,50.0
esco_1036,http://data.europa.eu/esco/skill/811bdb9d-5bf7-4b5a-a3f5-4fc2002f6d57,financial capability,financial knowledge,"finance, banking and insurance",business and administration,"business, administration and law",knowledge,False,False,False,False,5,74.0
esco_1037,http://data.europa.eu/esco/skill/81633a44-f1db-4a01-a940-804c6905e330,use word processing software,use word processing,"using word processing, publishing and presentation software","using digital tools for collaboration, content creation and problem solving",working with computers,skills,False,True,False,False,143,98.6013986013986
esco_1038,http://data.europa.eu/esco/skill/81672802-5463-4676-87aa-3d0f7d8d4f8e,framework for a safety management system,framework of a safety management system,occupational health and safety,hygiene and occupational health services,services,knowledge,False,False,False,False,1,80.0
esco_1039,http://data.europa.eu/esco/skill/8168333b-8257-48f6-82c5-6b5128c21ecc,person centred care,patient-centered approach in care,nursing and midwifery,health,health and welfare,knowledge,False,False,False,False,1,100.0
esco_1040,http://data.europa.eu/esco/skill/8181aa4c-42bc-4036-a3d2-5cb6bbb34239,handle cybersecurity incidents,,complying with operational procedures,protecting and enforcing,assisting and caring,skills,False,True,False,False,2,100.0
esco_1041,http://data.europa.eu/esco/skill/818c2b89-1335-4443-ada7-e1046862e273,install automation components,,setting up computer systems,setting up and protecting computer systems,working with computers,skills,False,True,False,False,1,80.0
esco_1042,http://data.europa.eu/esco/skill/819c55a7-8bc7-423a-9b3b-7adf5a6e6a5b,send samples to laboratory,,collecting and preparing specimens or materials for testing,transforming and blending materials,handling and moving,skills,False,False,False,False,1,80.0
esco_1043,http://data.europa.eu/esco/skill/81a2db2c-7e55-44d0-9cd9-74c25147d7cd,analyse test data,analysing test data,"evaluating systems, programmes, equipment and products",analysing and evaluating information and data,information skills,skills,False,False,False,False,1,100.0
esco_1044,http://data.europa.eu/esco/skill/81ad8286-cc55-4a08-92a6-38474c35c893,instructional strategies,instructional techniques,education science,education,education,knowledge,False,False,False,False,1,50.0
esco_1045,http://data.europa.eu/esco/skill/81af8698-9873-4b3d-b6d2-8eb275bf170b,environmental threats,environmental health threats,environmental sciences,environment,"natural sciences, mathematics and statistics",knowledge,True,False,False,False,2,80.0
esco_1046,http://data.europa.eu/esco/skill/81f29457-6d0d-4f46-9e0a-7295c7c6f090,responding to complaints,,negotiating,"communication, collaboration and creativity",skills,,False,False,False,False,4,95.0
esco_1047,http://data.europa.eu/esco/skill/82312096-4df8-49ce-9cdd-a6e08af56b45,evaluate information services using metrics,evaluate information service using metrics,analysing and evaluating information and data,analysing and evaluating information and data,information skills,skills,False,True,False,False,2,65.0
esco_1048,http://data.europa.eu/esco/skill/82463bb1-85d1-4e99-a4ce-08508fc3b2a3,supporting others,,social and communication skills and competences,transversal skills and competences,,,False,False,False,False,2,65.0
esco_1049,http://data.europa.eu/esco/skill/826c1cf4-582a-4f1a-805f-98cc2b8000ba,fossil-fuel power plant operations,operations in coal-fired power plants,electricity and energy,engineering and engineering trades,"engineering, manufacturing and construction",knowledge,False,False,False,False,1,80.0
esco_1050,http://data.europa.eu/esco/skill/82887396-e5bf-4306-af51-3fe8d82790b2,civil engineering,civil engineering studies,building and civil engineering,architecture and construction,"engineering, manufacturing and construction",knowledge,False,False,False,False,33,88.78787878787878
esco_1051,http://data.europa.eu/esco/skill/82ae17ef-a422-4803-923e-d62da42476a9,revise legal documents,review legal documents,technical or academic writing,writing and composing,"communication, collaboration and creativity",skills,False,False,False,False,5,92.0
esco_1052,http://data.europa.eu/esco/skill/82c084ea-15e9-4d55-98dc-ede0f767baee,information skills,,information skills,skills,,,False,False,False,False,2,65.0
esco_1053,http://data.europa.eu/esco/skill/82de2df7-0d6c-42b1-94ac-b3e9a029e917,use back-up and recovery tools,using back-up and recovery software,protecting ict devices,setting up and protecting computer systems,working with computers,skills,False,True,False,False,3,93.33333333333333
esco_1054,http://data.europa.eu/esco/skill/82fadde2-45cc-4734-bace-dadafdeaa41f,calibrate laboratory equipment,,operating scientific and laboratory equipment,using precision instrumentation and equipment,working with machinery and specialised equipment,skills,False,False,False,False,1,100.0
esco_1055,http://data.europa.eu/esco/skill/8316979b-df5a-4dc7-98ef-61ec6a10df84,conduct quantitative research,,conducting academic or market research,"conducting studies, investigations and examinations",information skills,skills,False,False,False,False,6,90.0
esco_1056,http://data.europa.eu/esco/skill/83331548-2159-4b87-9177-c3cb29978540,inspect trees,,monitoring environmental conditions,"monitoring, inspecting and testing",information skills,skills,True,False,False,False,1,80.0
esco_1057,http://data.europa.eu/esco/skill/833a055a-1354-4ced-bc3a-38648e373478,victimology,study of victimization,psychology,social and behavioural sciences,"social sciences, journalism and information",knowledge,False,False,False,False,3,93.33333333333333
esco_1058,http://data.europa.eu/esco/skill/8369011d-de43-4800-bcce-be12e19828a5,accepting feedback,,working with others,"communication, collaboration and creativity",skills,,False,False,False,False,2,85.0
esco_1059,http://data.europa.eu/esco/skill/83e6510b-ffeb-4aec-959c-4265fd0ff7b7,attend to detail,attend to accuracy,working efficiently,self-management skills and competences,transversal skills and competences,,False,False,False,False,174,98.16091954022988
esco_1060,http://data.europa.eu/esco/skill/83fc0b2b-6cd2-46af-b1ff-d3fc83604c26,energy efficiency,conservation of energy,electricity and energy,engineering and engineering trades,"engineering, manufacturing and construction",knowledge,True,False,False,False,8,88.75
esco_1061,http://data.europa.eu/esco/skill/848c0306-8cbe-4693-a275-d99807c0173c,liaising and networking,,liaising and networking,"communication, collaboration and creativity",skills,,False,False,False,False,1,80.0
esco_1062,http://data.europa.eu/esco/skill/85b379e7-e0b7-48b8-baa7-631f50a7cdd5,"communication, collaboration and creativity",,"communication, collaboration and creativity",skills,,,False,False,False,False,2,95.0
esco_1063,http://data.europa.eu/esco/skill/85c11255-469f-41bd-a6d1-382bc4a87783,interpret technical texts,,interpreting technical documentation and diagrams,"conducting studies, investigations and examinations",information skills,skills,False,False,False,False,2,85.0
esco_1064,http://data.europa.eu/esco/skill/85e77619-6723-48cd-9654-2bcbe71054f9,carry out end of day accounts,reconcile daily orders and payments,"preparing financial documents, records, reports, or budgets",documenting and recording information,information skills,skills,False,False,False,False,1,90.0
esco_1065,http://data.europa.eu/esco/skill/85f46538-ae70-498a-bfbc-b8ddafe96c7d,levels of software testing,,software and applications development and analysis,information and communication technologies (icts),information and communication technologies (icts),knowledge,False,True,False,False,1,50.0
esco_1066,http://data.europa.eu/esco/skill/85f73cdf-fb6f-434d-8fff-fcd723834a90,perform environmental remediation,performing environmental remediation,complying with environmental protection laws and standards,protecting and enforcing,assisting and caring,skills,True,False,False,False,3,80.0
esco_1067,http://data.europa.eu/esco/skill/861cc783-6d4c-442e-9081-3a6e389be454,install electronic communication equipment,,install electrical and electronic equipment,"installing and repairing electrical, electronic and precision equipment","installing, maintaining and repairing electrical, electronic and precision equipment",working with machinery and specialised equipment,False,True,False,False,2,80.0
esco_1068,http://data.europa.eu/esco/skill/8657a613-7567-44d5-89aa-36550c5c0ac9,trace people,,carrying out forensic and police investigations,"conducting studies, investigations and examinations",information skills,skills,False,False,False,False,3,80.0
esco_1069,http://data.europa.eu/esco/skill/8671290a-ab17-42c2-9114-adcb741e7257,paediatrics,medical care of children,medicine,health,health and welfare,knowledge,False,False,False,False,7,100.0
esco_1070,http://data.europa.eu/esco/skill/868fc91a-f988-48e2-81e5-33e1b3de0ac2,developmental psychology,,psychology,psychology,social and behavioural sciences,"social sciences, journalism and information",False,False,False,False,2,65.0
esco_1071,http://data.europa.eu/esco/skill/86945516-619a-456e-b0d0-2fb31d927992,perform surveying calculations,survey calculation making,carry out calculations,working with numbers and measures,core skills and competences,transversal skills and competences,False,False,False,False,1,80.0
esco_1072,http://data.europa.eu/esco/skill/869fc2ce-478f-4420-8766-e1f02cec4fb2,management skills,,skills,,,,False,False,False,False,2,100.0
esco_1073,http://data.europa.eu/esco/skill/86d2e2ea-1ba2-4aa6-b465-8a1f9abc81b8,apply information security policies,information security policy,comply with legal regulations,ensuring compliance with legislation,protecting and enforcing,assisting and caring,False,False,False,False,1,80.0
esco_1074,http://data.europa.eu/esco/skill/86df7af2-f9f3-4c06-a500-7f1fba9e78fe,follow health and safety procedures in construction,,complying with health and safety procedures,protecting and enforcing,assisting and caring,skills,True,False,False,False,2,75.0
esco_1075,http://data.europa.eu/esco/skill/86f1b972-fcd4-478a-9bd7-2ecbbf901e21,develop work programmes,develop programmes of work,developing operational policies and procedures,developing objectives and strategies,management skills,skills,False,False,False,False,1,50.0
esco_1076,http://data.europa.eu/esco/skill/86f7126d-97fd-4da5-be96-d1cf6ecd54e6,Microsoft Visio,Microsoft Office Visio,computer use,information and communication technologies (icts),information and communication technologies (icts),knowledge,False,True,False,False,8,100.0
esco_1077,http://data.europa.eu/esco/skill/873f205a-05f8-45f8-b544-fe963a3edc1e,address identified risks,addressing identified risks,performing risk analysis and management,analysing and evaluating information and data,information skills,skills,False,False,False,False,2,80.0
esco_1078,http://data.europa.eu/esco/skill/87434439-c07d-48be-af34-b0cdd03121c4,design engineering components,,designing electrical or electronic systems or equipment,designing systems and products,"communication, collaboration and creativity",skills,False,False,False,False,2,80.0
esco_1079,http://data.europa.eu/esco/skill/8744f28f-59a9-45af-8ef6-6944cb5a1473,risk identification,risk analysis,management and administration,business and administration,"business, administration and law",knowledge,False,False,False,False,7,94.28571428571429
esco_1080,http://data.europa.eu/esco/skill/8755734c-2919-41a3-9ca6-1e3d1f169213,install plumbing systems,,installing plumbing or piping equipment or systems,installing interior or exterior infrastructure,constructing,skills,False,False,False,False,1,100.0
esco_1081,http://data.europa.eu/esco/skill/87669743-a291-4ea0-9a50-cac60d45649c,rehabilitation,,therapy and rehabilitation,health,health and welfare,knowledge,False,False,False,False,1,100.0
esco_1082,http://data.europa.eu/esco/skill/8770350e-746f-4adb-9556-18ca68104be6,market research,,marketing and advertising,business and administration,"business, administration and law",knowledge,False,False,False,False,2,100.0
esco_1083,http://data.europa.eu/esco/skill/87a708d8-a14d-42ce-8f03-c8a199f999d5,use clinical reasoning,use critical thinking in healthcare,developing solutions,solving problems,"communication, collaboration and creativity",skills,False,False,False,False,9,77.77777777777777
esco_1084,http://data.europa.eu/esco/skill/87a765a4-1039-462a-833d-e1807cac5d45,review civil documentation,inspect documents,verifying identities and documentation,protecting and enforcing,assisting and caring,skills,False,False,False,False,2,80.0
esco_1085,http://data.europa.eu/esco/skill/87cadd76-4e3a-47e5-b66d-559fbc1e8993,respond to enquiries,answer enquiries,providing information to the public and clients,providing information and support to the public and clients,assisting and caring,skills,False,False,False,False,2,90.0
esco_1086,http://data.europa.eu/esco/skill/87de6e49-ca1c-42a4-8751-5ff0b991966b,negotiate with stakeholders,negotiate with a stakeholders,negotiating and managing contracts and agreements,negotiating,"communication, collaboration and creativity",skills,False,False,False,False,2,80.0
esco_1087,http://data.europa.eu/esco/skill/8804d963-5a31-4609-b5df-f741b7199fb7,internal auditing,internal audits,accounting and taxation,business and administration,"business, administration and law",knowledge,False,False,False,False,10,81.0
esco_1088,http://data.europa.eu/esco/skill/880c54f9-866e-4f37-b5fa-25ef8a7d49b6,accounting techniques,accounting skills,accounting and taxation,business and administration,"business, administration and law",knowledge,False,False,False,False,1,80.0
esco_1089,http://data.europa.eu/esco/skill/8836a5a5-e2ff-4baf-aae3-bfb78a4cca7f,criminal law,criminal legal processes,law,law,"business, administration and law",knowledge,False,False,False,False,15,80.0
esco_1090,http://data.europa.eu/esco/skill/883eab8c-d8a6-4e8b-9b11-7d9001e172ab,designing systems and products,,designing systems and products,"communication, collaboration and creativity",skills,,False,False,False,False,3,76.66666666666667
esco_1091,http://data.europa.eu/esco/skill/8844808b-5788-4872-ba15-d3cfa4d9ddaf,ensure equipment cooling,,operating energy production or distribution equipment,operating machinery for the extraction and processing of raw materials,working with machinery and specialised equipment,skills,False,False,False,False,1,80.0
esco_1092,http://data.europa.eu/esco/skill/884588fb-19b4-400e-aebd-83a2fff51be1,reproduce documents,,operating print and photographic production equipment,operating machinery for the manufacture of products,working with machinery and specialised equipment,skills,False,False,False,False,1,80.0
esco_1093,http://data.europa.eu/esco/skill/885808f7-f42b-406e-95f2-28efcd45ddda,carry out energy management of facilities,carrying out energy management of facilities,designing structures or facilities,designing systems and products,"communication, collaboration and creativity",skills,True,False,False,False,4,85.0
esco_1094,http://data.europa.eu/esco/skill/8867088a-e54d-41bc-81e8-a21ff98e81d3,calibrate electronic instruments,,"maintaining electrical, electronic and precision equipment","installing, maintaining and repairing electrical, electronic and precision equipment",working with machinery and specialised equipment,skills,False,False,False,False,1,100.0
esco_1095,http://data.europa.eu/esco/skill/88680a21-57f9-46b6-8268-7d8e42aef849,architecture regulations,architecture norms,law,law,"business, administration and law",knowledge,False,False,False,False,1,50.0
esco_1096,http://data.europa.eu/esco/skill/88af9294-b697-4687-ae19-aefbb6234dfa,economics,economic principles,economics,social and behavioural sciences,"social sciences, journalism and information",knowledge,False,False,False,False,2,65.0
esco_1097,http://data.europa.eu/esco/skill/88b406d0-72e2-4087-be19-d5992d259473,personnel management,,management and administration,business and administration,"business, administration and law",knowledge,False,False,False,False,21,89.04761904761905
esco_1098,http://data.europa.eu/esco/skill/88b9ac3d-1c1d-44d1-9584-c4f5dd2503b3,improve user-friendliness,improving user-friendliness,designing ict systems or applications,designing systems and products,"communication, collaboration and creativity",skills,False,True,False,False,1,100.0
esco_1099,http://data.europa.eu/esco/skill/88f2ee42-01c8-4390-a108-e733cecaaa77,act discreetly,behave discreetly,show empathy,supporting others,social and communication skills and competences,transversal skills and competences,False,False,False,False,8,96.25
esco_1100,http://data.europa.eu/esco/skill/890f090f-e03f-465e-ad16-f332b2a80c95,postediting,post-edit,journalism and reporting,journalism and information,"social sciences, journalism and information",knowledge,False,False,False,False,1,50.0
esco_1101,http://data.europa.eu/esco/skill/897b393f-e7e0-4248-a40d-d77119694e83,distributed computing,,database and network design and administration,information and communication technologies (icts),information and communication technologies (icts),knowledge,False,True,False,False,2,50.0
esco_1102,http://data.europa.eu/esco/skill/89a94a26-29d4-4cd7-9e9d-faebc300c1b1,conduct erosion control,erosion control management,complying with environmental protection laws and standards,protecting and enforcing,assisting and caring,skills,True,False,False,False,2,100.0
esco_1103,http://data.europa.eu/esco/skill/89bb44dc-9f4c-400b-86cd-dcd0bd599a58,maintain electronic systems,electronic system maintenance,"maintaining electrical, electronic and precision equipment","installing, maintaining and repairing electrical, electronic and precision equipment",working with machinery and specialised equipment,skills,False,False,False,False,2,65.0
esco_1104,http://data.europa.eu/esco/skill/89ff28d6-342c-435d-83aa-83e71dbbbc96,conduct financial audits,manage financial audits,conduct workplace audits,monitoring safety or security,"monitoring, inspecting and testing",information skills,False,False,False,False,3,86.66666666666667
esco_1105,http://data.europa.eu/esco/skill/8a326ee1-169c-4c44-b38b-8f1bb20ec79b,identify accounting errors,identifying accounting errors,analysing financial and economic data,analysing and evaluating information and data,information skills,skills,False,False,False,False,2,90.0
esco_1106,http://data.europa.eu/esco/skill/8a3b45dc-8299-4b67-99db-6542daf79ac3,developing professional relationships or networks,,liaising and networking,"communication, collaboration and creativity",skills,,False,False,False,False,6,95.0
esco_1107,http://data.europa.eu/esco/skill/8a98707e-b2ee-48fe-9f36-e47e3555ecf7,evaluate employees work,,monitoring and evaluating the performance of individuals,supervising people,management skills,skills,False,False,False,False,1,100.0
esco_1108,http://data.europa.eu/esco/skill/8a9e00a5-b795-4cde-b744-ec2f2ce4ed88,clinical psychological treatment,clinical psychological treatment of mental illnesses,psychology,psychology,social and behavioural sciences,"social sciences, journalism and information",False,False,False,False,1,100.0
esco_1109,http://data.europa.eu/esco/skill/8ad984cf-6506-42ee-8d15-0ac571be0354,use psychoeducation,work with mental health education,training on health or medical topics,teaching and training,"communication, collaboration and creativity",skills,False,False,False,False,1,80.0
esco_1110,http://data.europa.eu/esco/skill/8b2e3dac-8acc-4ef9-a3a1-4defb0cf1273,provide guidance on infectious disease,,providing information and support to the public and clients,providing information and support to the public and clients,assisting and caring,skills,False,False,False,False,1,80.0
esco_1111,http://data.europa.eu/esco/skill/8b46636e-e201-4086-a8d5-049b65eaf40e,advise on use of land,,use consulting techniques,advising and consulting,advising and consulting,"communication, collaboration and creativity",False,False,False,False,1,80.0
esco_1112,http://data.europa.eu/esco/skill/8b9332c7-2551-4527-9a64-a615713d8b02,evaluate employees,make evaluation of employees,monitoring and evaluating the performance of individuals,supervising people,management skills,skills,False,False,False,False,2,100.0
esco_1113,http://data.europa.eu/esco/skill/8bad61b8-75f7-4bdc-b994-f7158f4b90f0,set organisational policies,establish organisational policy,developing operational policies and procedures,developing objectives and strategies,management skills,skills,False,False,False,False,1,50.0
esco_1114,http://data.europa.eu/esco/skill/8baf21e0-7886-4715-9496-fa7dc777b291,review trial cases,inspect court casework,"advising on legal, regulatory or procedural matters",advising and consulting,"communication, collaboration and creativity",skills,False,False,False,False,3,70.0
esco_1115,http://data.europa.eu/esco/skill/8bc1c7da-c832-4896-a441-30d087c46aad,examine engineering principles,study engineering principles,"conducting studies, investigations and examinations","conducting studies, investigations and examinations",information skills,skills,False,False,False,False,7,94.28571428571429
esco_1116,http://data.europa.eu/esco/skill/8bc75dce-beba-40f9-93fc-66c9708ed74b,advise on efficiency improvements,advise on improving efficiency,advising on business or operational matters,advising and consulting,"communication, collaboration and creativity",skills,False,False,False,False,8,76.25
esco_1117,http://data.europa.eu/esco/skill/8bcf4ef0-edda-4f6a-a1ce-7defb1d324d6,perform water treatment procedures,implement water treatment procedures,"operating petroleum, chemical or water processing systems or equipment",operating machinery for the extraction and processing of raw materials,working with machinery and specialised equipment,skills,True,False,False,False,8,78.75
esco_1118,http://data.europa.eu/esco/skill/8bd49d04-ab2f-4333-b5d9-12d716e4e2f6,resuscitation,CPR,nursing and midwifery,health,health and welfare,knowledge,False,False,False,False,4,100.0
esco_1119,http://data.europa.eu/esco/skill/8bde58aa-9d5b-422b-801c-ff9186dd648e,handling and disposing of hazardous materials,,handling and disposing of waste and hazardous materials,handling and moving,skills,,False,False,False,False,1,80.0
esco_1120,http://data.europa.eu/esco/skill/8bf9699c-f964-4e4b-ac3d-55aface09cbc,operating energy production or distribution equipment,,operating machinery for the extraction and processing of raw materials,working with machinery and specialised equipment,skills,,False,False,False,False,1,50.0
esco_1121,http://data.europa.eu/esco/skill/8c1e6867-3404-4676-ab79-8ad6fa55d9a4,engage with offenders,work with offenders,"counselling on personal, family or social issues",counselling,assisting and caring,skills,False,False,False,False,1,80.0
esco_1122,http://data.europa.eu/esco/skill/8c1ffdbd-3581-4102-bcf9-d802ded713fa,types of pensions,,management and administration,business and administration,"business, administration and law",knowledge,False,False,False,False,1,50.0
esco_1123,http://data.europa.eu/esco/skill/8c4c49d4-9708-433f-8ca7-bf2c5211ee49,develop creative ideas,developing creative ideas,creating artistic designs or performances,"creating artistic, visual or instructive materials","communication, collaboration and creativity",skills,False,False,False,False,1,100.0
esco_1124,http://data.europa.eu/esco/skill/8c6feedd-339f-4dba-b28a-dae84c759853,develop project schedule,developing a project schedule,planning events and programmes,"organising, planning and scheduling work and activities",management skills,skills,False,False,False,False,5,80.0
esco_1125,http://data.europa.eu/esco/skill/8c855071-e09d-4f08-9af9-bdc9de6d909e,perform media outlets research,perform research on media outlets,conducting academic or market research,"conducting studies, investigations and examinations",information skills,skills,False,False,False,False,2,65.0
esco_1126,http://data.europa.eu/esco/skill/8d202e22-85e9-47b1-a1e0-3296d17244cd,observe confidentiality,oversee confidentiality,protecting privacy and personal data,protecting and enforcing,assisting and caring,skills,False,False,False,False,14,99.28571428571429
esco_1127,http://data.europa.eu/esco/skill/8d4271ca-c9fd-40b3-875f-15f78332a49e,quality standards,,wholesale and retail sales,business and administration,"business, administration and law",knowledge,False,False,False,False,25,75.2
esco_1128,http://data.europa.eu/esco/skill/8d49f760-3765-4612-8d40-a2bdd50738fe,fill out forms,filling out forms,entering and transforming information,processing information,information skills,skills,False,False,False,False,1,100.0
esco_1129,http://data.europa.eu/esco/skill/8d5ee6a9-f93a-481f-940c-b082220b7413,evaluate entertainment programme,conduct survey to assess leisure programmes,"evaluating systems, programmes, equipment and products",analysing and evaluating information and data,information skills,skills,False,False,False,False,1,80.0
esco_1130,http://data.europa.eu/esco/skill/8da6cd59-61e1-43c4-8dfc-bc69d283ccc7,packaging objects,,sorting and packaging goods and materials,handling and moving,skills,,False,False,False,False,3,80.0
esco_1131,http://data.europa.eu/esco/skill/8dba2a16-2804-4d60-a385-73c0734db749,coordinate automotive repair and maintenance service,coordinate automotive repair and maintenance services,monitor vehicle repairs,planning events and programmes,"organising, planning and scheduling work and activities",management skills,False,False,False,False,1,80.0
esco_1132,http://data.europa.eu/esco/skill/8dcbcabe-09f7-4d11-940d-125af57bbc40,track key performance indicators,undertake key performance indicators,manage quantitative data,"managing, gathering and storing digital data",accessing and analysing digital data,working with computers,False,False,False,False,7,80.0
esco_1133,http://data.europa.eu/esco/skill/8dd2806f-6dcf-477c-a5bf-66b5d6e02637,prepare correspondence for customers,preparing correspondence for customers,performing general clerical and administrative tasks,performing administrative activities,management skills,skills,False,False,False,False,4,77.5
esco_1134,http://data.europa.eu/esco/skill/8ddcb295-707e-459c-ba6a-66ffb37835c5,operating audio-visual equipment,,using precision instrumentation and equipment,working with machinery and specialised equipment,skills,,False,False,False,False,2,80.0
esco_1135,http://data.europa.eu/esco/skill/8df59017-f8e3-4a48-b321-79a38c597748,manage tests,managing tests,"conducting studies, investigations and examinations","conducting studies, investigations and examinations",information skills,skills,False,False,False,False,2,65.0
esco_1136,http://data.europa.eu/esco/skill/8e207517-34bf-4711-a0aa-c8a557ab692f,create special effects,creating special effects,creating visual displays and decorations,"creating artistic, visual or instructive materials","communication, collaboration and creativity",skills,False,False,False,False,1,80.0
esco_1137,http://data.europa.eu/esco/skill/8e261d1c-12c0-498e-bfc2-ec0c16496c68,crisis intervention,,social work and counselling,welfare,health and welfare,knowledge,False,False,False,False,4,100.0
esco_1138,http://data.europa.eu/esco/skill/8e74635a-abf2-4c5a-a6b2-7d00827573d4,operate drill press,,"operating cutting, grinding and smoothing machinery",operating machinery for the manufacture of products,working with machinery and specialised equipment,skills,False,False,False,False,2,100.0
esco_1139,http://data.europa.eu/esco/skill/8e91c9b3-45de-4db2-91df-138d10031cf0,log transmitter readings,,report facts,communicating,social and communication skills and competences,transversal skills and competences,False,True,False,False,1,80.0
esco_1140,http://data.europa.eu/esco/skill/8ed41305-4abf-4b54-9f8f-0e043d26feba,developing policies and legislation,,developing objectives and strategies,management skills,skills,,False,False,False,False,9,76.66666666666667
esco_1141,http://data.europa.eu/esco/skill/8ee39fb7-8b46-490e-ae21-6e8b32854dd6,manage dispatch software systems,,using digital tools to control machinery,using digital tools to control machinery,working with computers,skills,False,True,False,False,1,50.0
esco_1142,http://data.europa.eu/esco/skill/8eebf05f-4495-4fd5-b1f0-cb85750295be,maintain hydraulic systems,repair hydraulic systems,maintaining mechanical machinery,"installing, maintaining and repairing mechanical equipment",working with machinery and specialised equipment,skills,False,False,False,False,1,100.0
esco_1143,http://data.europa.eu/esco/skill/8f2a4d74-b16f-4023-8fc1-b8dc8b21ffb9,molecular biology,,biology,biological and related sciences,"natural sciences, mathematics and statistics",knowledge,False,False,False,False,3,100.0
esco_1144,http://data.europa.eu/esco/skill/8f5d6a1b-32fa-4c3f-b3d6-5f070d2e0f74,therapy in health care,therapy in healthcare,therapy and rehabilitation,health,health and welfare,knowledge,False,False,False,False,1,100.0
esco_1145,http://data.europa.eu/esco/skill/8f9f8b20-ff26-4392-b04f-695dcde5b90a,presenting research or technical information,,presenting information,"communication, collaboration and creativity",skills,,False,False,False,False,4,100.0
esco_1146,http://data.europa.eu/esco/skill/8fd96f45-e2ff-48e3-8829-5f25684993b9,write storylines,compose storylines,artistic and creative writing,writing and composing,"communication, collaboration and creativity",skills,False,False,False,False,1,50.0
esco_1147,http://data.europa.eu/esco/skill/8fde007e-ea4c-48c2-84c5-752834acd31d,"conducting studies, investigations and examinations",,"conducting studies, investigations and examinations",information skills,skills,,False,False,False,False,10,96.0
esco_1148,http://data.europa.eu/esco/skill/8fea133a-8e3d-4ae6-89b6-94961445ee85,ensure correct gas pressure,,manage quality,working efficiently,self-management skills and competences,transversal skills and competences,False,False,False,False,1,100.0
esco_1149,http://data.europa.eu/esco/skill/8ff314a8-57d7-4b8c-bf41-79f9572fedd0,use digital illustration techniques,illustrate drawings digitally,using computer aided design and drawing tools,"using digital tools for collaboration, content creation and problem solving",working with computers,skills,False,True,False,False,1,80.0
esco_1150,http://data.europa.eu/esco/skill/901105f8-3a08-453e-b1dc-23619e317fd3,create flowchart diagram,,design process,designing systems and products,designing systems and products,"communication, collaboration and creativity",False,False,False,False,3,70.0
esco_1151,http://data.europa.eu/esco/skill/902fb91c-3113-4004-9b4f-79aa86b638b7,web application security threats,open web application security project,computer use,information and communication technologies (icts),information and communication technologies (icts),knowledge,False,True,False,False,1,50.0
esco_1152,http://data.europa.eu/esco/skill/905e8db4-0429-4abf-a11d-8df2547f4cff,work on the effects of abuse,work on trauma caused by abuse,"counselling on personal, family or social issues",counselling,assisting and caring,skills,False,False,False,False,1,80.0
esco_1153,http://data.europa.eu/esco/skill/906211b3-afed-4a2b-b5e1-33f2885fee85,performing general clerical and administrative tasks,,performing administrative activities,management skills,skills,,False,False,False,False,6,96.66666666666667
esco_1154,http://data.europa.eu/esco/skill/906323f4-00c4-4c3b-ab5a-8af77be3456e,create data sets,creating data sets,use databases,"managing, gathering and storing digital data",accessing and analysing digital data,working with computers,False,True,False,False,9,83.33333333333333
esco_1155,http://data.europa.eu/esco/skill/906e5de0-f86d-4a10-a89b-30cee6a09adf,hoshin kanri strategic planning,visual strategy planning,think holistically,"processing information, ideas and concepts",thinking skills and competences,transversal skills and competences,False,False,False,False,1,80.0
esco_1156,http://data.europa.eu/esco/skill/909a28ce-d4b6-4567-9b74-d111f1ed9633,maintain plan for continuity of operations,,developing contingency and emergency response plans,developing objectives and strategies,management skills,skills,False,False,False,False,3,70.0
esco_1157,http://data.europa.eu/esco/skill/909c2e48-262e-4ebe-be05-5324ab086c1d,generate reconciliation reports,generating reconciliation reports,maintaining operational records,documenting and recording information,information skills,skills,False,False,False,False,1,50.0
esco_1158,http://data.europa.eu/esco/skill/90a7db00-9262-482d-b50c-12d12b7a7d98,manage health promotion activities,implement health promotion activities,manage time,working efficiently,self-management skills and competences,transversal skills and competences,False,False,False,False,1,80.0
esco_1159,http://data.europa.eu/esco/skill/90e8f54b-064f-4721-8ccc-b5f61968b227,organise training,prepare a training session,developing educational programmes,developing objectives and strategies,management skills,skills,False,False,False,False,10,84.0
esco_1160,http://data.europa.eu/esco/skill/910becaf-d07b-455a-a363-0bf9430afb51,clean equipment,clean apparatus,"cleaning tools, equipment, workpieces and vehicles",cleaning,handling and moving,skills,False,False,False,False,3,86.66666666666667
esco_1161,http://data.europa.eu/esco/skill/910d3486-db3e-40ec-a632-fea4db55dc59,operate hydraulic jack lift,,operate maritime lifting equipment,operating lifting or moving equipment,operating mobile plant,working with machinery and specialised equipment,False,False,False,False,1,80.0
esco_1162,http://data.europa.eu/esco/skill/911e13ee-1eec-4243-88c8-3c08a3681a19,manage resources,resources management,allocating and controlling resources,allocating and controlling resources,management skills,skills,False,False,False,False,5,92.0
esco_1163,http://data.europa.eu/esco/skill/9132541b-d9b4-4f98-ad69-a7d619b7db8e,use shaping machinery,use a shaping machine,"operating metal, plastic or rubber forming equipment",operating machinery for the manufacture of products,working with machinery and specialised equipment,skills,False,False,False,False,1,80.0
esco_1164,http://data.europa.eu/esco/skill/913e7e83-b8f8-4574-b1ca-1b38f3fd974a,execute software tests,test application,plan software testing,planning production processes,"organising, planning and scheduling work and activities",management skills,False,True,False,False,10,88.0
esco_1165,http://data.europa.eu/esco/skill/91860993-1a8b-4473-91f3-600aa1924bd0,taking a proactive approach,,self-management skills and competences,transversal skills and competences,,,False,False,False,False,10,96.0
esco_1166,http://data.europa.eu/esco/skill/918f5211-b99f-4b29-9a34-6e475583ef55,write work-related reports,write reports,report facts,communicating,social and communication skills and competences,transversal skills and competences,False,False,False,False,49,90.40816326530613
esco_1167,http://data.europa.eu/esco/skill/9190d87f-9792-42e0-bb7f-64294a656bcd,monitor system performance,system logging,installing wooden and metal components,building and repairing structures,constructing,skills,False,True,False,False,3,86.66666666666667
esco_1168,http://data.europa.eu/esco/skill/91abe492-18be-4cce-93c7-0dca07072363,meet deadlines,achieve deadlines,manage time,working efficiently,self-management skills and competences,transversal skills and competences,False,False,False,False,165,97.63636363636364
esco_1169,http://data.europa.eu/esco/skill/91b0b918-942e-4661-b88c-70b9396529e5,working with others,,working with others,"communication, collaboration and creativity",skills,,False,False,False,False,9,76.66666666666667
esco_1170,http://data.europa.eu/esco/skill/91dd8397-063d-499c-83b9-0603a10d94ac,writing techniques,writing practices,literary techniques,literature and linguistics,languages,arts and humanities,False,False,False,False,1,50.0
esco_1171,http://data.europa.eu/esco/skill/920764e7-43c6-42c0-b2a6-2cbcc07fafc2,monitor equipment condition,monitor equipment,installing wooden and metal components,building and repairing structures,constructing,skills,False,False,False,False,1,50.0
esco_1172,http://data.europa.eu/esco/skill/921f52c7-d977-4e84-8b62-adf64fed999f,develop architectural plans,drafting architectural plans,designing structures or facilities,designing systems and products,"communication, collaboration and creativity",skills,False,False,False,False,2,80.0
esco_1173,http://data.europa.eu/esco/skill/92721092-fe7c-4689-96bd-4f02385bc0e7,manage contracts,regulate manage contracts,negotiating and managing contracts and agreements,negotiating,"communication, collaboration and creativity",skills,False,False,False,False,21,89.04761904761905
esco_1174,http://data.europa.eu/esco/skill/9295d1c5-8d7d-423e-a6ce-dfbc1d991f88,apply digital mapping,applying digital mapping,using computer aided design and drawing tools,"using digital tools for collaboration, content creation and problem solving",working with computers,skills,False,True,False,False,5,86.0
esco_1175,http://data.europa.eu/esco/skill/92fc9726-5b5e-439e-a33c-06a8c63fbb9a,allocating and controlling resources,,allocating and controlling resources,management skills,skills,,False,False,False,False,3,80.0
esco_1176,http://data.europa.eu/esco/skill/931bfed9-8ce6-4b79-ba95-416852d3e0d6,monitor workload,,monitoring operational activities,"monitoring, inspecting and testing",information skills,skills,False,False,False,False,2,80.0
esco_1177,http://data.europa.eu/esco/skill/933e7ccf-5d56-46ba-aca4-857f826a6b3a,administer appointments,schedule appointments,manage time,working efficiently,self-management skills and competences,transversal skills and competences,False,False,False,False,3,100.0
esco_1178,http://data.europa.eu/esco/skill/935d6f91-60c7-4eec-b6e0-255f96fa37d3,design lighting,designing lighting,creating artistic designs or performances,"creating artistic, visual or instructive materials","communication, collaboration and creativity",skills,False,False,False,False,2,80.0
esco_1179,http://data.europa.eu/esco/skill/935f7adb-b7fb-474f-a509-cddee89889d1,review unpublished articles,edit articles,analysing and evaluating information and data,analysing and evaluating information and data,information skills,skills,False,False,False,False,3,80.0
esco_1180,http://data.europa.eu/esco/skill/93aaf65c-5aad-4e6f-a7ba-ce9bf7c0e6e6,information categorisation,,"library, information and archival studies",journalism and information,"social sciences, journalism and information",knowledge,False,True,False,False,2,90.0
esco_1181,http://data.europa.eu/esco/skill/93e65de1-923c-437e-aa5b-e6002967ce71,web based collaborative platforms,,database and network design and administration,information and communication technologies (icts),information and communication technologies (icts),knowledge,False,True,False,False,7,75.71428571428571
esco_1182,http://data.europa.eu/esco/skill/93f1caa3-df33-4de7-98da-40f5fc30fd52,forensic intelligence,,protection of persons and property,security services,services,knowledge,False,False,False,False,2,80.0
esco_1183,http://data.europa.eu/esco/skill/940a70fa-7c58-423b-8d03-34920b59f0f7,manage processes,oversee processes,management skills,management skills,management skills,skills,False,False,False,False,9,82.22222222222223
esco_1184,http://data.europa.eu/esco/skill/941364b9-1375-4add-9889-d67bae99bc8c,write technical reports,composing technical reports,technical or academic writing,writing and composing,"communication, collaboration and creativity",skills,False,False,False,False,21,87.14285714285714
esco_1185,http://data.europa.eu/esco/skill/941438bd-cc03-4326-91bf-677157dca170,support social service users to live at home,help social services users to live at home,coaching and mentoring,teaching and training,"communication, collaboration and creativity",skills,False,False,False,False,2,80.0
esco_1186,http://data.europa.eu/esco/skill/94747ff4-603d-47d4-9780-bf53be41e190,inspect industrial equipment,industrial equipment inspecting,installing wooden and metal components,building and repairing structures,constructing,skills,True,False,False,False,1,100.0
esco_1187,http://data.europa.eu/esco/skill/949ced5f-7536-4614-ac60-563ffc91a2f2,strategic planning,,management and administration,business and administration,"business, administration and law",knowledge,False,False,False,False,25,88.0
esco_1188,http://data.europa.eu/esco/skill/949ee0a9-d22b-4a56-bc7a-7ed35bf0b839,reproductive health,,medicine,health,health and welfare,knowledge,False,False,False,False,1,80.0
esco_1189,http://data.europa.eu/esco/skill/94b2c46e-6338-4a1d-950a-d44eef018c53,collaborate with engineers,,working in teams,working with others,"communication, collaboration and creativity",skills,False,False,False,False,1,80.0
esco_1190,http://data.europa.eu/esco/skill/94c47c75-815b-403f-990c-1210e950e0b9,interrogate individuals,interrogating individuals,use questioning techniques,listening and asking questions,obtaining information verbally,"communication, collaboration and creativity",False,False,False,False,1,100.0
esco_1191,http://data.europa.eu/esco/skill/94dd823c-148e-4614-a6e8-99249b16357d,ICT project management,,management and administration,business and administration,"business, administration and law",knowledge,False,True,False,False,10,70.0
esco_1192,http://data.europa.eu/esco/skill/95013213-ee67-493b-86d0-e383e0f72482,domestic heating systems,,electricity and energy,engineering and engineering trades,"engineering, manufacturing and construction",knowledge,True,False,False,False,1,50.0
esco_1193,http://data.europa.eu/esco/skill/953445c0-4770-4be0-91cf-270a64c0e297,implement strategic management,,implementing new procedures or processes,solving problems,"communication, collaboration and creativity",skills,False,False,False,False,3,80.0
esco_1194,http://data.europa.eu/esco/skill/953c0b65-537a-42fe-a90b-26cd36c64361,manage logistics,adapt logistics according to the planned works,planning production processes,"organising, planning and scheduling work and activities",management skills,skills,False,False,False,False,4,85.0
esco_1195,http://data.europa.eu/esco/skill/956cd4b3-6cf2-4871-b275-9a34a770c633,advise on provision of social services,,"advising on legal, regulatory or procedural matters",advising and consulting,"communication, collaboration and creativity",skills,False,False,False,False,3,50.0
esco_1196,http://data.europa.eu/esco/skill/9570e84e-6699-4c9f-9a12-7bc82d53a231,public health,health promotion for the public,medicine,health,health and welfare,knowledge,False,False,False,False,25,88.0
esco_1197,http://data.europa.eu/esco/skill/9581639c-e521-4d12-9b4e-25faca24d34b,supervise crew,supervise work force,lead others,leading others,social and communication skills and competences,transversal skills and competences,False,False,False,False,1,80.0
esco_1198,http://data.europa.eu/esco/skill/958559fd-7ab8-44f6-9d65-eb521dc308a5,assess risks and implications of a design,evaluating design risks and implications,performing risk analysis and management,analysing and evaluating information and data,information skills,skills,False,False,False,False,1,80.0
esco_1199,http://data.europa.eu/esco/skill/958b8802-ec3e-4813-97f7-6c8f48610dbd,identify process improvements,determine improvement actions,identifying opportunities,developing objectives and strategies,management skills,skills,False,False,False,False,8,88.75
esco_1200,http://data.europa.eu/esco/skill/95930ceb-4d39-44d1-a361-b60bad7df2e5,speech techniques,voice and speaking techniques,literature and linguistics,languages,arts and humanities,knowledge,False,False,False,False,2,65.0
esco_1201,http://data.europa.eu/esco/skill/95bbefbd-3c7f-47da-9f73-cc3f93551f8b,verify qualifications of water transport crew,,verifying identities and documentation,protecting and enforcing,assisting and caring,skills,False,False,False,False,1,50.0
esco_1202,http://data.europa.eu/esco/skill/95bf4552-6d5b-41dc-b990-53ace372f705,"documenting technical designs, procedures, problems or activities",,documenting and recording information,information skills,skills,,False,False,False,False,4,87.5
esco_1203,http://data.europa.eu/esco/skill/95bff246-c3ce-4181-a11b-e4363453c2f8,environmental management standards,ISO 14001,environmental protection technology,engineering and engineering trades,"engineering, manufacturing and construction",knowledge,True,False,False,False,13,83.07692307692308
esco_1204,http://data.europa.eu/esco/skill/95c35c3a-035f-47c2-90cf-7e934d20fc08,electronics,principles of electronic systems,electronics and automation,engineering and engineering trades,"engineering, manufacturing and construction",knowledge,False,True,False,False,2,65.0
esco_1205,http://data.europa.eu/esco/skill/95ee5e38-5c1e-4cd2-a21d-6921390025a9,usability engineering,,software and applications development and analysis,information and communication technologies (icts),information and communication technologies (icts),knowledge,False,False,False,False,2,65.0
esco_1206,http://data.europa.eu/esco/skill/95f4631e-fcde-467f-8277-01e824b40a06,analyse road traffic patterns,analyze  road traffic patterns,analysing and evaluating information and data,analysing and evaluating information and data,information skills,skills,False,False,False,False,1,80.0
esco_1207,http://data.europa.eu/esco/skill/9601b2a8-68e4-4906-9306-a23679b8f0b0,supervise staff,supervision staff,supervising a team or group,supervising people,management skills,skills,False,False,False,False,56,96.07142857142857
esco_1208,http://data.europa.eu/esco/skill/96550830-539b-4746-96aa-92aa4959945d,apply risk management processes,applying risk management processes,performing risk analysis and management,analysing and evaluating information and data,information skills,skills,False,False,False,False,2,80.0
esco_1209,http://data.europa.eu/esco/skill/96de2e86-e287-41f2-88ab-15a2343afc6f,resolve conflicts,mediate in conflicts,communicating,social and communication skills and competences,transversal skills and competences,,False,False,False,False,19,90.52631578947368
esco_1210,http://data.europa.eu/esco/skill/96eb286a-58b7-45ff-a916-5578d0b79b8c,Rapid application development,,software and applications development and analysis,information and communication technologies (icts),information and communication technologies (icts),knowledge,False,True,False,False,1,80.0
esco_1211,http://data.europa.eu/esco/skill/9714735d-6f60-440b-bdbc-aaf45ebcbe78,analyse the context of an organisation,analyze  the context of an organization,perform business analysis,analysing business operations,analysing and evaluating information and data,information skills,False,False,False,False,3,70.0
esco_1212,http://data.europa.eu/esco/skill/9775c2f8-6c1f-4fb8-8c03-c7081dafc0b5,manage car park operations,manage and monitor car park activities,manage aircraft parking areas,management skills,management skills,management skills,False,False,False,False,1,50.0
esco_1213,http://data.europa.eu/esco/skill/977ea26a-3721-4f5e-9a99-b6676ff6ba7d,design piers,designing piers,designing structures or facilities,designing systems and products,"communication, collaboration and creativity",skills,False,False,False,False,1,50.0
esco_1214,http://data.europa.eu/esco/skill/978db6a1-7297-4c89-819a-47605f2c3ba8,manage software releases,,developing operational policies and procedures,developing objectives and strategies,management skills,skills,False,True,False,False,3,70.0
esco_1215,http://data.europa.eu/esco/skill/97b246e3-4f45-4708-9734-cd3158d868cf,demonstrate motivation for sales,,leading and motivating,leading and motivating,management skills,skills,False,False,False,False,1,50.0
esco_1216,http://data.europa.eu/esco/skill/97b713f0-b9e8-4903-8dee-7e0b4019a1c0,employment law,employment laws,law,law,"business, administration and law",knowledge,False,False,False,False,6,90.0
esco_1217,http://data.europa.eu/esco/skill/97bd1c21-66b2-4b7e-ad0f-e3cda590e378,data analytics,,database and network design and administration,information and communication technologies (icts),information and communication technologies (icts),knowledge,False,True,False,False,112,87.94642857142857
esco_1218,http://data.europa.eu/esco/skill/97e46fd4-8b3a-4068-859b-6eaa7216da54,implement safety management systems,,follow safety precautions in work practices,complying with health and safety procedures,protecting and enforcing,assisting and caring,False,False,False,False,1,50.0
esco_1219,http://data.europa.eu/esco/skill/97fb21db-a4e5-4b03-af21-03b9d510d872,operate GPS systems,GPS systems using,using digital tools for collaboration and productivity,"using digital tools for collaboration, content creation and problem solving",working with computers,skills,False,True,False,False,1,100.0
esco_1220,http://data.europa.eu/esco/skill/98119761-07b9-4e27-ae16-23586ab4becb,examine the conditions of buildings,examine building conditions,monitoring safety or security,"monitoring, inspecting and testing",information skills,skills,False,False,False,False,3,70.0
esco_1221,http://data.europa.eu/esco/skill/981f770c-24f1-4711-afc0-13a6fa1a33ab,create designs for pipeline engineering,design pipeline engineering,designing structures or facilities,designing systems and products,"communication, collaboration and creativity",skills,False,False,False,False,2,80.0
esco_1222,http://data.europa.eu/esco/skill/98301d4a-2cc3-439d-8d7f-0b6ac76302bb,business process modelling,process modelling,management and administration,business and administration,"business, administration and law",knowledge,False,False,False,False,7,81.42857142857143
esco_1223,http://data.europa.eu/esco/skill/9889b795-d755-41b2-8afd-2e3c87a65a38,use customer relationship management software,,using digital tools for collaboration and productivity,"using digital tools for collaboration, content creation and problem solving",working with computers,skills,False,True,False,False,2,90.0
esco_1224,http://data.europa.eu/esco/skill/988f4ac3-a37c-4b0a-a40f-4e0e56b5919e,promote the transfer of knowledge,,"advising on legal, regulatory or procedural matters",advising and consulting,"communication, collaboration and creativity",skills,False,False,False,True,1,80.0
esco_1225,http://data.europa.eu/esco/skill/989dc903-5838-4d84-8e04-e5b7a2ba97c5,apply safety management,application of safety management,follow safety precautions in work practices,complying with health and safety procedures,protecting and enforcing,assisting and caring,False,False,False,False,1,80.0
esco_1226,http://data.europa.eu/esco/skill/98a1dec3-8138-4f46-a596-5e2a83b884b9,business analytics,business data analytics,statistics,mathematics and statistics,"natural sciences, mathematics and statistics",knowledge,False,True,False,False,7,85.71428571428571
esco_1227,http://data.europa.eu/esco/skill/98f14bc9-4eb6-4628-92d2-ed79a649d5c8,develop occupational classification systems,,develop classification systems,managing information,managing information,information skills,False,False,False,False,1,50.0
esco_1228,http://data.europa.eu/esco/skill/99095ca0-1218-462d-9e95-79e334ba8b63,analyse transport studies,evaluate transport studies,analysing business operations,analysing and evaluating information and data,information skills,skills,False,False,False,False,7,67.14285714285714
esco_1229,http://data.europa.eu/esco/skill/99571e68-801f-49af-a897-5f75996642e1,financial analysis,fiscal analysis,"finance, banking and insurance",business and administration,"business, administration and law",knowledge,False,False,False,False,10,91.0
esco_1230,http://data.europa.eu/esco/skill/995ad47c-bfc5-45fd-91ec-35cad3f7d368,contribute to the safeguarding of children,,provide safeguarding to individuals,report facts,communicating,social and communication skills and competences,False,False,False,False,1,90.0
esco_1231,http://data.europa.eu/esco/skill/99814cb0-5f6c-4663-99a4-af28b11d5d2f,healthcare data systems,health care data systems,medical diagnostic and treatment technology,health,health and welfare,knowledge,False,True,False,False,6,80.0
esco_1232,http://data.europa.eu/esco/skill/9983816d-cc78-4d3f-9e3c-c7baa9ebc77a,computer equipment,computing equipment,product comprehension,wholesale and retail sales,business and administration,"business, administration and law",False,True,False,False,2,65.0
esco_1233,http://data.europa.eu/esco/skill/99a09006-31f4-41d3-b3aa-feb2aeff730b,specialist nursing care,,nursing and midwifery,health,health and welfare,knowledge,False,False,False,False,1,80.0
esco_1234,http://data.europa.eu/esco/skill/99c4c69a-025c-464f-adda-874c7f107a31,engage with stakeholders,,developing professional relationships or networks,liaising and networking,"communication, collaboration and creativity",skills,False,False,False,False,31,85.16129032258064
esco_1235,http://data.europa.eu/esco/skill/99c90174-eb03-4221-b1b6-1ad8b7035e15,health education,education on health,teacher training with subject specialisation,education,education,knowledge,False,False,False,False,12,85.83333333333333
esco_1236,http://data.europa.eu/esco/skill/99ca6ed2-b6b8-4eb0-8180-92e750e546be,liaise with quality assurance,liaison with quality assurance,collaborating and liaising,liaising and networking,"communication, collaboration and creativity",skills,False,False,False,False,1,90.0
esco_1237,http://data.europa.eu/esco/skill/99fc129e-360c-4174-9553-5c666a64a395,prepare scientific reports,preparation of technical reports,technical or academic writing,writing and composing,"communication, collaboration and creativity",skills,False,False,False,False,5,86.0
esco_1238,http://data.europa.eu/esco/skill/9a0d0abc-010d-440b-8242-7e31510471ba,information governance compliance,governance information compliance,journalism and reporting,journalism and information,"social sciences, journalism and information",knowledge,False,False,False,False,3,70.0
esco_1239,http://data.europa.eu/esco/skill/9a7cc3c2-b529-44a4-ab8e-f04fc91362e2,professional documentation in health care,,nursing and midwifery,health,health and welfare,knowledge,False,False,False,False,1,80.0
esco_1240,http://data.europa.eu/esco/skill/9a9272df-398b-4787-bd51-53d5e8d999eb,support service users to use technological aids,support service users to use a technological aid,fitting assistive devices,providing health care or medical treatments,assisting and caring,skills,False,False,False,False,1,80.0
esco_1241,http://data.europa.eu/esco/skill/9ad0f884-464c-4491-adf3-4cea37ccffad,maintain water distribution equipment,,installing wooden and metal components,building and repairing structures,constructing,skills,False,False,False,False,2,80.0
esco_1242,http://data.europa.eu/esco/skill/9af1bd12-01bd-4d6a-947b-69e64f23150a,process qualitative information,processing qualitative information,analysing and evaluating information and data,analysing and evaluating information and data,information skills,skills,False,False,False,False,4,82.5
esco_1243,http://data.europa.eu/esco/skill/9b30c8fd-6467-4d16-99e0-32899a9ceec0,lay out digital written content,format digital written content,entering and transforming information,processing information,information skills,skills,False,True,False,False,3,66.66666666666667
esco_1244,http://data.europa.eu/esco/skill/9b63d92b-5a3a-46b0-b2ba-c98b39ea5aaf,health care system,the healthcare system,occupational health and safety,hygiene and occupational health services,services,knowledge,False,False,False,False,3,100.0
esco_1245,http://data.europa.eu/esco/skill/9b862976-aa05-4bde-8ed6-8f39790edd0f,procurement legislation,,law,law,"business, administration and law",knowledge,False,False,False,False,7,67.14285714285714
esco_1246,http://data.europa.eu/esco/skill/9b9662e0-100a-4314-9bdc-8146a7105c3d,develop scientific research protocols,write scientific research protocols,conducting academic or market research,"conducting studies, investigations and examinations",information skills,skills,False,False,False,False,3,80.0
esco_1247,http://data.europa.eu/esco/skill/9b9c1749-786a-42d5-a904-a1bcd9865d86,meet the requirements of social security reimbursement bodies,ensure reimbursement criteria are met,ensuring compliance with legislation,protecting and enforcing,assisting and caring,skills,False,False,False,False,1,80.0
esco_1248,http://data.europa.eu/esco/skill/9b9de2a4-d8af-4a7b-933a-a8334ae60067,JavaScript Framework,,database and network design and administration,information and communication technologies (icts),information and communication technologies (icts),knowledge,False,True,False,False,1,100.0
esco_1249,http://data.europa.eu/esco/skill/9bb92e10-a5a9-437e-8101-8be2d7f631ff,advise on legal decisions,strategise legal decisions,"advising on legal, regulatory or procedural matters",advising and consulting,"communication, collaboration and creativity",skills,False,False,False,False,2,80.0
esco_1250,http://data.europa.eu/esco/skill/9bcfccac-8920-4024-9aef-a06f8c035063,follow reporting procedures,following reporting procedures,report facts,communicating,social and communication skills and competences,transversal skills and competences,False,False,False,False,1,50.0
esco_1251,http://data.europa.eu/esco/skill/9bd1ac3d-7656-47dc-83c7-7a5e3d1ea519,conduct participatory research,participatory research,conducting academic or market research,"conducting studies, investigations and examinations",information skills,skills,False,False,False,False,3,86.66666666666667
esco_1252,http://data.europa.eu/esco/skill/9bdf8a77-8524-43da-bac6-d15d22e1b7ed,entering and transforming information,,processing information,information skills,skills,,False,False,False,False,3,80.0
esco_1253,http://data.europa.eu/esco/skill/9bf266a6-188b-4d17-a22f-2f266d76832b,demonstrate willingness to learn,direct own learning,demonstrating willingness to learn,self-management skills and competences,transversal skills and competences,,False,False,False,False,18,94.44444444444444
esco_1254,http://data.europa.eu/esco/skill/9c071f1d-eac3-449d-b004-c14775b5a3b9,mechanical engineering,,mechanics and metal trades,engineering and engineering trades,"engineering, manufacturing and construction",knowledge,False,False,False,False,6,96.66666666666667
esco_1255,http://data.europa.eu/esco/skill/9c0ac2f1-6ed5-4413-9831-e8e3f8b0d695,manage backlogs,,"directing, supervising and coordinating projects","organising, planning and scheduling work and activities",management skills,skills,False,False,False,False,1,80.0
esco_1256,http://data.europa.eu/esco/skill/9c0f93f7-2592-4d4d-9673-fd640502345f,"use equipment, tools or technology with precision",use hand tools,manipulating and controlling objects and equipment,physical and manual skills and competences,transversal skills and competences,,False,False,False,False,7,67.14285714285714
esco_1257,http://data.europa.eu/esco/skill/9c17f73f-345c-4c55-8b59-47b445941b7b,mediating and resolving disputes,,negotiating,"communication, collaboration and creativity",skills,,False,False,False,False,6,86.66666666666667
esco_1258,http://data.europa.eu/esco/skill/9c1e94ad-6c81-4fce-bc16-f7cf2e730cf0,primary care,,nursing and midwifery,health,health and welfare,knowledge,False,False,False,False,1,80.0
esco_1259,http://data.europa.eu/esco/skill/9c3db86b-2cbf-4f8a-82e1-08533494c7a9,maintain power plants,maintaining power plants,"maintaining electrical, electronic and precision equipment","installing, maintaining and repairing electrical, electronic and precision equipment",working with machinery and specialised equipment,skills,False,False,False,False,1,100.0
esco_1260,http://data.europa.eu/esco/skill/9ce52938-fe28-4548-b38d-0c783933e19a,edit digital moving images,edit digital footage,creating visual displays and decorations,"creating artistic, visual or instructive materials","communication, collaboration and creativity",skills,False,True,False,False,1,100.0
esco_1261,http://data.europa.eu/esco/skill/9ce670ec-318c-4a91-9179-03437db728dc,ICT software specifications,ICT software specifying,software and applications development and analysis,information and communication technologies (icts),information and communication technologies (icts),knowledge,False,True,False,False,2,65.0
esco_1262,http://data.europa.eu/esco/skill/9cf681c7-89ec-470c-b651-7fe03786f586,query languages,,software and applications development and analysis,information and communication technologies (icts),information and communication technologies (icts),knowledge,False,True,False,False,1,50.0
esco_1263,http://data.europa.eu/esco/skill/9d0d89be-bffa-4393-b6f6-8d05bea49051,"data extraction, transformation and loading tools",ETL,database and network design and administration,information and communication technologies (icts),information and communication technologies (icts),knowledge,False,True,False,False,8,70.0
esco_1264,http://data.europa.eu/esco/skill/9d1b08b3-ba1e-41f6-a466-1ac1e62eb5f0,conduct ICT code review,,programming computer systems,programming computer systems,working with computers,skills,False,True,False,False,4,100.0
esco_1265,http://data.europa.eu/esco/skill/9d2e926f-53d9-41f5-98f3-19dfaa687f3f,tools for software configuration management,software tools for version control,software and applications development and analysis,information and communication technologies (icts),information and communication technologies (icts),knowledge,False,True,False,False,6,80.0
esco_1266,http://data.europa.eu/esco/skill/9d2f77af-4307-4ac5-bc50-a9980cec7e83,develop reporting software,,programming computer systems,programming computer systems,working with computers,skills,False,True,False,False,8,76.25
esco_1267,http://data.europa.eu/esco/skill/9d5521f9-44d7-4db4-b7ac-0ba7d389f44d,liaise with colleagues,work together with colleagues,collaborating and liaising,liaising and networking,"communication, collaboration and creativity",skills,False,False,False,False,3,86.66666666666667
esco_1268,http://data.europa.eu/esco/skill/9d916d7c-89b3-4084-a6d9-e2b0b3091404,manage payroll,managing payroll,managing and administering human resources,allocating and controlling resources,management skills,skills,False,False,False,False,6,96.66666666666667
esco_1269,http://data.europa.eu/esco/skill/9d9ba780-4aa2-43d2-888c-95a41a713fb9,introduce new employees,introducing new employees,building and developing teams,building and developing teams,management skills,skills,False,False,False,False,1,80.0
esco_1270,http://data.europa.eu/esco/skill/9e06bac6-6b91-48ca-8b7d-c1f48cdecd7c,solve ICT system problems,diagnose system problems,troubleshoot,developing solutions,solving problems,"communication, collaboration and creativity",False,True,False,False,6,96.66666666666667
esco_1271,http://data.europa.eu/esco/skill/9e136617-1cd1-4f71-af3e-9deda4c75bea,evaluate forensic data,assess scene of crime data,analysing scientific and medical data,analysing and evaluating information and data,information skills,skills,False,False,False,False,1,50.0
esco_1272,http://data.europa.eu/esco/skill/9e84a506-df06-4be3-874a-fa01293e3dd5,business processes,a business process,management and administration,business and administration,"business, administration and law",knowledge,False,False,False,False,6,78.33333333333333
esco_1273,http://data.europa.eu/esco/skill/9e9a4209-c7cf-4f6e-973e-dc2ffadccc74,perform procurement processes,applying procurement,manage procurement planning,developing operational policies and procedures,developing objectives and strategies,management skills,False,False,False,False,22,83.18181818181819
esco_1274,http://data.europa.eu/esco/skill/9ef0f3a0-9ce2-4ef1-a987-0366b5cb2dbe,database development tools,,database and network design and administration,information and communication technologies (icts),information and communication technologies (icts),knowledge,False,True,False,False,3,70.0
esco_1275,http://data.europa.eu/esco/skill/9f4b0bcb-e2eb-4e8c-b866-f868073af856,monitor assessment,,monitoring and evaluating the performance of individuals,supervising people,management skills,skills,False,False,False,False,1,50.0
esco_1276,http://data.europa.eu/esco/skill/9f8a0463-e34e-4af0-ae66-f9a0f3a82180,ensure fulfilment of legal requirements,oversee fulfilment of legal requirements,complying with operational procedures,protecting and enforcing,assisting and caring,skills,False,False,False,False,1,80.0
esco_1277,http://data.europa.eu/esco/skill/9fa6b84e-d625-4d1d-a5d0-e7f6b357deb8,epidemiology,,medicine,health,health and welfare,knowledge,False,False,False,False,11,81.81818181818181
esco_1278,http://data.europa.eu/esco/skill/9ff9db9d-d14b-426e-83f3-e7449af6c79f,manage data,data administration,managing information,managing information,information skills,skills,False,True,False,False,14,82.14285714285714
esco_1279,http://data.europa.eu/esco/skill/a0c4e4a2-9d7c-499d-af51-4e32dd028418,manage key performance indicators of call centres,oversee key performance indicators of call centres,"directing, supervising and coordinating projects","organising, planning and scheduling work and activities",management skills,skills,False,False,False,False,1,80.0
esco_1280,http://data.europa.eu/esco/skill/a0cad388-3c4c-4786-b238-fc39f8c495af,assertiveness,,personal skills and development,personal skills and development,generic programmes and qualifications,knowledge,False,False,False,False,2,100.0
esco_1281,http://data.europa.eu/esco/skill/a0d79341-8398-4019-ad1b-27888ec35aaa,use accounting systems,using accounting systems,managing budgets or finances,allocating and controlling resources,management skills,skills,False,False,False,False,5,74.0
esco_1282,http://data.europa.eu/esco/skill/a15dab55-f1da-4f85-ae3e-2b5c5b5333ca,provide high quality customer service,,selling products or services,"promoting, selling and purchasing","communication, collaboration and creativity",skills,False,False,False,False,2,100.0
esco_1283,http://data.europa.eu/esco/skill/a16e3fc6-c77d-46e3-aa18-c691fed47fd1,freight transport methods,approaches to freight transportation,transport services,transport services,services,knowledge,False,False,False,False,3,80.0
esco_1284,http://data.europa.eu/esco/skill/a17286c5-238d-4f0b-bc24-29e9121345de,listen actively,use active listening techniques,listening and asking questions,obtaining information verbally,"communication, collaboration and creativity",skills,False,False,False,False,8,95.0
esco_1285,http://data.europa.eu/esco/skill/a19c5139-1250-4a60-9c31-a3243cca06cc,communicating with colleagues and clients,,liaising and networking,"communication, collaboration and creativity",skills,,False,False,False,False,8,81.25
esco_1286,http://data.europa.eu/esco/skill/a1a8e4ae-f1e3-44aa-9067-e587e69634cd,respect cultural preferences,,conducting academic or market research,"conducting studies, investigations and examinations",information skills,skills,False,False,False,False,1,80.0
esco_1287,http://data.europa.eu/esco/skill/a1be36ca-a753-4143-98c3-09ede5e60057,transport topography,knowledge of local transport topography,transport services,transport services,services,knowledge,False,False,False,False,11,66.36363636363636
esco_1288,http://data.europa.eu/esco/skill/a1eef0f4-133f-464a-a8f1-68fe3e8cc1b4,healthcare analytics,,inter-disciplinary programmes and qualifications involving health and welfare,inter-disciplinary programmes and qualifications involving health and welfare,health and welfare,knowledge,False,False,False,False,1,80.0
esco_1289,http://data.europa.eu/esco/skill/a2151ed1-82b9-4314-8ca3-339bc923da9d,demonstrate commitment to democracy,show a commitment to democratic principles,promote the principles of democracy and rule of law,applying civic skills and competences,life skills and competences,transversal skills and competences,False,False,False,False,1,50.0
esco_1290,http://data.europa.eu/esco/skill/a23659b1-a8bc-4331-a58d-eef263ca6a14,follow work procedures,work in accordance with procedures,complying with operational procedures,protecting and enforcing,assisting and caring,skills,False,False,False,False,6,75.0
esco_1291,http://data.europa.eu/esco/skill/a28df07f-976c-4eb4-b29a-06161af39756,use computerised maintenance management systems,use computerized  maintenance management systems,using digital tools for collaboration and productivity,"using digital tools for collaboration, content creation and problem solving",working with computers,skills,False,True,False,False,11,94.54545454545455
esco_1292,http://data.europa.eu/esco/skill/a2b5dcf3-5b6a-453d-876c-cff540c0faf1,CAD software,software computer assisted design and drafting software,software and applications development and analysis,information and communication technologies (icts),information and communication technologies (icts),knowledge,False,True,False,False,72,97.91666666666667
esco_1293,http://data.europa.eu/esco/skill/a2fef437-6719-47c2-8552-73b9fe81df86,plan ICT capacity,,allocating and controlling resources,allocating and controlling resources,management skills,skills,False,True,False,False,3,86.66666666666667
esco_1294,http://data.europa.eu/esco/skill/a311a3e3-efe3-4cce-9515-c07eb0341e4f,monitor daily work,,supervising a team or group,supervising people,management skills,skills,False,False,False,False,2,50.0
esco_1295,http://data.europa.eu/esco/skill/a32e7fb1-af9e-4c09-8ea7-72b7442e9cda,solve problems in healthcare,find solutions for problems in healthcare,solve problems,dealing with problems,thinking skills and competences,transversal skills and competences,False,False,False,False,1,100.0
esco_1296,http://data.europa.eu/esco/skill/a366bfc5-8d17-4792-a9f0-db0951528dda,advise on environmental risk management systems,,advise on risk management,performing risk analysis and management,analysing and evaluating information and data,information skills,True,False,False,False,2,80.0
esco_1297,http://data.europa.eu/esco/skill/a38e54a1-0922-4e8f-92a6-4f028d7d569f,maintain updated professional knowledge,maintain professional knowledge,monitoring developments in area of expertise,monitoring developments in area of expertise,information skills,skills,False,False,False,False,6,73.33333333333333
esco_1298,http://data.europa.eu/esco/skill/a3ce2bf7-5562-4639-9b52-fdb4850a3904,ICT problem management techniques,,computer use,information and communication technologies (icts),information and communication technologies (icts),knowledge,False,True,False,False,1,80.0
esco_1299,http://data.europa.eu/esco/skill/a3f1d933-728d-494a-a260-293132b8fdd4,characteristics of plants,aspects of plants,biology,biological and related sciences,"natural sciences, mathematics and statistics",knowledge,True,False,False,False,1,50.0
esco_1300,http://data.europa.eu/esco/skill/a4346013-a967-4a58-a533-6b32ad1364c5,data protection,protection of data,database and network design and administration,information and communication technologies (icts),information and communication technologies (icts),knowledge,False,True,False,False,6,93.33333333333333
esco_1301,http://data.europa.eu/esco/skill/a44c0ed6-68b1-457a-9c6d-ea8487bdfeb2,use learning strategies,apply new knowledge,demonstrate willingness to learn,demonstrating willingness to learn,self-management skills and competences,transversal skills and competences,False,False,False,False,1,80.0
esco_1302,http://data.europa.eu/esco/skill/a4c2aa71-086f-4a46-b481-2619673c9dfe,execute ICT user research activities,,identify ICT user needs,perform customers’ needs analysis,engaging with others to identify needs,obtaining information verbally,False,True,False,False,2,65.0
esco_1303,http://data.europa.eu/esco/skill/a4d336a6-9ffd-402a-91cc-f359716ba4e0,ML (computer programming),,software and applications development and analysis,information and communication technologies (icts),information and communication technologies (icts),knowledge,False,True,False,False,5,62.0
esco_1304,http://data.europa.eu/esco/skill/a4e31589-3632-4926-91d0-15b889c90b9b,IBM WebSphere,,software and applications development and analysis,information and communication technologies (icts),information and communication technologies (icts),knowledge,False,True,False,False,1,80.0
esco_1305,http://data.europa.eu/esco/skill/a4fd17bf-6309-47c5-b7fa-ae5560673acf,identify security threats,,follow safety precautions in work practices,complying with health and safety procedures,protecting and enforcing,assisting and caring,False,False,False,False,1,80.0
esco_1306,http://data.europa.eu/esco/skill/a507f45d-0894-4803-b1cd-9ca7f15c9299,printed goods processes,printed goods production,marketing and advertising,business and administration,"business, administration and law",knowledge,False,False,False,False,1,100.0
esco_1307,http://data.europa.eu/esco/skill/a521903b-aa32-4954-9790-961b0df1261f,unmanned air systems,,electronics and automation,engineering and engineering trades,"engineering, manufacturing and construction",knowledge,False,True,False,False,1,80.0
esco_1308,http://data.europa.eu/esco/skill/a549dcdf-3771-4217-ba5a-8f3425f703f8,maintain circulation system,maintain oil pumping system,installing wooden and metal components,building and repairing structures,constructing,skills,False,False,False,False,2,80.0
esco_1309,http://data.europa.eu/esco/skill/a56dec32-05ef-45de-a256-ee6741f356db,information confidentiality,data confidentiality,database and network design and administration,information and communication technologies (icts),information and communication technologies (icts),knowledge,False,True,False,False,15,96.0
esco_1310,http://data.europa.eu/esco/skill/a571ae14-3e16-4fd3-a615-5646e0b0b696,inspect data,check data,analysing and evaluating information and data,analysing and evaluating information and data,information skills,skills,False,True,False,False,3,70.0
esco_1311,http://data.europa.eu/esco/skill/a57a54b6-2f2e-43e4-9621-b52f4a63cb08,LDAP,,software and applications development and analysis,information and communication technologies (icts),information and communication technologies (icts),knowledge,False,True,False,False,2,100.0
esco_1312,http://data.europa.eu/esco/skill/a584a638-a2c0-4b3c-bdf3-a64f87225be9,mentor individuals,,coaching and mentoring,teaching and training,"communication, collaboration and creativity",skills,False,False,False,True,3,93.33333333333333
esco_1313,http://data.europa.eu/esco/skill/a59708e3-e654-4e37-8b8a-741c3b756eee,multimedia systems,a multimedia system,audio-visual techniques and media production,arts,arts and humanities,knowledge,False,True,False,False,1,50.0
esco_1314,http://data.europa.eu/esco/skill/a5a9b4b1-087a-4588-ae8c-8212013b7bd5,draw up reference documents for performance,write reference documents for performance,file documents,managing information,managing information,information skills,False,False,False,False,1,50.0
esco_1315,http://data.europa.eu/esco/skill/a5b0cd5c-e13a-4ab3-8d93-4d242adcfb01,teamwork principles,,personal skills and development,personal skills and development,generic programmes and qualifications,knowledge,False,False,False,False,1,80.0
esco_1316,http://data.europa.eu/esco/skill/a628d2d1-f40a-4c37-a357-2801726f2996,identify problems,detect problems,dealing with problems,thinking skills and competences,transversal skills and competences,,False,False,False,False,9,93.33333333333333
esco_1317,http://data.europa.eu/esco/skill/a6ae7a34-5a5c-48dd-9b82-8beccca63e3c,ensure compliance with purchasing and contracting regulations,provide compliance with purchasing and contracting regulations,ensuring compliance with legislation,protecting and enforcing,assisting and caring,skills,False,False,False,False,5,80.0
esco_1318,http://data.europa.eu/esco/skill/a6c3bda0-c759-495e-b2c5-062b3abe2097,implementing new procedures or processes,,solving problems,"communication, collaboration and creativity",skills,,False,False,False,False,14,81.42857142857143
esco_1319,http://data.europa.eu/esco/skill/a6f8dabe-476b-433f-9f89-c0f839a9991c,manufacturing of pumps and compressors,construction of pumps and compressors,mechanics and metal trades,engineering and engineering trades,"engineering, manufacturing and construction",knowledge,False,False,False,False,1,80.0
esco_1320,http://data.europa.eu/esco/skill/a703b581-ad64-4791-8bb3-624aea569fa5,maintain contract administration,manage contract administration,managing information,managing information,information skills,skills,False,False,False,False,9,96.66666666666667
esco_1321,http://data.europa.eu/esco/skill/a71577b2-7550-4222-88ee-dcbd2d881516,graphics editor software,Autodesk SketchBook Pro,ICT software specifications,software and applications development and analysis,information and communication technologies (icts),information and communication technologies (icts),False,True,False,False,1,50.0
esco_1322,http://data.europa.eu/esco/skill/a7956044-f468-4bc1-a83c-a8821b903a09,"operating cutting, grinding and smoothing machinery",,operating machinery for the manufacture of products,working with machinery and specialised equipment,skills,,False,False,False,False,1,100.0
esco_1323,http://data.europa.eu/esco/skill/a7f0fbe0-c546-4f30-8e41-34a58c64567e,data storage,,database and network design and administration,information and communication technologies (icts),information and communication technologies (icts),knowledge,False,True,False,False,10,71.0
esco_1324,http://data.europa.eu/esco/skill/a8081afe-46ff-425d-9d9f-f4033b3f84f6,monitor the conformance to the project methodology,,perform project management,keep records of work progress,report facts,communicating,False,False,False,False,2,80.0
esco_1325,http://data.europa.eu/esco/skill/a80fb090-63f4-4b05-83a5-2f090deb7757,manage data collection systems,,manage data,managing information,managing information,information skills,False,True,False,False,3,80.0
esco_1326,http://data.europa.eu/esco/skill/a8429098-ddac-481b-91e7-688d021c092e,ecology,,environmental sciences,environment,"natural sciences, mathematics and statistics",knowledge,True,False,False,False,2,100.0
esco_1327,http://data.europa.eu/esco/skill/a8460be3-f4ba-44a0-a961-0389069a3614,handle stressful situations in the work place,cope with fast-paced situations,manage frustration,maintaining a positive attitude,self-management skills and competences,transversal skills and competences,False,False,False,False,10,82.0
esco_1328,http://data.europa.eu/esco/skill/a8585efe-4011-47b2-9aed-cd01bd3652c0,legal research,legal analysis,law,law,"business, administration and law",knowledge,False,False,False,False,22,100.0
esco_1329,http://data.europa.eu/esco/skill/a85b0731-eedf-4193-805c-e2481ba389cb,monitor concrete curing process,monitoring the concrete curing process,pour concrete,installing concrete components,building and repairing structures,constructing,False,False,False,False,1,80.0
esco_1330,http://data.europa.eu/esco/skill/a8797f21-1af0-4c5e-98ca-bf1442929363,interact with users to gather requirements,,use questioning techniques,listening and asking questions,obtaining information verbally,"communication, collaboration and creativity",False,False,False,False,7,94.28571428571429
esco_1331,http://data.europa.eu/esco/skill/a88da605-095f-4a4f-be1c-d1444df8228a,digital media,digital video media,audio-visual techniques and media production,arts,arts and humanities,knowledge,False,True,False,False,3,70.0
esco_1332,http://data.europa.eu/esco/skill/a8b3957f-08b4-4a76-927d-0b2e3d0dbd39,synthesise research publications,synthesize research publications,synthesise information,process qualitative information,analysing and evaluating information and data,analysing and evaluating information and data,False,False,False,True,6,100.0
esco_1333,http://data.europa.eu/esco/skill/a8d07b5a-c1a1-42c6-9d53-db9c7a2ca996,PostgreSQL,Postgres,database and network design and administration,information and communication technologies (icts),information and communication technologies (icts),knowledge,False,True,False,False,3,83.33333333333333
esco_1334,http://data.europa.eu/esco/skill/a8d24a95-47b3-4f88-92e7-06600bcd3612,manage personal professional development,manage personal lifelong learning,manage personal progression,taking a proactive approach,self-management skills and competences,transversal skills and competences,False,False,False,True,4,82.5
esco_1335,http://data.europa.eu/esco/skill/a8d41cca-3bc9-4d2a-ae09-436dabe86e21,draft design specifications,define design specifications,technical or academic writing,writing and composing,"communication, collaboration and creativity",skills,False,False,False,False,7,88.57142857142857
esco_1336,http://data.europa.eu/esco/skill/a8f2a095-9d03-43f0-980d-2b9fcc59a994,shape corporate culture,determine corporate culture,"developing financial, business or marketing plans",developing objectives and strategies,management skills,skills,False,False,False,False,2,75.0
esco_1337,http://data.europa.eu/esco/skill/a9dc9e40-14a6-4899-93ec-29d5c79c2ebd,manage procurement planning,managing procurement planning,developing operational policies and procedures,developing objectives and strategies,management skills,skills,False,False,False,False,6,60.0
esco_1338,http://data.europa.eu/esco/skill/aa238394-8126-4ada-be2f-9dfe065cf314,adhere to organisational guidelines,adhere to an organisations guidelines,demonstrate loyalty,following ethical code of conduct,social and communication skills and competences,transversal skills and competences,False,False,False,False,4,85.0
esco_1339,http://data.europa.eu/esco/skill/aa56a80c-b4d5-495c-9c15-70b5a7933911,rhetoric,,political sciences and civics,social and behavioural sciences,"social sciences, journalism and information",knowledge,False,False,False,False,1,50.0
esco_1340,http://data.europa.eu/esco/skill/aa8b0abf-7ff0-4fbb-b85e-5364badbf214,create advertisements,,developing instructive or promotional materials,"creating artistic, visual or instructive materials","communication, collaboration and creativity",skills,False,False,False,False,1,80.0
esco_1341,http://data.europa.eu/esco/skill/aab9f44d-fe0e-46d8-a470-11ce82a64846,supervising a team or group,,supervising people,management skills,skills,,False,False,False,False,2,100.0
esco_1342,http://data.europa.eu/esco/skill/aafbfaa4-5f93-457e-8cb8-d4ed855277f8,analyse experimental laboratory data,examine experimental laboratory data,inspect data,analysing and evaluating information and data,analysing and evaluating information and data,information skills,False,False,False,False,1,80.0
esco_1343,http://data.europa.eu/esco/skill/ab1cb4c3-8a39-4e26-aa53-6e0680eb08dc,domestic cooling systems,cooling systems,electricity and energy,engineering and engineering trades,"engineering, manufacturing and construction",knowledge,False,False,False,False,1,80.0
esco_1344,http://data.europa.eu/esco/skill/ab1e97ed-2319-4293-a8b7-072d2648822f,database management systems,database systems,database and network design and administration,information and communication technologies (icts),information and communication technologies (icts),knowledge,False,True,False,False,34,78.52941176470588
esco_1345,http://data.europa.eu/esco/skill/ab2bb44a-3956-4028-8715-8b70b1960b99,lift heavy weights,lifting heavy weights,"moving or lifting materials, equipment, or supplies",moving and lifting,handling and moving,skills,False,False,False,False,5,100.0
esco_1346,http://data.europa.eu/esco/skill/ab49f767-296b-47d5-af56-0b4a69515b03,maintain ICT identity management,,verifying identities and documentation,protecting and enforcing,assisting and caring,skills,False,True,False,False,1,80.0
esco_1347,http://data.europa.eu/esco/skill/ab6265f2-a9bf-49e8-a9a5-67cbab4de38b,manage inventory,managing an inventory,allocating and controlling physical resources,allocating and controlling resources,management skills,skills,False,False,False,False,4,90.0
esco_1348,http://data.europa.eu/esco/skill/ab944aef-09dc-4047-a4ac-0048d8405fb3,licences regulation,licenses  regulation,protection of persons and property,security services,services,knowledge,False,False,False,False,8,82.5
esco_1349,http://data.europa.eu/esco/skill/ab986bc4-df92-4351-9ac1-aa75af943cf7,perform clerical duties,performing clerical duties,performing general clerical and administrative tasks,performing administrative activities,management skills,skills,False,False,False,False,1,100.0
esco_1350,http://data.europa.eu/esco/skill/aba363e7-07ec-4eb2-a89e-bcba397c25ab,operate digital printers,,manage digital documents,"managing, gathering and storing digital data",accessing and analysing digital data,working with computers,False,True,False,False,1,80.0
esco_1351,http://data.europa.eu/esco/skill/abe138ec-e084-47c7-abe3-e7f371f05eae,interact with an audience,engage audience,performing artistic or cultural activities,performing and entertaining,"communication, collaboration and creativity",skills,False,False,False,False,10,87.0
esco_1352,http://data.europa.eu/esco/skill/abf09aa8-a7a9-43b0-9f6e-33ac110c7a4e,exude enthusiasm during the action sessions,manifest enthusiasm during the action sessions,"promoting products, services, or programs","promoting, selling and purchasing","communication, collaboration and creativity",skills,False,False,False,False,2,65.0
esco_1353,http://data.europa.eu/esco/skill/aca5081a-ceb0-4028-9cc5-1daafd4f86f9,developing solutions,,solving problems,"communication, collaboration and creativity",skills,,False,False,False,False,19,77.36842105263158
esco_1354,http://data.europa.eu/esco/skill/ace994b7-0c7c-44b2-8087-3aa0bfd2a93a,provide performance feedback,providing performance feedback,manage feedback,following instructions and procedures,working with others,"communication, collaboration and creativity",False,False,False,False,3,83.33333333333333
esco_1355,http://data.europa.eu/esco/skill/acf0a78c-f4e3-4bd9-a5cc-9cf4791b3b95,implement a virtual private network,VPN implementing,protecting ict devices,setting up and protecting computer systems,working with computers,skills,False,True,False,False,3,100.0
esco_1356,http://data.europa.eu/esco/skill/ad326fa7-f2e9-4421-8426-bc0c2e167143,presenting information in legal proceedings,,presenting information,"communication, collaboration and creativity",skills,,False,False,False,False,5,100.0
esco_1357,http://data.europa.eu/esco/skill/ad59afe4-6f8a-4bc4-acfd-0f228277508a,statistical analysis system software,,statistics,mathematics and statistics,"natural sciences, mathematics and statistics",knowledge,False,True,False,False,1,100.0
esco_1358,http://data.europa.eu/esco/skill/ad7dbf6b-7c37-42c0-8566-328249a3d21d,investigation research methods,investigation research processes,protection of persons and property,security services,services,knowledge,False,False,False,False,44,76.13636363636364
esco_1359,http://data.europa.eu/esco/skill/adc6dc11-3376-467b-96c5-9b0a21edc869,solve problems,demonstrate problem solving skills,dealing with problems,thinking skills and competences,transversal skills and competences,,False,False,False,True,112,98.30357142857143
esco_1360,http://data.europa.eu/esco/skill/adcca622-b933-4ba3-bc43-bf371879edc3,data security principles,,database and network design and administration,information and communication technologies (icts),information and communication technologies (icts),knowledge,False,True,False,False,3,93.33333333333333
esco_1361,http://data.europa.eu/esco/skill/ae3d940c-9966-49ae-8e61-d11f30128f6b,commercial clothing glossary,knowledge of clothing vocabulary,"textiles (clothes, footwear and leather)",manufacturing and processing,"engineering, manufacturing and construction",knowledge,False,False,False,False,3,50.0
esco_1362,http://data.europa.eu/esco/skill/ae4f0cc6-e0b9-47f5-bdca-2fc2e6316dce,manage ICT virtualisation environments,manage virtualisation of servers and workstations,maintain ICT server,maintain ICT system,use ICT systems,accessing and analysing digital data,False,True,False,False,13,87.6923076923077
esco_1363,http://data.europa.eu/esco/skill/aec4c9bf-9c44-4f9d-99f1-70011cebe1a8,test instrumentation equipment,testing instrumentation equipment,carry out work-related measurements,"apply knowledge of science, technology and engineering",applying general knowledge,life skills and competences,False,False,False,False,2,90.0
esco_1364,http://data.europa.eu/esco/skill/af0b1937-7538-434f-871b-7e8f72e04117,assemble instrumentation equipment,,fabricating precision instruments or jewellery,assembling and fabricating products,handling and moving,skills,False,False,False,False,2,65.0
esco_1365,http://data.europa.eu/esco/skill/af1c7b89-679b-4fae-b67c-ed05c669719c,repair wiring,,"installing and repairing electrical, electronic and precision equipment","installing, maintaining and repairing electrical, electronic and precision equipment",working with machinery and specialised equipment,skills,False,False,False,False,2,90.0
esco_1366,http://data.europa.eu/esco/skill/af1df253-5103-46d7-a757-b17bf5a4e581,operate surveying instruments,surveying instruments operation,using precision measuring equipment,using precision instrumentation and equipment,working with machinery and specialised equipment,skills,False,False,False,False,3,93.33333333333333
esco_1367,http://data.europa.eu/esco/skill/af582ee4-bbc8-436c-96f2-df0cb2049f5d,products coding system,,wholesale and retail sales,business and administration,"business, administration and law",knowledge,False,False,False,False,1,80.0
esco_1368,http://data.europa.eu/esco/skill/af84405b-896d-4ed3-9462-077ea9a2a188,collaborating and liaising,,liaising and networking,"communication, collaboration and creativity",skills,,False,False,False,False,6,86.66666666666667
esco_1369,http://data.europa.eu/esco/skill/af9b6098-7d2f-4990-b4eb-d7dd73fdb933,prune plants,using pruning tools,"planting, pruning and harvesting trees, crops and other plants",tending plants and crops,handling and moving,skills,False,False,False,False,2,100.0
esco_1370,http://data.europa.eu/esco/skill/afd49651-9119-4327-91fc-844a6dda1254,conflict management,management of conflicts,management and administration,business and administration,"business, administration and law",knowledge,False,False,False,False,9,95.55555555555556
esco_1371,http://data.europa.eu/esco/skill/afda6ca0-7aa8-41ef-ba5e-8dc607839daf,computer graphics,,inter-disciplinary programmes and qualifications involving information and communication technologies (icts),inter-disciplinary programmes and qualifications involving information and communication technologies (icts),information and communication technologies (icts),knowledge,False,True,False,False,1,80.0
esco_1372,http://data.europa.eu/esco/skill/afdb41dd-5dd5-4fbb-bf9e-e041422698b4,coordinate operational activities,coordinating an operational activity,directing operational activities,"organising, planning and scheduling work and activities",management skills,skills,False,False,False,False,22,80.45454545454545
esco_1373,http://data.europa.eu/esco/skill/afdee309-07f9-464e-ad3b-29f4e539da88,conduct health related research,,report facts,communicating,social and communication skills and competences,transversal skills and competences,False,False,False,False,2,90.0
esco_1374,http://data.europa.eu/esco/skill/afe3d82e-4a40-4aa4-a4e9-a6097c4a391e,writing and composing,,writing and composing,"communication, collaboration and creativity",skills,,False,False,False,False,63,73.01587301587301
esco_1375,http://data.europa.eu/esco/skill/b0096dc5-2e2d-4bc1-8172-05bf486c3968,design application interfaces,,designing ict systems or applications,designing systems and products,"communication, collaboration and creativity",skills,False,True,False,False,5,80.0
esco_1376,http://data.europa.eu/esco/skill/b00e948c-19be-4951-8cff-60f88f1046e9,delegate responsibilities,,leading others,social and communication skills and competences,transversal skills and competences,,False,False,False,False,3,100.0
esco_1377,http://data.europa.eu/esco/skill/b01df0d7-f56e-48ef-bd3a-85e7f85362e0,develop program ideas,developing program ideas,creating artistic designs or performances,"creating artistic, visual or instructive materials","communication, collaboration and creativity",skills,False,False,False,False,3,80.0
esco_1378,http://data.europa.eu/esco/skill/b0275474-2d6a-41d7-ac29-163ad5ad07c3,maintain vessel steering mechanisms,control vessel steering mechanisms,installing wooden and metal components,building and repairing structures,constructing,skills,False,False,False,False,1,80.0
esco_1379,http://data.europa.eu/esco/skill/b0288eea-74b3-460a-8ac5-edc4ba70b75c,manage closed-circuit television system,CCTV,accessing and analysing digital data,accessing and analysing digital data,working with computers,skills,False,True,False,False,6,85.0
esco_1380,http://data.europa.eu/esco/skill/b02b38c4-d46d-44da-9479-1310060bd74d,asset management,,"finance, banking and insurance",business and administration,"business, administration and law",knowledge,False,False,False,False,7,70.0
esco_1381,http://data.europa.eu/esco/skill/b04f377b-ee80-4b38-aca1-19d266a23b17,analyse business requirements,analyze  business requirements,perform business analysis,analysing business operations,analysing and evaluating information and data,information skills,False,False,False,False,14,92.14285714285714
esco_1382,http://data.europa.eu/esco/skill/b07daddc-8625-4360-946e-ad2b0e56ebf6,read engineering drawings,interpret engineering drawings,interpreting technical documentation and diagrams,"conducting studies, investigations and examinations",information skills,skills,False,False,False,False,26,92.3076923076923
esco_1383,http://data.europa.eu/esco/skill/b080a008-a35d-4bd0-92e9-edf3773bb2b7,use communication and collaboration software,,working with digital devices and applications,core skills and competences,transversal skills and competences,,False,True,False,False,5,82.0
esco_1384,http://data.europa.eu/esco/skill/b091d04a-bb5d-4998-afc9-d71e6c96fb80,construction equipment related to building materials,building equipment related to building materials,building and civil engineering,architecture and construction,"engineering, manufacturing and construction",knowledge,False,False,False,False,32,80.0
esco_1385,http://data.europa.eu/esco/skill/b0a3bb25-a02f-43ed-ab1f-994fa66a424a,online analytical processing,Cube databases,database and network design and administration,information and communication technologies (icts),information and communication technologies (icts),knowledge,False,True,False,False,1,80.0
esco_1386,http://data.europa.eu/esco/skill/b105ec9b-0857-41d6-8d07-a83e58b73d90,ICT system programming,server side programming,software and applications development and analysis,information and communication technologies (icts),information and communication technologies (icts),knowledge,False,True,False,False,5,68.0
esco_1387,http://data.europa.eu/esco/skill/b1115b14-fa16-4c1e-be6c-91fd49a1808b,using computer aided design and drawing tools,,"using digital tools for collaboration, content creation and problem solving",working with computers,skills,,False,False,False,False,2,90.0
esco_1388,http://data.europa.eu/esco/skill/b16200f4-4f39-4b8b-aa9d-3568054d6bdb,Open source model,,database and network design and administration,information and communication technologies (icts),information and communication technologies (icts),knowledge,False,True,False,False,1,80.0
esco_1389,http://data.europa.eu/esco/skill/b17f4305-741a-4a1c-8fe8-6f11cb3d5c0a,business communication,business communication process,personal skills and development,personal skills and development,generic programmes and qualifications,knowledge,False,False,False,False,9,94.44444444444444
esco_1390,http://data.europa.eu/esco/skill/b1a1149a-9bc5-468d-9d09-f6d171cfd619,value properties,valuing property,assessing land or real estate,analysing and evaluating information and data,information skills,skills,False,False,False,False,1,100.0
esco_1391,http://data.europa.eu/esco/skill/b1a5d83a-e02a-449f-a68b-539b34821078,design materials for multimedia campaigns,design materials for campaigns in multimedia,developing instructive or promotional materials,"creating artistic, visual or instructive materials","communication, collaboration and creativity",skills,False,False,False,False,2,90.0
esco_1392,http://data.europa.eu/esco/skill/b1b118c4-3291-484e-b64d-6d51fd5da8b3,environmental engineering,environmental engineering principles,environmental protection technology,engineering and engineering trades,"engineering, manufacturing and construction",knowledge,True,False,False,False,7,82.85714285714286
esco_1393,http://data.europa.eu/esco/skill/b1d8b079-135d-4ebc-a1b4-e5d7db8af679,draft legislation,draft regulations,technical or academic writing,writing and composing,"communication, collaboration and creativity",skills,False,False,False,False,2,100.0
esco_1394,http://data.europa.eu/esco/skill/b1ef509e-f191-405a-8419-51663b08922e,implement a management system,,management skills,management skills,management skills,skills,False,False,False,False,5,56.0
esco_1395,http://data.europa.eu/esco/skill/b1fd9eda-3d2e-48ef-9c1d-0ba318e3c7e6,supervise work,supervising work,directing operational activities,"organising, planning and scheduling work and activities",management skills,skills,False,False,False,False,3,86.66666666666667
esco_1396,http://data.europa.eu/esco/skill/b216d9a2-7d4e-4312-8d05-e375f4ab44d8,ensure cross-department cooperation,ensure cross-departmental cooperation,collaborating and liaising,liaising and networking,"communication, collaboration and creativity",skills,False,False,False,False,3,86.66666666666667
esco_1397,http://data.europa.eu/esco/skill/b21974e8-b43f-4ae1-a463-32a4a1be54c5,monitor vehicle maintenance activities,,installing wooden and metal components,building and repairing structures,constructing,skills,False,False,False,False,1,80.0
esco_1398,http://data.europa.eu/esco/skill/b2235ce8-d0f0-4954-9b60-e2c1aeeadab5,assess project resource needs,examine project requirements and resources,estimating resource needs,calculating and estimating,information skills,skills,False,False,False,False,2,100.0
esco_1399,http://data.europa.eu/esco/skill/b2c688b0-9106-466d-8b88-eafdfe608e7d,designing structures or facilities,,designing systems and products,"communication, collaboration and creativity",skills,,False,False,False,False,18,73.33333333333333
esco_1400,http://data.europa.eu/esco/skill/b309d4f5-56f5-41c6-b712-92d1ed85b965,performing administrative activities,,performing administrative activities,management skills,skills,,False,False,False,False,7,85.71428571428571
esco_1401,http://data.europa.eu/esco/skill/b32ef8a5-e3f7-40ef-8b40-913c003e1f4e,"preparing financial documents, records, reports, or budgets",,documenting and recording information,information skills,skills,,False,False,False,False,6,95.0
esco_1402,http://data.europa.eu/esco/skill/b34e2ba1-9080-48c9-9b42-ee9192a4d3f1,use CAD software,CAD software use,using computer aided design and drawing tools,"using digital tools for collaboration, content creation and problem solving",working with computers,skills,False,True,False,False,29,98.62068965517241
esco_1403,http://data.europa.eu/esco/skill/b363bb5f-2c79-40af-94da-33e06f9dee9f,apply blended learning,combine face-to-face and online learning,teaching and training,teaching and training,"communication, collaboration and creativity",skills,False,True,False,True,1,100.0
esco_1404,http://data.europa.eu/esco/skill/b3a4924a-f793-485c-8dc1-54e12198d95d,property law,property contract rules,law,law,"business, administration and law",knowledge,False,False,False,False,3,93.33333333333333
esco_1405,http://data.europa.eu/esco/skill/b3a75400-103f-42c7-b742-be11d161d05b,manage production systems,run production systems,lead others,leading others,social and communication skills and competences,transversal skills and competences,False,True,False,False,3,70.0
esco_1406,http://data.europa.eu/esco/skill/b3c8eada-b0a8-4b61-968b-b354fbfb6874,configure ICT system,,manage changes in ICT system,maintain ICT system,use ICT systems,accessing and analysing digital data,False,True,False,False,3,86.66666666666667
esco_1407,http://data.europa.eu/esco/skill/b3f22ab4-b553-439d-80a2-5b8ae6d11e0d,labour law,labor law,corporate law,law,law,"business, administration and law",False,False,False,False,1,80.0
esco_1408,http://data.europa.eu/esco/skill/b40584aa-7c63-4eed-9422-a9798fb95fdc,improvise,,thinking creatively and innovatively,thinking skills and competences,transversal skills and competences,,False,False,False,False,14,100.0
esco_1409,http://data.europa.eu/esco/skill/b422efe7-b151-4120-86ae-db11a48dd0fa,advise on environmental remediation,,advising on environmental issues,advising and consulting,"communication, collaboration and creativity",skills,True,False,False,False,10,80.0
esco_1410,http://data.europa.eu/esco/skill/b4877620-c375-45f3-a678-2ddb4dae6a29,repair ICT devices,,"installing and repairing electrical, electronic and precision equipment","installing, maintaining and repairing electrical, electronic and precision equipment",working with machinery and specialised equipment,skills,False,True,False,False,2,80.0
esco_1411,http://data.europa.eu/esco/skill/b4b28d82-0a26-4b1c-a932-38d4378c189e,local geography,,earth sciences,physical sciences,"natural sciences, mathematics and statistics",knowledge,False,False,False,False,1,80.0
esco_1412,http://data.europa.eu/esco/skill/b4dc6e4f-dc7d-445f-8ce2-d7b9d225e282,AJAX,,software and applications development and analysis,information and communication technologies (icts),information and communication technologies (icts),knowledge,False,True,False,False,1,50.0
esco_1413,http://data.europa.eu/esco/skill/b500c0dc-4810-4260-a8bb-2b6bc714d556,produce customised tools,build customised tools,assembling and fabricating products,assembling and fabricating products,handling and moving,skills,False,False,False,False,1,80.0
esco_1414,http://data.europa.eu/esco/skill/b531d88a-d89c-4407-8f12-32fe2a92204d,blood product storage conditions,,nursing and midwifery,health,health and welfare,knowledge,False,False,False,False,1,50.0
esco_1415,http://data.europa.eu/esco/skill/b54545e6-637c-43a2-8ab2-9efd5f9e2d38,passenger transport regulations,,transport services,transport services,services,knowledge,False,False,False,False,1,80.0
esco_1416,http://data.europa.eu/esco/skill/b55f61a4-5f9e-4741-ba95-9ac04b64119b,work in a multicultural environment in health care,interact with individuals from a variety of cultures,working in teams,working with others,"communication, collaboration and creativity",skills,False,False,False,False,4,82.5
esco_1417,http://data.europa.eu/esco/skill/b5af495b-61f1-4330-9891-dca56d97d714,communicate with youth,communicate with young adults,"communication, collaboration and creativity","communication, collaboration and creativity","communication, collaboration and creativity",skills,False,False,False,False,2,80.0
esco_1418,http://data.europa.eu/esco/skill/b5c7e0dc-dda3-4790-a7d1-d6d8023b3089,database quality standards,,database and network design and administration,information and communication technologies (icts),information and communication technologies (icts),knowledge,False,True,False,False,1,80.0
esco_1419,http://data.europa.eu/esco/skill/b618584f-6bdf-4d8f-89a7-f28c2c95afc2,comply with regulations,,following ethical code of conduct,social and communication skills and competences,transversal skills and competences,,False,False,False,False,27,82.96296296296296
esco_1420,http://data.europa.eu/esco/skill/b6bdf202-524f-475d-b813-2aa9af005c37,move objects,lift things,manipulating and controlling objects and equipment,physical and manual skills and competences,transversal skills and competences,,False,False,False,False,2,90.0
esco_1421,http://data.europa.eu/esco/skill/b729d6bc-326b-46cd-aa63-ea280024b116,evidence-based nursing care,,nursing and midwifery,health,health and welfare,knowledge,False,False,False,False,1,80.0
esco_1422,http://data.europa.eu/esco/skill/b74fd765-e1ae-4f56-a188-45cd782bca01,assess reliability of data,assess data reliability,analysing and evaluating information and data,analysing and evaluating information and data,information skills,skills,False,False,False,False,5,80.0
esco_1423,http://data.europa.eu/esco/skill/b769f524-0f25-44d7-8538-5c46710a040e,manage digital documents,BlueDoc,"managing, gathering and storing digital data",accessing and analysing digital data,working with computers,skills,False,True,False,False,4,65.0
esco_1424,http://data.europa.eu/esco/skill/b7b381f5-7de2-4f91-9a8f-524041cb47d9,instrumentation engineering,,electronics and automation,engineering and engineering trades,"engineering, manufacturing and construction",knowledge,False,True,False,False,1,80.0
esco_1425,http://data.europa.eu/esco/skill/b7c8f418-08d5-45d6-b697-ab26c6ecbfb4,ensure client orientation,provide client orientation,"promoting products, services, or programs","promoting, selling and purchasing","communication, collaboration and creativity",skills,False,False,False,False,2,100.0
esco_1426,http://data.europa.eu/esco/skill/b7dce8db-f634-4a19-9ecd-83ed9a0ed15b,operate pumping systems,,operating pumping systems or equipment,operating machinery for the extraction and processing of raw materials,working with machinery and specialised equipment,skills,False,False,False,False,1,80.0
esco_1427,http://data.europa.eu/esco/skill/b7e752ec-7b2e-46e6-ac24-8b1233609c31,leading and motivating,,leading and motivating,management skills,skills,,False,False,False,False,3,90.0
esco_1428,http://data.europa.eu/esco/skill/b84813aa-6c44-4d58-a240-556c2060fb4e,assisting and caring,,assisting and caring,assisting and caring,skills,,False,False,False,False,1,70.0
esco_1429,http://data.europa.eu/esco/skill/b85caa4a-f04b-4331-80df-11404fd71225,"installing heating, ventilation and air conditioning equipment",,installing interior or exterior infrastructure,constructing,skills,,False,False,False,False,1,80.0
esco_1430,http://data.europa.eu/esco/skill/b88bddd4-210e-405f-bbdf-729bb66605a0,"prescribing and ordering medical tests, treatments or devices",,providing health care or medical treatments,assisting and caring,skills,,False,False,False,False,1,100.0
esco_1431,http://data.europa.eu/esco/skill/b91535d7-1265-455d-a565-901e2eafa883,lead technology development of an organisation,,lead others,leading others,social and communication skills and competences,transversal skills and competences,False,False,False,False,1,80.0
esco_1432,http://data.europa.eu/esco/skill/b928ae44-b19f-49c7-a823-b09094de1063,repair equipment on site,reconstruct equipment on site,resolve equipment malfunctions,developing solutions,solving problems,"communication, collaboration and creativity",False,True,False,False,2,80.0
esco_1433,http://data.europa.eu/esco/skill/b979d9ae-37c2-4d1f-b8b8-7539f913cb19,electric drives,electrical drives,"motor vehicles, ships and aircraft",engineering and engineering trades,"engineering, manufacturing and construction",knowledge,False,False,False,False,1,100.0
esco_1434,http://data.europa.eu/esco/skill/b99ffdda-699d-4d55-b361-23036da33f1e,advise on safety measures,,advising on workplace health and safety issues,advising and consulting,"communication, collaboration and creativity",skills,False,False,False,False,1,80.0
esco_1435,http://data.europa.eu/esco/skill/b9aad733-959a-4178-984f-53e4bd05b420,maintain internet protocol configuration,maintain IP configuration,"managing, gathering and storing digital data",accessing and analysing digital data,working with computers,skills,False,True,False,False,1,100.0
esco_1436,http://data.europa.eu/esco/skill/b9bf9e17-ae47-417b-bbb1-e8b7c263ccac,identify legal requirements,identify legal and normative requirements and standards,conducting academic or market research,"conducting studies, investigations and examinations",information skills,skills,False,False,False,False,47,80.0
esco_1437,http://data.europa.eu/esco/skill/ba1f6201-b206-4459-b178-706db34a851d,analysing scientific and medical data,,analysing and evaluating information and data,information skills,skills,,False,False,False,False,2,85.0
esco_1438,http://data.europa.eu/esco/skill/ba9260ba-1c8d-495e-94f1-f7cab7e73cea,social security law,social security statutes,law,law,"business, administration and law",knowledge,False,False,False,False,1,50.0
esco_1439,http://data.europa.eu/esco/skill/bb2a71c4-ff2e-47cf-ab44-684797a1ee5d,computational mechanics,,"inter-disciplinary programmes and qualifications involving natural sciences, mathematics and statistics","inter-disciplinary programmes and qualifications involving natural sciences, mathematics and statistics","natural sciences, mathematics and statistics",knowledge,False,True,False,False,1,50.0
esco_1440,http://data.europa.eu/esco/skill/bb562019-5222-45db-a16c-730edbb1d27c,define ICT network design policies,,designing ict systems or applications,designing systems and products,"communication, collaboration and creativity",skills,False,True,False,False,1,80.0
esco_1441,http://data.europa.eu/esco/skill/bb5d9cf2-a5d7-481b-9fd6-d56fa3a47ae0,issue permits,provide permits,"preparing documentation for contracts, applications, or permits",documenting and recording information,information skills,skills,False,False,False,False,6,60.0
esco_1442,http://data.europa.eu/esco/skill/bb663409-5c88-4e3a-bc16-01aa1c8ce171,plan health and safety procedures,planning health and safety procedures,follow safety precautions in work practices,complying with health and safety procedures,protecting and enforcing,assisting and caring,False,False,False,False,3,80.0
esco_1443,http://data.europa.eu/esco/skill/bb75528c-a953-459e-bd48-f90a8a7a0cf3,operate hydraulic machinery controls,,operating pumping systems or equipment,operating machinery for the extraction and processing of raw materials,working with machinery and specialised equipment,skills,False,False,False,False,1,100.0
esco_1444,http://data.europa.eu/esco/skill/bb99a123-88be-42a2-8758-f5a18e06ccc6,making decisions,,management skills,skills,,,False,False,False,False,11,93.63636363636364
esco_1445,http://data.europa.eu/esco/skill/bbd57056-80e0-45bb-a2c1-658ed99a1251,conduct performance tests,do performance test,installing wooden and metal components,building and repairing structures,constructing,skills,False,False,False,False,3,76.66666666666667
esco_1446,http://data.europa.eu/esco/skill/bbeff2f6-4a3c-44af-8589-ac158f652d0d,assist the homeless,work with homeless individuals,providing support to resolve problems,counselling,assisting and caring,skills,False,False,False,False,1,80.0
esco_1447,http://data.europa.eu/esco/skill/bc0b0b5d-f6be-405a-b224-b6902a4dbe97,manage digital identity,,digital communication and collaboration,using digital tools for collaboration and productivity,"using digital tools for collaboration, content creation and problem solving",working with computers,False,True,False,False,2,80.0
esco_1448,http://data.europa.eu/esco/skill/bc24fe02-d93c-4191-8897-ca2c593bc84b,propose settlements,,mediating and resolving disputes,negotiating,"communication, collaboration and creativity",skills,False,False,False,False,1,80.0
esco_1449,http://data.europa.eu/esco/skill/bc54eee1-a858-4f80-afdc-0442a617ef50,conduct field work,carry out  field work,conducting academic or market research,"conducting studies, investigations and examinations",information skills,skills,False,False,False,False,9,95.55555555555556
esco_1450,http://data.europa.eu/esco/skill/bcd2698e-7862-4f08-a3d1-7b3d5c4de999,food service operations,food service,"hotel, restaurants and catering",personal services,services,knowledge,False,False,False,False,1,80.0
esco_1451,http://data.europa.eu/esco/skill/bcd2ce08-ba12-4d66-865f-f4ba36419707,promote inclusion,promote inclusion in organisations,apply socially just working principles,complying with operational procedures,protecting and enforcing,assisting and caring,False,False,False,False,14,79.28571428571429
esco_1452,http://data.europa.eu/esco/skill/bce60ecd-ceee-4dbd-b619-70c9789ec634,test tightness and pressure of refrigeration circuits,run refrigeration pressure test,"installing and repairing electrical, electronic and precision equipment","installing, maintaining and repairing electrical, electronic and precision equipment",working with machinery and specialised equipment,skills,True,False,False,False,1,50.0
esco_1453,http://data.europa.eu/esco/skill/bcf002ce-90f8-42e5-ac1b-5dba208639b0,demonstrate trustworthiness,show credibility,following ethical code of conduct,social and communication skills and competences,transversal skills and competences,,False,False,False,False,4,90.0
esco_1454,http://data.europa.eu/esco/skill/bd08f332-a295-4a59-a13a-05b08ca3761b,install monitors for process control,install monitors for surveillance,"installing and repairing electrical, electronic and precision equipment","installing, maintaining and repairing electrical, electronic and precision equipment",working with machinery and specialised equipment,skills,False,True,False,False,1,80.0
esco_1455,http://data.europa.eu/esco/skill/bd14968e-e409-45af-b362-3495ed7b10e0,cloud technologies,cloud computing,database and network design and administration,information and communication technologies (icts),information and communication technologies (icts),knowledge,False,True,False,False,13,89.23076923076923
esco_1456,http://data.europa.eu/esco/skill/bd17a64e-a9bd-439d-9b87-01c6bb1b7e09,maintain records of work with service users,,keep records of work progress,report facts,communicating,social and communication skills and competences,False,False,False,False,2,80.0
esco_1457,http://data.europa.eu/esco/skill/bd556223-d9af-434b-a6bf-e70fa3ed3d12,accurately estimate work hours,accurately estimate labour hours,estimating resource needs,calculating and estimating,information skills,skills,False,False,False,False,2,100.0
esco_1458,http://data.europa.eu/esco/skill/bd70f004-e1d6-43f0-96f1-59c014a4ea01,coordinate environmental efforts,coordinating environmental efforts,complying with environmental protection laws and standards,protecting and enforcing,assisting and caring,skills,True,False,False,False,1,50.0
esco_1459,http://data.europa.eu/esco/skill/bd960649-0b5b-4a92-a4de-d00f4c4aa3a5,respiratory medicine,respiratory specialty,therapy and rehabilitation,health,health and welfare,knowledge,False,False,False,False,1,50.0
esco_1460,http://data.europa.eu/esco/skill/bda0d115-f315-453e-99dc-f8b0e5862db3,ensure compliance with policies,,comply with regulations,following ethical code of conduct,social and communication skills and competences,transversal skills and competences,False,False,False,False,3,70.0
esco_1461,http://data.europa.eu/esco/skill/bdcac0c8-b77a-4640-9eaf-c0cf3efd1e23,process payments,handle payments,executing financial transactions,performing administrative activities,management skills,skills,False,False,False,False,5,84.0
esco_1462,http://data.europa.eu/esco/skill/bdcf429c-5ccf-4c3d-bb61-4c987573a35e,show entrepreneurial spirit,showing entrepreneurial spirit,applying entrepreneurial and financial skills and competences,life skills and competences,transversal skills and competences,,False,False,False,True,1,50.0
esco_1463,http://data.europa.eu/esco/skill/be20d05c-f6b4-4580-9fcf-f00f4baab562,make data-driven decisions,take decisions based on data,analysing business operations,analysing and evaluating information and data,information skills,skills,False,False,False,False,8,92.5
esco_1464,http://data.europa.eu/esco/skill/be40c4c3-a855-4d67-9ca5-6f4428c34b0d,provide written content,provide professionally written text and content,writing and composing,writing and composing,"communication, collaboration and creativity",skills,False,False,False,False,4,97.5
esco_1465,http://data.europa.eu/esco/skill/be48353d-25c7-4f86-bea9-7b9e248fbc6e,interpret technical requirements,interpreting technical requirements,interpreting technical documentation and diagrams,"conducting studies, investigations and examinations",information skills,skills,False,False,False,False,9,88.88888888888889
esco_1466,http://data.europa.eu/esco/skill/be7443ff-0747-43b8-8720-8e87fd34e692,solving problems,,"communication, collaboration and creativity",skills,,,False,False,False,False,37,92.16216216216216
esco_1467,http://data.europa.eu/esco/skill/be7c80ee-0b7a-455c-8928-055cfa65076c,react to events in time-critical environments,react quickly,developing solutions,solving problems,"communication, collaboration and creativity",skills,False,False,False,False,1,80.0
esco_1468,http://data.europa.eu/esco/skill/be99117b-49a1-4ec2-a670-e9baac66c1bd,principles of combustion engines,construction and performance of combustion engines,"motor vehicles, ships and aircraft",engineering and engineering trades,"engineering, manufacturing and construction",knowledge,False,False,False,False,1,50.0
esco_1469,http://data.europa.eu/esco/skill/bebb3e1a-1c39-474a-b452-57e51c1b09fd,civil aviation regulations,aviation rules and regulations,transport services,transport services,services,knowledge,False,False,False,False,1,50.0
esco_1470,http://data.europa.eu/esco/skill/bec4359e-cb92-468f-a997-8fb28e32fba9,ICT project management methodologies,,management and administration,business and administration,"business, administration and law",knowledge,False,True,False,False,1,70.0
esco_1471,http://data.europa.eu/esco/skill/bf05da8d-772a-4423-adb2-df79672f46f7,organise information,organize information,managing information,managing information,information skills,skills,False,False,False,False,8,88.75
esco_1472,http://data.europa.eu/esco/skill/bf1f763e-c505-46e7-8af3-e48f13ec5f44,control engineering,,electronics and automation,engineering and engineering trades,"engineering, manufacturing and construction",knowledge,False,True,False,False,1,80.0
esco_1473,http://data.europa.eu/esco/skill/bf419e00-8548-491a-a06f-d72ab439df2f,pneumatics,pneumatics applications,mechanical systems,mechanics and metal trades,engineering and engineering trades,"engineering, manufacturing and construction",False,False,False,False,3,80.0
esco_1474,http://data.europa.eu/esco/skill/bf4822d3-1f66-499d-afc9-151a9ba33e58,preparing mixtures or solutions,,transforming and blending materials,handling and moving,skills,,False,False,False,False,1,100.0
esco_1475,http://data.europa.eu/esco/skill/bf4d884f-c848-402a-b130-69c266b04164,apply basic programming skills,use basic programming language skills,working with digital devices and applications,core skills and competences,transversal skills and competences,,False,True,False,False,1,80.0
esco_1476,http://data.europa.eu/esco/skill/bf59255e-782a-4e83-a93c-6055cfdd8e7f,draw blueprints,create blueprints,creating visual displays and decorations,"creating artistic, visual or instructive materials","communication, collaboration and creativity",skills,False,False,False,False,2,100.0
esco_1477,http://data.europa.eu/esco/skill/bf5d77ad-e18c-48d8-83f0-bc79c011c74a,develop professional network,build professional network,developing professional relationships or networks,liaising and networking,"communication, collaboration and creativity",skills,False,False,False,False,1,80.0
esco_1478,http://data.europa.eu/esco/skill/bf6c5ed4-84af-440f-abcc-7fa5ba19c738,real-time computing,,database and network design and administration,information and communication technologies (icts),information and communication technologies (icts),knowledge,False,True,False,False,1,80.0
esco_1479,http://data.europa.eu/esco/skill/bf7ea00f-db77-4a95-9b9f-2d12b6d9fcb4,implement ICT network diagnostic tools,,setting up computer systems,setting up and protecting computer systems,working with computers,skills,False,True,False,False,1,80.0
esco_1480,http://data.europa.eu/esco/skill/bf983f2a-e941-4646-811d-cc81060cb53f,build networks,liaise with others,collaborating in teams and networks,social and communication skills and competences,transversal skills and competences,,False,False,False,False,3,86.66666666666667
esco_1481,http://data.europa.eu/esco/skill/bffa732b-12ab-4214-a4b3-498598820b1c,assigning work to others,,supervising people,management skills,skills,,False,False,False,False,5,100.0
esco_1482,http://data.europa.eu/esco/skill/c0326e27-5fa8-4dca-aecb-ed89ab491513,prepare visual data,,"using word processing, publishing and presentation software","using digital tools for collaboration, content creation and problem solving",working with computers,skills,False,True,False,False,1,100.0
esco_1483,http://data.europa.eu/esco/skill/c062bab3-3ea0-4291-9220-a2d8fef4bead,SQL Server,MS SQL Server,database and network design and administration,information and communication technologies (icts),information and communication technologies (icts),knowledge,False,True,False,False,23,96.08695652173913
esco_1484,http://data.europa.eu/esco/skill/c08c428e-858e-4e99-bcbd-3597ff31778a,work with broad variety of personalities,collaborate with various personalities,working in teams,working with others,"communication, collaboration and creativity",skills,False,False,False,False,14,83.57142857142857
esco_1485,http://data.europa.eu/esco/skill/c0b74374-39ff-43cf-a0a9-6220c7ec5097,implement efficiency plans for logistics operations,carry out logistics operations efficiency procedures,implementing new procedures or processes,solving problems,"communication, collaboration and creativity",skills,False,False,False,False,1,80.0
esco_1486,http://data.europa.eu/esco/skill/c10d5d87-36cf-42f5-8a12-e560fb5f4af8,demonstrate intercultural competence,,collaborating in teams and networks,social and communication skills and competences,transversal skills and competences,,False,False,False,False,3,96.66666666666667
esco_1487,http://data.europa.eu/esco/skill/c1658288-648c-4005-a3ef-f7053c61d519,arrange permits,obtain permits,"preparing documentation for contracts, applications, or permits",documenting and recording information,information skills,skills,False,False,False,False,4,65.0
esco_1488,http://data.europa.eu/esco/skill/c1a13ee0-b00d-4cfa-a22c-20d284e398b0,management skills,,management skills,skills,,,False,False,False,False,48,93.54166666666667
esco_1489,http://data.europa.eu/esco/skill/c1b3bd5d-7631-43af-93d4-a5f251e94570,differentiate nuance of colours,discern nuances of colours,"creating artistic, visual or instructive materials","creating artistic, visual or instructive materials","communication, collaboration and creativity",skills,False,False,False,False,2,90.0
esco_1490,http://data.europa.eu/esco/skill/c1f4e64a-9bc7-4c75-b2eb-d982d7148cef,evaluate spatial information,evaluating spatial information,analysing and evaluating information and data,analysing and evaluating information and data,information skills,skills,False,False,False,False,5,84.0
esco_1491,http://data.europa.eu/esco/skill/c2296e2e-5fef-4f24-a24f-e5b3792268be,provide ICT support,arrange ICT support,resolving computer problems,setting up and protecting computer systems,working with computers,skills,False,True,False,False,7,81.42857142857143
esco_1492,http://data.europa.eu/esco/skill/c23e0a2f-f04b-45bc-b0dd-20571f6b502c,developing operational policies and procedures,,developing objectives and strategies,management skills,skills,,False,False,False,False,1,90.0
esco_1493,http://data.europa.eu/esco/skill/c241f5a5-e23f-47bf-ad24-d83ea0010166,ensure proper document management,ensure  management of proper documents,documenting and recording information,documenting and recording information,information skills,skills,False,False,False,False,3,80.0
esco_1494,http://data.europa.eu/esco/skill/c2432314-940b-43a0-bb99-7abe069ddb37,analyse seismic risk,monitor seismic risk,analysing scientific and medical data,analysing and evaluating information and data,information skills,skills,False,False,False,False,1,50.0
esco_1495,http://data.europa.eu/esco/skill/c2617b44-886a-485e-8393-bc0fc6339539,management consulting,,management and administration,business and administration,"business, administration and law",knowledge,False,False,False,False,3,66.66666666666667
esco_1496,http://data.europa.eu/esco/skill/c2999f0c-eb37-4cdf-b9b0-82107b628794,style sheet languages,CSS,database and network design and administration,information and communication technologies (icts),information and communication technologies (icts),knowledge,False,True,False,False,1,100.0
esco_1497,http://data.europa.eu/esco/skill/c29aa9d2-4da8-4bdd-831c-8d4a2fb51730,work independently,work without supervision,working efficiently,self-management skills and competences,transversal skills and competences,,False,False,False,False,115,96.26086956521739
esco_1498,http://data.europa.eu/esco/skill/c2a0c52c-0b4b-4180-a918-92650ea3b458,think innovatively,apply innovative thinking,thinking creatively and innovatively,thinking skills and competences,transversal skills and competences,,False,False,False,False,12,97.5
esco_1499,http://data.europa.eu/esco/skill/c2ce7fe9-203b-492a-961e-9698dce7de19,perform safety data analysis,perform assessments of safety data,"managing, gathering and storing digital data",accessing and analysing digital data,working with computers,skills,False,True,False,False,1,80.0
esco_1500,http://data.europa.eu/esco/skill/c2fddf67-6b53-4cd4-8483-82e97e0f2a81,evaluate industrial hygiene,examine industrial hygiene,monitoring safety or security,"monitoring, inspecting and testing",information skills,skills,False,False,False,False,1,100.0
esco_1501,http://data.europa.eu/esco/skill/c32ad607-0c4d-4e34-b73f-668298f7bf13,apply technical communication skills,employ technical communication skills,presenting research or technical information,presenting information,"communication, collaboration and creativity",skills,False,False,False,False,30,90.0
esco_1502,http://data.europa.eu/esco/skill/c330db31-7fa9-4a8c-8ad6-baa957bcfed1,install operating system,,setting up computer systems,setting up and protecting computer systems,working with computers,skills,False,True,False,False,1,100.0
esco_1503,http://data.europa.eu/esco/skill/c33dd5ae-ae72-49d7-8dcf-8bc72e59fe78,civil law,,law,law,"business, administration and law",knowledge,False,False,False,False,3,50.0
esco_1504,http://data.europa.eu/esco/skill/c3687b34-fe53-4db2-ad1b-5055a6c5b6fd,organise project meetings,manage project meetings,planning events and programmes,"organising, planning and scheduling work and activities",management skills,skills,False,False,False,False,4,80.0
esco_1505,http://data.europa.eu/esco/skill/c36b7871-f5ff-481a-a05e-6df005d1b822,promote facilities management services,market facilities management services,"promoting products, services, or programs","promoting, selling and purchasing","communication, collaboration and creativity",skills,False,False,False,False,1,70.0
esco_1506,http://data.europa.eu/esco/skill/c3adaa02-d8d5-4f67-8074-8db86a03632b,maintain props,,creating visual displays and decorations,"creating artistic, visual or instructive materials","communication, collaboration and creativity",skills,False,False,False,False,1,50.0
esco_1507,http://data.europa.eu/esco/skill/c3c2420c-ce9a-4371-8eed-1db479c3a562,write scientific publications,,technical or academic writing,writing and composing,"communication, collaboration and creativity",skills,False,False,False,True,1,100.0
esco_1508,http://data.europa.eu/esco/skill/c3d61bcf-e698-4d39-8db1-388284dbfc74,operate lifting equipment,,operating lifting or moving equipment,operating mobile plant,working with machinery and specialised equipment,skills,False,False,False,False,1,100.0
esco_1509,http://data.europa.eu/esco/skill/c3e36d05-8ae8-447f-bb2b-6f9409f85389,deliver visual presentation of data,create data visualisation,presenting research or technical information,presenting information,"communication, collaboration and creativity",skills,False,True,False,False,32,96.5625
esco_1510,http://data.europa.eu/esco/skill/c3fb1757-a529-4336-8898-4e96cd99f95f,use chemical analysis equipment,,work with chemicals,preparing mixtures or solutions,transforming and blending materials,handling and moving,False,False,False,False,1,80.0
esco_1511,http://data.europa.eu/esco/skill/c4180af3-befd-4bd8-9a65-6a496f9d9f15,demonstrate awareness of health risks,manage health risk,applying health-related skills and competences,life skills and competences,transversal skills and competences,,False,False,False,False,1,80.0
esco_1512,http://data.europa.eu/esco/skill/c4272323-cce6-4535-ac71-4f6841f4f89a,organisational structure,organizational  structure,work skills,business and administration,"business, administration and law",knowledge,False,False,False,False,1,100.0
esco_1513,http://data.europa.eu/esco/skill/c4376e35-add7-43a0-8b2e-f5741f0df8fe,carrying out forensic and police investigations,,"conducting studies, investigations and examinations",information skills,skills,,False,False,False,False,1,100.0
esco_1514,http://data.europa.eu/esco/skill/c453cf81-6197-428e-84c6-70c773b63f27,ICT architectural frameworks,,software and applications development and analysis,information and communication technologies (icts),information and communication technologies (icts),knowledge,False,True,False,False,5,76.0
esco_1515,http://data.europa.eu/esco/skill/c46cf6f9-8b1e-44b9-a529-f5774c9167dd,desktop publishing,,computer use,information and communication technologies (icts),information and communication technologies (icts),knowledge,False,True,False,False,1,100.0
esco_1516,http://data.europa.eu/esco/skill/c4973029-8a67-42c3-a7a0-09bff8920ce5,prepare subgrade for road pavement,road base construction,constructing,constructing,constructing,skills,False,False,False,False,1,80.0
esco_1517,http://data.europa.eu/esco/skill/c4b1f326-224a-420a-b8b3-814a8f13b6cb,implement front-end website design,,setting up computer systems,setting up and protecting computer systems,working with computers,skills,False,True,False,False,2,80.0
esco_1518,http://data.europa.eu/esco/skill/c4b626c1-e71c-44ec-9f88-042766f37fcc,application usability,software usability,software and applications development and analysis,information and communication technologies (icts),information and communication technologies (icts),knowledge,False,True,False,False,2,80.0
esco_1519,http://data.europa.eu/esco/skill/c4fe78ae-8fef-4aa6-b767-146ed2b40198,repair industrial equipment,reconstruct manufacturing equipment,maintain industrial equipment,maintain equipment,working with machinery and specialised equipment,working with machinery and specialised equipment,False,False,False,False,6,86.66666666666667
esco_1520,http://data.europa.eu/esco/skill/c513cf4e-83bb-4edc-9ac8-2a7df04a9451,results-based management,performance-based management,management and administration,business and administration,"business, administration and law",knowledge,False,False,False,False,6,68.33333333333333
esco_1521,http://data.europa.eu/esco/skill/c5449667-9b40-4114-8d74-f51177669984,policy analysis,policy evaluation,political sciences and civics,social and behavioural sciences,"social sciences, journalism and information",knowledge,False,False,False,False,25,86.8
esco_1522,http://data.europa.eu/esco/skill/c544a9f3-5945-4b54-afed-de0697852817,report analysis results,use data reporting,report facts,communicating,social and communication skills and competences,transversal skills and competences,False,False,False,False,7,71.42857142857143
esco_1523,http://data.europa.eu/esco/skill/c54a0a94-9d45-4697-b7cb-f7eaef839031,driving heavy vehicles,,driving vehicles,working with machinery and specialised equipment,skills,,False,False,False,False,1,100.0
esco_1524,http://data.europa.eu/esco/skill/c54b03a9-fe20-42af-9e8a-f8896af4a4f9,adjust priorities,prioritise in accordance with changing circumstances,adapt to change,demonstrating willingness to learn,self-management skills and competences,transversal skills and competences,False,False,False,False,48,85.20833333333333
esco_1525,http://data.europa.eu/esco/skill/c57c0294-9940-4626-8954-08055bc242ba,supervising people,,supervising people,management skills,skills,,False,False,False,False,5,82.0
esco_1526,http://data.europa.eu/esco/skill/c57fbedb-6e0b-49cf-9ba2-cf431d61972e,manage claims process,maintain  claims process,manage processes,management skills,management skills,management skills,False,False,False,False,1,80.0
esco_1527,http://data.europa.eu/esco/skill/c5a135be-218d-48e6-a422-5225a576dcd8,manage project metrics,managing project metrics,manage engineering project,perform project management,keep records of work progress,report facts,False,False,False,False,3,83.33333333333333
esco_1528,http://data.europa.eu/esco/skill/c5b71c57-6f78-4c54-b332-ec75848f1095,"conducting studies, investigations and examinations",,information skills,skills,,,False,False,False,False,3,80.0
esco_1529,http://data.europa.eu/esco/skill/c5bc42be-4970-4dce-80e2-af78bae42e84,manage maintenance operations,,lead others,leading others,social and communication skills and competences,transversal skills and competences,False,False,False,False,1,80.0
esco_1530,http://data.europa.eu/esco/skill/c5c51528-ccfc-4c53-b409-c200aaa44222,liaise with engineers,communicate with engineers,collaborating and liaising,liaising and networking,"communication, collaboration and creativity",skills,False,False,False,False,1,100.0
esco_1531,http://data.europa.eu/esco/skill/c624c6a3-b0ba-4a31-a296-0d433fe47e41,think creatively,thinking creatively,thinking creatively and innovatively,thinking skills and competences,transversal skills and competences,,False,False,False,False,7,91.42857142857143
esco_1532,http://data.europa.eu/esco/skill/c634630b-210b-4da5-b0f3-894cc292d6e3,promote mental health,,provide health education,training on health or medical topics,teaching and training,"communication, collaboration and creativity",False,False,False,False,3,80.0
esco_1533,http://data.europa.eu/esco/skill/c65aa043-98da-4136-9877-494e72d9e4cf,interact with healthcare users,talk to patient and his carer,providing medical advice,advising and consulting,"communication, collaboration and creativity",skills,False,False,False,False,5,84.0
esco_1534,http://data.europa.eu/esco/skill/c66fd23d-ee40-4c0c-9279-1305bba6b59b,support witnesses,help witnesses,exercise rights and responsibilities,applying civic skills and competences,life skills and competences,transversal skills and competences,False,False,False,False,4,80.0
esco_1535,http://data.europa.eu/esco/skill/c69587b4-05d3-45bb-b79b-9b85e6603fc2,provide technical expertise,technical expertise provision,advising on design or use of technologies,advising and consulting,"communication, collaboration and creativity",skills,False,False,False,False,23,82.17391304347827
esco_1536,http://data.europa.eu/esco/skill/c6e308b4-8799-4461-a9bd-560bdecb0dbb,human resources department processes,human resources department methods,management and administration,business and administration,"business, administration and law",knowledge,False,False,False,False,2,65.0
esco_1537,http://data.europa.eu/esco/skill/c73ea1b8-e121-4f91-b8f0-dee4ee28d6ec,plan schedule,develop a schedule,manage time,working efficiently,self-management skills and competences,transversal skills and competences,False,False,False,False,89,79.66292134831461
esco_1538,http://data.europa.eu/esco/skill/c751974d-5d8a-4b16-806a-940bbdaf6a57,apply for government funding,,"preparing documentation for contracts, applications, or permits",documenting and recording information,information skills,skills,False,False,False,False,1,80.0
esco_1539,http://data.europa.eu/esco/skill/c75655c3-ed29-441e-b403-4dd65bc891a5,providing medical advice,,advising and consulting,"communication, collaboration and creativity",skills,,False,False,False,False,2,65.0
esco_1540,http://data.europa.eu/esco/skill/c76ea1b8-25a3-4084-a684-dcf10b7c880c,ecopedagogy,environmental pedagogy,education science,education,education,knowledge,True,False,False,False,1,80.0
esco_1541,http://data.europa.eu/esco/skill/c77db25e-bb51-4a10-b2ad-99b48b1b4a37,maintain computer hardware,maintaining computer hardware,"maintaining electrical, electronic and precision equipment","installing, maintaining and repairing electrical, electronic and precision equipment",working with machinery and specialised equipment,skills,False,True,False,False,2,80.0
esco_1542,http://data.europa.eu/esco/skill/c7b1e520-8921-46dd-b444-e0637323bb7f,use photographic equipment,use digital photographic equipment,operating audio-visual equipment,using precision instrumentation and equipment,working with machinery and specialised equipment,skills,False,False,False,False,1,80.0
esco_1543,http://data.europa.eu/esco/skill/c7cc6dc5-d56b-4323-8e5c-47c4022f615f,quality assurance methodologies,quality assurance approaches,manage quality,working efficiently,self-management skills and competences,transversal skills and competences,False,False,False,False,14,79.28571428571429
esco_1544,http://data.europa.eu/esco/skill/c7d64df4-7af3-4269-add6-97833bd5448e,manage purchasing cycle,,purchasing goods or services,"promoting, selling and purchasing","communication, collaboration and creativity",skills,False,False,False,False,2,80.0
esco_1545,http://data.europa.eu/esco/skill/c7d8f44f-d0ad-4039-8407-4b8576603856,lawn care,lawn maintenance,community sanitation,hygiene and occupational health services,services,knowledge,False,False,False,False,2,100.0
esco_1546,http://data.europa.eu/esco/skill/c7e686a1-d03e-4641-a229-68247fdc5887,legal terminology,,law,law,"business, administration and law",knowledge,False,False,False,False,2,80.0
esco_1547,http://data.europa.eu/esco/skill/c7f96545-46c4-451a-b284-014f4baed5ed,making decisions,,making decisions,management skills,skills,,False,False,False,False,28,90.71428571428571
esco_1548,http://data.europa.eu/esco/skill/c842be42-81b3-40f2-904c-ea8790ac88bd,negotiate supplier arrangements,negotiate with suppliers and distributors,negotiating and managing contracts and agreements,negotiating,"communication, collaboration and creativity",skills,False,False,False,False,4,85.0
esco_1549,http://data.europa.eu/esco/skill/c881ddd2-9c0e-4743-bd24-36be650493dd,manage several projects,handle several projects,"directing, supervising and coordinating projects","organising, planning and scheduling work and activities",management skills,skills,False,False,False,False,3,83.33333333333333
esco_1550,http://data.europa.eu/esco/skill/c8ac1986-38fa-43b2-89dc-50a4beeb420e,electricity,basic electricals,alternative fuels,types of fuels,chemistry,physical sciences,False,False,False,False,2,65.0
esco_1551,http://data.europa.eu/esco/skill/c8c18b8d-a813-49f8-a702-689564dcf8b2,electric generators,generators of electricity,electricity and energy,engineering and engineering trades,"engineering, manufacturing and construction",knowledge,False,False,False,False,3,70.0
esco_1552,http://data.europa.eu/esco/skill/c8c32b0c-acaa-42b0-ae3d-dc92624a8133,write charity grant proposals,draft project proposals,technical or academic writing,writing and composing,"communication, collaboration and creativity",skills,False,False,False,False,2,100.0
esco_1553,http://data.europa.eu/esco/skill/c8c8f437-21dc-474a-aea6-f0a9946aef05,rewrite articles,edit articles,technical or academic writing,writing and composing,"communication, collaboration and creativity",skills,False,False,False,False,1,80.0
esco_1554,http://data.europa.eu/esco/skill/c8de8023-ab8a-402b-a828-b2b57cd3b2f7,install software,software installing,setting up computer systems,setting up and protecting computer systems,working with computers,skills,False,True,False,False,8,81.25
esco_1555,http://data.europa.eu/esco/skill/c927ec6e-9082-4b22-afd3-0c4e219eaf73,ensure equipment maintenance,,directing operational activities,"organising, planning and scheduling work and activities",management skills,skills,False,False,False,False,2,100.0
esco_1556,http://data.europa.eu/esco/skill/c95c29fe-3971-46b7-80e9-1f7e75ba99b3,use specific data analysis software,use specific software for data analysis,"managing, gathering and storing digital data",accessing and analysing digital data,working with computers,skills,False,True,False,False,17,92.94117647058823
esco_1557,http://data.europa.eu/esco/skill/c983dbc8-8b2e-4f7e-aa66-f9042a898ea8,combine multiple fields of knowledge,work in a multidisciplinary fashion,analysing and evaluating information and data,analysing and evaluating information and data,information skills,skills,False,False,False,False,21,80.47619047619048
esco_1558,http://data.europa.eu/esco/skill/c9e29ab6-3957-492e-8234-11cf252b9006,inspect sewerage systems,,"evaluating systems, programmes, equipment and products",analysing and evaluating information and data,information skills,skills,False,False,False,False,2,90.0
esco_1559,http://data.europa.eu/esco/skill/c9e96450-421d-48af-9ee6-d9c50e29afc2,ICT recovery techniques,,software and applications development and analysis,information and communication technologies (icts),information and communication technologies (icts),knowledge,False,True,False,False,3,80.0
esco_1560,http://data.europa.eu/esco/skill/c9eea75d-918e-4733-bf1d-86ecd7a04946,perform studies and field investigation,performing field investigation,conducting academic or market research,"conducting studies, investigations and examinations",information skills,skills,False,False,False,False,2,80.0
esco_1561,http://data.europa.eu/esco/skill/ca49669b-1f59-4d1a-8e77-c77014ba93dc,type at speed,typing at speed,entering and transforming information,processing information,information skills,skills,False,False,False,False,8,95.0
esco_1562,http://data.europa.eu/esco/skill/ca8fae74-46ff-4e1b-94ef-ce22393e02e7,transcribe texts,,entering and transforming information,processing information,information skills,skills,False,True,False,False,1,80.0
esco_1563,http://data.europa.eu/esco/skill/cace7a77-38b7-4cdf-8171-e17692bef5f6,respond to customers' inquiries,respond to inquiries by customers,communicate with customers,establish customer rapport,developing professional relationships or networks,liaising and networking,False,False,False,False,7,85.71428571428571
esco_1564,http://data.europa.eu/esco/skill/caede8f1-6658-4d78-9eb4-2ad2c7ebf09b,teaching and training,,teaching and training,"communication, collaboration and creativity",skills,,False,False,False,False,4,90.0
esco_1565,http://data.europa.eu/esco/skill/cb15ece1-2afd-488c-852d-0b52c13409ef,focus on service,focus on serving,providing general assistance to people,providing information and support to the public and clients,assisting and caring,skills,False,False,False,False,1,80.0
esco_1566,http://data.europa.eu/esco/skill/cb1a2fbf-242d-4a4e-a466-588378f124c1,operate scientific measuring equipment,scientific measuring equipment operating,use measurement instruments,using precision measuring equipment,using precision instrumentation and equipment,working with machinery and specialised equipment,False,False,False,False,1,80.0
esco_1567,http://data.europa.eu/esco/skill/cb304338-3a44-4b6f-802b-dfc6c64de109,scientific modelling,scientific modeling,database and network design and administration,information and communication technologies (icts),information and communication technologies (icts),knowledge,False,False,False,False,1,50.0
esco_1568,http://data.europa.eu/esco/skill/cb5c6c3a-8999-41ee-83c9-012974efc43e,prepare building site,draw up site plans,define artistic performance concepts,teaching and training,teaching and training,"communication, collaboration and creativity",False,False,False,False,4,80.0
esco_1569,http://data.europa.eu/esco/skill/cb668e89-6ef5-4ff3-ab4a-506010e7e70b,manage a team,managing a team,lead others,leading others,social and communication skills and competences,transversal skills and competences,False,False,False,False,21,87.14285714285714
esco_1570,http://data.europa.eu/esco/skill/cb885129-ec40-4b9c-8064-5900dbceeb4f,constitutional law,,law,law,"business, administration and law",knowledge,False,False,False,False,2,80.0
esco_1571,http://data.europa.eu/esco/skill/cbb330ab-55ac-4eec-b54c-b85c6219f508,remote sensing techniques,remote sensing practices,earth sciences,physical sciences,"natural sciences, mathematics and statistics",knowledge,False,False,False,False,1,50.0
esco_1572,http://data.europa.eu/esco/skill/cbc24ea1-8f53-4211-96d4-2c682d018b8a,use tools for construction and repair,using repair tools,using hand tools,using hand tools,handling and moving,skills,False,False,False,False,3,83.33333333333333
esco_1573,http://data.europa.eu/esco/skill/cbe1b24e-00f3-4b17-94e9-1fcd34a11c3e,identifying opportunities,,developing objectives and strategies,management skills,skills,,False,False,False,False,2,75.0
esco_1574,http://data.europa.eu/esco/skill/cc0b95b8-5fae-4ee2-851e-9b1e9fa178be,manage employee complaints,handle employee complaints,keep an open mind,demonstrating willingness to learn,self-management skills and competences,transversal skills and competences,False,False,False,False,1,50.0
esco_1575,http://data.europa.eu/esco/skill/cc173f61-3386-44c5-a048-3889e1ec9114,construction methods,construction processes,building and civil engineering,architecture and construction,"engineering, manufacturing and construction",knowledge,False,False,False,False,15,78.66666666666667
esco_1576,http://data.europa.eu/esco/skill/cc7370dd-69fa-4c67-a96f-d4d135d38700,data quality assessment,data quality analysis,work skills,business and administration,"business, administration and law",knowledge,False,True,False,False,18,77.77777777777777
esco_1577,http://data.europa.eu/esco/skill/cc94f454-56d1-41b9-a82e-2aed9ed4f72e,preparation for parenthood,,nursing and midwifery,health,health and welfare,knowledge,False,False,False,False,1,50.0
esco_1578,http://data.europa.eu/esco/skill/cc9b4fbb-65f1-4c92-9229-1392d03b6e20,structure information,,facilitate access to information,managing information,managing information,information skills,False,False,False,False,6,65.0
esco_1579,http://data.europa.eu/esco/skill/ccb0809c-d045-4621-82f7-192b9e89a4f2,provide customer follow-up,,ensure client orientation,"promoting products, services, or programs","promoting, selling and purchasing","communication, collaboration and creativity",False,False,False,False,1,70.0
esco_1580,http://data.europa.eu/esco/skill/ccb2e5f2-4279-48fd-9d85-a1db42ff1e13,project configuration management,project setup management,management and administration,business and administration,"business, administration and law",knowledge,False,False,False,False,1,80.0
esco_1581,http://data.europa.eu/esco/skill/ccbdd86c-852c-4e82-998f-4f31e5735845,real estate underwriting,,wholesale and retail sales,business and administration,"business, administration and law",knowledge,False,False,False,False,2,100.0
esco_1582,http://data.europa.eu/esco/skill/ccd0a1d9-afda-43d9-b901-96344886e14d,Python (computer programming),Python,software and applications development and analysis,information and communication technologies (icts),information and communication technologies (icts),knowledge,False,True,False,False,24,96.66666666666667
esco_1583,http://data.europa.eu/esco/skill/ccdbd9bb-4faf-403c-a968-e8bf487f8a53,business ICT systems,business IT systems,computer use,information and communication technologies (icts),information and communication technologies (icts),knowledge,False,True,False,False,6,75.0
esco_1584,http://data.europa.eu/esco/skill/ccfbdaad-b91d-4bfe-bd0e-d30b33587f19,keep records of work progress,,report facts,communicating,social and communication skills and competences,transversal skills and competences,False,False,False,False,5,80.0
esco_1585,http://data.europa.eu/esco/skill/cd4b9e72-a18d-44bd-b227-14bbdd162dc1,prepare samples for testing,sample preparation for testing,collecting and preparing specimens or materials for testing,transforming and blending materials,handling and moving,skills,False,False,False,False,1,50.0
esco_1586,http://data.europa.eu/esco/skill/cd5efa8c-e44d-4cbc-91c6-796018dbed68,perform project management,performing project management,keep records of work progress,report facts,communicating,social and communication skills and competences,False,False,False,True,12,85.0
esco_1587,http://data.europa.eu/esco/skill/cd85312f-0e0b-460b-addd-57d6df800595,coordinate communication within a team,,collaborating and liaising,liaising and networking,"communication, collaboration and creativity",skills,False,False,False,False,2,75.0
esco_1588,http://data.europa.eu/esco/skill/cd990eab-c6a9-4c11-b17d-b12a98f6573b,establish customer rapport,,developing professional relationships or networks,liaising and networking,"communication, collaboration and creativity",skills,False,False,False,False,1,80.0
esco_1589,http://data.europa.eu/esco/skill/cdd2b6cc-b4a9-42a0-824b-766f52176fd3,write inspection reports,prepare inspection reports,report facts,communicating,social and communication skills and competences,transversal skills and competences,False,False,False,False,1,100.0
esco_1590,http://data.europa.eu/esco/skill/ce0d6a42-59c1-433e-ab62-adfc969c46bb,ensure safety of healthcare users,,follow safety precautions in work practices,complying with health and safety procedures,protecting and enforcing,assisting and caring,False,False,False,False,1,50.0
esco_1591,http://data.europa.eu/esco/skill/ce17a874-b476-491d-a7a7-5f05d32ad542,leading and motivating,,management skills,skills,,,False,False,False,False,2,85.0
esco_1592,http://data.europa.eu/esco/skill/ce26e71f-2d47-474e-89b6-7920931ac4fc,iOS,,software and applications development and analysis,information and communication technologies (icts),information and communication technologies (icts),knowledge,False,True,False,False,1,100.0
esco_1593,http://data.europa.eu/esco/skill/ce4cbc3a-bde0-43b4-9526-e643c4fe5b04,collaborate in company's daily operations,,working in teams,working with others,"communication, collaboration and creativity",skills,False,False,False,False,1,70.0
esco_1594,http://data.europa.eu/esco/skill/ce592b28-4467-4908-b2e6-64bbe18da631,perform copywriting,performing copywriting,artistic and creative writing,writing and composing,"communication, collaboration and creativity",skills,False,False,False,False,1,80.0
esco_1595,http://data.europa.eu/esco/skill/cea4dfd6-58a5-4d83-9e7d-137a26965673,operation of lifting gears,operation of forklift trucks,transport services,transport services,services,knowledge,False,False,False,False,1,80.0
esco_1596,http://data.europa.eu/esco/skill/cef5c0f8-1e40-4c09-b6a7-aa7811849e5d,ethics,,"apply knowledge of philosophy, ethics and religion",applying general knowledge,life skills and competences,transversal skills and competences,False,False,False,False,5,100.0
esco_1597,http://data.europa.eu/esco/skill/cf0b92de-4bd0-46ee-b383-7765b4cbcac9,clinical coding,use of classification codes to reflect clinical statements,medical diagnostic and treatment technology,health,health and welfare,knowledge,False,False,False,False,1,100.0
esco_1598,http://data.europa.eu/esco/skill/cf310cff-0d28-4dbc-9dbb-cc500a3196c2,office software,office software,computer use,information and communication technologies (icts),information and communication technologies (icts),knowledge,False,True,False,False,378,98.06878306878306
esco_1599,http://data.europa.eu/esco/skill/cf3e976d-2c3e-495c-a874-f9e8a66d3b48,perform backups,backup data,store digital data and systems,"managing, gathering and storing digital data",accessing and analysing digital data,working with computers,False,True,False,False,2,100.0
esco_1600,http://data.europa.eu/esco/skill/cf532795-a1fd-43bd-8407-6e43f877e6e3,mobile device management,cell phone  device management,database and network design and administration,information and communication technologies (icts),information and communication technologies (icts),knowledge,False,True,False,False,4,70.0
esco_1601,http://data.europa.eu/esco/skill/cf6ca1fc-f2be-4deb-bb35-1fffe4099023,leadership in nursing,leadership skills in nursing,nursing and midwifery,health,health and welfare,knowledge,False,False,False,False,8,75.0
esco_1602,http://data.europa.eu/esco/skill/cf9a4613-ff8a-40a7-931f-c6fba2cc3d50,heat transfer processes,heat transfer process,electricity and energy,engineering and engineering trades,"engineering, manufacturing and construction",knowledge,False,False,False,False,1,50.0
esco_1603,http://data.europa.eu/esco/skill/cfd5ab8f-ef8a-4877-8243-ddf17ac74604,planning events and programmes,,"organising, planning and scheduling work and activities",management skills,skills,,False,False,False,False,1,100.0
esco_1604,http://data.europa.eu/esco/skill/cffc3e97-e942-4b13-a2f3-0bf4910c06d3,use technical documentation,,interpreting technical documentation and diagrams,"conducting studies, investigations and examinations",information skills,skills,False,False,False,False,1,80.0
esco_1605,http://data.europa.eu/esco/skill/d04ee340-5378-4601-8181-19da6d5cbfe0,manage website,,"managing, gathering and storing digital data",accessing and analysing digital data,working with computers,skills,False,True,False,False,1,80.0
esco_1606,http://data.europa.eu/esco/skill/d085f57a-db05-4db7-aab5-9d9a29e8b949,manage ground maintenance,managing ground maintenance,directing operational activities,"organising, planning and scheduling work and activities",management skills,skills,False,False,False,False,2,80.0
esco_1607,http://data.europa.eu/esco/skill/d08c420c-d3c6-4485-af6f-f2544e9aa0ac,implement risk management for outdoors,implement outdoor risk management,performing risk analysis and management,analysing and evaluating information and data,information skills,skills,False,False,False,False,1,50.0
esco_1608,http://data.europa.eu/esco/skill/d0c425c6-e3de-465e-923d-d4d30ec4be9b,national generally accepted accounting principles,national generally accepted accountancy principles,accounting and taxation,business and administration,"business, administration and law",knowledge,False,False,False,False,3,80.0
esco_1609,http://data.europa.eu/esco/skill/d0c6d77e-cb25-4770-bf77-2073fc5f7523,ICT infrastructure,,electronics and automation,engineering and engineering trades,"engineering, manufacturing and construction",knowledge,False,True,False,False,11,82.72727272727273
esco_1610,http://data.europa.eu/esco/skill/d0f2f8a7-d935-4a6d-8e54-dcc3e5e2cbeb,present reports,present a report,report facts,communicating,social and communication skills and competences,transversal skills and competences,False,False,False,False,11,83.63636363636364
esco_1611,http://data.europa.eu/esco/skill/d0f48427-7987-4f86-b24d-709837a37fd2,assist employee health programmes,assisting employee health programmes,work in teams,collaborating in teams and networks,social and communication skills and competences,transversal skills and competences,False,False,False,False,1,80.0
esco_1612,http://data.europa.eu/esco/skill/d1072655-88ce-4445-8803-e6273da273e7,blueprints,,building and civil engineering,architecture and construction,"engineering, manufacturing and construction",knowledge,False,False,False,False,2,100.0
esco_1613,http://data.europa.eu/esco/skill/d12e9d68-84c5-444e-aa98-d36533bf03f6,apply operations for an ITIL-based environment,administer operations for an ITIL-based environment,complying with operational procedures,protecting and enforcing,assisting and caring,skills,False,True,False,False,2,80.0
esco_1614,http://data.europa.eu/esco/skill/d13f1685-9848-4c9e-a40a-686ddb407858,asbestos removal regulations,,occupational health and safety,hygiene and occupational health services,services,knowledge,True,False,False,False,3,80.0
esco_1615,http://data.europa.eu/esco/skill/d15ce60f-ddab-41ce-ba56-398451b77b60,have computer literacy,computer literacy,accessing and analysing digital data,accessing and analysing digital data,working with computers,skills,False,True,False,False,109,87.1559633027523
esco_1616,http://data.europa.eu/esco/skill/d1724ca5-ebd3-472a-bea9-fad9fe9004bf,estimate costs of required supplies,prepare cost estimates,provide cost benefit analysis reports,"preparing financial documents, records, reports, or budgets",documenting and recording information,information skills,False,False,False,False,7,58.57142857142857
esco_1617,http://data.europa.eu/esco/skill/d18e37a5-2cdf-4845-bb65-7c8e82e09dc5,inspect machinery,,installing wooden and metal components,building and repairing structures,constructing,skills,False,False,False,False,1,100.0
esco_1618,http://data.europa.eu/esco/skill/d1e954cd-d290-4d80-97c0-7969960d2928,distributed directory information services,active directory,database and network design and administration,information and communication technologies (icts),information and communication technologies (icts),knowledge,False,True,False,False,6,95.0
esco_1619,http://data.europa.eu/esco/skill/d1f73ae9-d348-4aac-b5d5-9b6d508401d3,resource-efficient technologies,resource efficiency,sustainable technologies,environmental protection technology,engineering and engineering trades,"engineering, manufacturing and construction",True,False,False,False,1,80.0
esco_1620,http://data.europa.eu/esco/skill/d22ed03b-5385-4c53-b399-17bfec2b61f5,refer service users to community resources,refer clients to community resources,assisting people to access services,counselling,assisting and caring,skills,False,False,False,False,1,100.0
esco_1621,http://data.europa.eu/esco/skill/d2590cd1-8c5a-4f81-b77e-6ea212076ede,evaluate implementation of safety procedures,assess implementation of safety procedures,"evaluating systems, programmes, equipment and products",analysing and evaluating information and data,information skills,skills,False,False,False,False,1,80.0
esco_1622,http://data.europa.eu/esco/skill/d2759db0-9d3b-4942-80c3-1684890f5fb0,youth-centred approach,youth-oriented methodology,"inter-disciplinary programmes and qualifications involving social sciences, journalism and information","inter-disciplinary programmes and qualifications involving social sciences, journalism and information","social sciences, journalism and information",knowledge,False,False,False,False,3,80.0
esco_1623,http://data.europa.eu/esco/skill/d2ae1ea1-d899-4f9e-87f5-481987e2e5e8,advise on housing,advise on housing opportunities,advising on products and services,advising and consulting,"communication, collaboration and creativity",skills,False,False,False,False,1,50.0
esco_1624,http://data.europa.eu/esco/skill/d2b3891d-d710-4f53-9a68-ff7b1158fef5,excavation techniques,types of excavation,building and civil engineering,architecture and construction,"engineering, manufacturing and construction",knowledge,False,False,False,False,2,80.0
esco_1625,http://data.europa.eu/esco/skill/d2c81ad1-2439-43cf-9c63-204187b8f771,mitigate waste of resources,effective use of waste resources,evaluate environmental impact of personal behaviour,applying environmental skills and competences,life skills and competences,transversal skills and competences,True,False,False,False,1,80.0
esco_1626,http://data.europa.eu/esco/skill/d2d9051a-10e1-41c5-9cfb-bbdc58016176,follow safety precautions in work practices,follow work practice safety precautions,complying with health and safety procedures,protecting and enforcing,assisting and caring,skills,False,False,False,False,1,80.0
esco_1627,http://data.europa.eu/esco/skill/d3286405-49f8-4e8a-8046-a4376b4e7963,manage cloud data and storage,,manage database,managing information,managing information,information skills,False,True,False,False,4,82.5
esco_1628,http://data.europa.eu/esco/skill/d32db06e-bd06-4415-a7ab-1b0ee68caa9a,ICT encryption,,database and network design and administration,information and communication technologies (icts),information and communication technologies (icts),knowledge,False,True,False,False,1,100.0
esco_1629,http://data.europa.eu/esco/skill/d39022ab-d102-4720-b689-540d6f056b17,public administration,public sector management,political science,social sciences,sociology and cultural studies,social and behavioural sciences,False,False,False,False,11,70.9090909090909
esco_1630,http://data.europa.eu/esco/skill/d3eccb86-f02d-4950-bfbd-20b9510774a1,apply organisational techniques,apply organizational  techniques,manage time,working efficiently,self-management skills and competences,transversal skills and competences,False,False,False,False,18,82.22222222222223
esco_1631,http://data.europa.eu/esco/skill/d41262ae-eca1-4ede-89a8-46d2d99a7a31,consider economic criteria in decision making,,make decisions,taking a proactive approach,self-management skills and competences,transversal skills and competences,False,False,False,False,2,100.0
esco_1632,http://data.europa.eu/esco/skill/d4199178-81a1-40dd-a8c8-0f91b0489913,negotiate settlements,,negotiating and managing contracts and agreements,negotiating,"communication, collaboration and creativity",skills,False,False,False,False,1,100.0
esco_1633,http://data.europa.eu/esco/skill/d48b3cfe-80b6-406f-b582-d959b60417f8,examine civil structures,evaluate civil structures,monitoring safety or security,"monitoring, inspecting and testing",information skills,skills,False,False,False,False,1,80.0
esco_1634,http://data.europa.eu/esco/skill/d4a0744a-508b-4a5e-97a5-ad1fc7f55e6e,correctional procedures,correctional policies,protection of persons and property,security services,services,knowledge,False,False,False,False,2,65.0
esco_1635,http://data.europa.eu/esco/skill/d4ae9564-0b61-4aa0-9df0-d4fdc969fd6f,grammar,,literature and linguistics,languages,arts and humanities,knowledge,False,False,False,False,1,100.0
esco_1636,http://data.europa.eu/esco/skill/d4cc5022-7801-4885-bcff-166552788d35,provide improvement strategies,,developing objectives and strategies,developing objectives and strategies,management skills,skills,False,False,False,False,1,80.0
esco_1637,http://data.europa.eu/esco/skill/d4eaa90c-598f-4453-a0b8-28345ba63bf2,manage budgets for social services programs,administer budgets in social services,managing budgets or finances,allocating and controlling resources,management skills,skills,False,False,False,False,2,80.0
esco_1638,http://data.europa.eu/esco/skill/d4f9906e-3b22-4c27-9b32-1c1f457ced44,oversee record management,,managing information,managing information,information skills,skills,False,False,False,False,1,50.0
esco_1639,http://data.europa.eu/esco/skill/d512d178-37a6-4eab-a660-412d2bb0824a,test procedures,testing procedure,chemical engineering and processes,engineering and engineering trades,"engineering, manufacturing and construction",knowledge,False,False,False,False,11,66.36363636363636
esco_1640,http://data.europa.eu/esco/skill/d5145a9a-602e-40bf-b3e1-f04cf9c3ef86,leadership principles,,personal skills and development,personal skills and development,generic programmes and qualifications,knowledge,False,False,False,False,5,80.0
esco_1641,http://data.europa.eu/esco/skill/d54970ba-d9f2-41ec-a852-bbd1e5796823,providing information to the public and clients,,providing information and support to the public and clients,assisting and caring,skills,,False,False,False,False,8,86.25
esco_1642,http://data.europa.eu/esco/skill/d54a1355-05c8-45eb-9c42-267d2cfcdf44,provide technical training,,instruct others,supporting others,social and communication skills and competences,transversal skills and competences,False,False,False,False,1,80.0
esco_1643,http://data.europa.eu/esco/skill/d560df46-dda4-4407-bab2-b87353a96814,design control systems,develop control systems,designing electrical or electronic systems or equipment,designing systems and products,"communication, collaboration and creativity",skills,False,True,False,False,2,50.0
esco_1644,http://data.europa.eu/esco/skill/d57752ff-dc3f-45f6-908c-e97b9255f721,make drawings,,creating artistic designs or performances,"creating artistic, visual or instructive materials","communication, collaboration and creativity",skills,False,False,False,False,2,100.0
esco_1645,http://data.europa.eu/esco/skill/d589970b-933d-4656-bcb6-a43b3cc67888,monitor water quality,monitoring water quality,monitoring quality of products,"monitoring, inspecting and testing",information skills,skills,True,False,False,False,2,100.0
esco_1646,http://data.europa.eu/esco/skill/d5a59ca8-2e91-472e-8571-d12ce4478679,Process-based management,,ICT project management methodologies,management and administration,business and administration,"business, administration and law",False,True,False,False,3,80.0
esco_1647,http://data.europa.eu/esco/skill/d5bcc417-a004-4165-b7f1-ab739eadd2f4,smart city features,smart city characteristics,information and communication technologies not elsewhere classified,information and communication technologies (icts),information and communication technologies (icts),knowledge,False,True,False,False,1,50.0
esco_1648,http://data.europa.eu/esco/skill/d5dbc342-8e39-4998-8237-ebbe05a381ce,manage research and development projects,supervise research and development projects,perform project management,keep records of work progress,report facts,communicating,False,False,False,False,2,80.0
esco_1649,http://data.europa.eu/esco/skill/d5e39a53-4f54-4d5f-9df3-b49664c9559d,occupational health,,occupational health and safety,hygiene and occupational health services,services,knowledge,False,False,False,False,1,50.0
esco_1650,http://data.europa.eu/esco/skill/d5e9b47e-580f-41e7-bc6c-e7345566fcb4,review patient's medical data,review medical data of a patient,diagnosing health conditions,"conducting studies, investigations and examinations",information skills,skills,False,False,False,False,3,100.0
esco_1651,http://data.europa.eu/esco/skill/d6179c4b-ff5a-4bbb-a3c8-e0acf0de1f56,assist scientific research,assisting scientific research,perform scientific research,conducting academic or market research,"conducting studies, investigations and examinations",information skills,False,False,False,False,1,80.0
esco_1652,http://data.europa.eu/esco/skill/d62d2b4c-a6f8-439e-8a1b-4f29ab5f2c47,make decisions,making decisions,taking a proactive approach,self-management skills and competences,transversal skills and competences,,False,False,False,False,29,91.72413793103448
esco_1653,http://data.europa.eu/esco/skill/d63c2bad-817d-4116-b4d8-b927cb01212d,commercial law,,law,law,"business, administration and law",knowledge,False,False,False,False,3,80.0
esco_1654,http://data.europa.eu/esco/skill/d67aaf6e-e3fc-4d47-9694-3fba2dc64ef6,inspect material,inspecting material,monitoring quality of products,"monitoring, inspecting and testing",information skills,skills,False,False,False,False,2,65.0
esco_1655,http://data.europa.eu/esco/skill/d6af2e83-6f95-4882-9774-af91ed59d4a6,supervise sewerage systems construction,managing sewerage systems construction,lead others,leading others,social and communication skills and competences,transversal skills and competences,False,False,False,False,1,80.0
esco_1656,http://data.europa.eu/esco/skill/d6c8dacb-b0c0-4544-b0b7-69b24df41ba1,managing transport and logistics activities,,"organising, planning and scheduling work and activities",management skills,skills,,False,False,False,False,1,80.0
esco_1657,http://data.europa.eu/esco/skill/d6cdef49-b669-4507-91d1-3f959cf98e47,maintain database performance,,"managing, gathering and storing digital data",accessing and analysing digital data,working with computers,skills,False,True,False,False,4,85.0
esco_1658,http://data.europa.eu/esco/skill/d6d3fee7-47e2-47f4-a0ec-6c75f28c6abd,product comprehension,product understanding,wholesale and retail sales,business and administration,"business, administration and law",knowledge,False,False,False,False,1,80.0
esco_1659,http://data.europa.eu/esco/skill/d6e4373a-ef2c-4b64-9dc6-4140846f6609,programming computer systems,,working with computers,skills,,,False,False,False,False,2,80.0
esco_1660,http://data.europa.eu/esco/skill/d6e78d9a-deca-4bcb-b08d-011b2616758d,ensure compliance with accounting conventions,,manage accounts,managing budgets or finances,allocating and controlling resources,management skills,False,False,False,False,1,80.0
esco_1661,http://data.europa.eu/esco/skill/d6f40152-c00d-44fa-a48f-55e39f08c14e,maintain landscape site,maintaining landscaping,cultivating land and crops,tending plants and crops,handling and moving,skills,False,False,False,False,2,80.0
esco_1662,http://data.europa.eu/esco/skill/d763af4e-9132-4596-a537-6a82410169ce,undertake employee screening,background checks and employee screening,manage staff,lead others,leading others,social and communication skills and competences,False,False,False,False,1,100.0
esco_1663,http://data.europa.eu/esco/skill/d7809fa0-8818-492f-95aa-ac8993e22aa8,operation of transport equipment,transport equipment operation,transport services,transport services,services,knowledge,False,False,False,False,12,96.66666666666667
esco_1664,http://data.europa.eu/esco/skill/d78dedfc-21d2-45fd-ba05-e56b7a8865e6,network standards,,database and network design and administration,information and communication technologies (icts),information and communication technologies (icts),knowledge,False,True,False,False,2,65.0
esco_1665,http://data.europa.eu/esco/skill/d7b66759-c40c-44de-9f31-9418f84e10c5,assess risk factors,,performing risk analysis and management,analysing and evaluating information and data,information skills,skills,False,False,False,False,2,80.0
esco_1666,http://data.europa.eu/esco/skill/d7e4a9fa-cfc2-45f9-96eb-13dc6e48c86c,video conferencing tool,,audio-visual techniques and media production,arts,arts and humanities,knowledge,False,True,False,False,1,80.0
esco_1667,http://data.europa.eu/esco/skill/d809a1d2-b80e-43e4-8984-de7517fb68f1,repair plumbing systems,,installing plumbing or piping equipment or systems,installing interior or exterior infrastructure,constructing,skills,False,False,False,False,1,100.0
esco_1668,http://data.europa.eu/esco/skill/d822b4b2-26c7-4bd9-970d-229c6504f615,create digital content,create content in digital form,working with digital devices and applications,core skills and competences,transversal skills and competences,,False,True,False,False,1,100.0
esco_1669,http://data.europa.eu/esco/skill/d82b3bfc-b323-44d6-8776-e3d28e9183a4,cope with challenging demands,handle challenging demands,approach challenges positively,maintaining a positive attitude,self-management skills and competences,transversal skills and competences,False,False,False,False,2,80.0
esco_1670,http://data.europa.eu/esco/skill/d86babea-bf8b-4552-81a8-daf706066ad6,manage environmental impact of operations,manage environmental impact,complying with environmental protection laws and standards,protecting and enforcing,assisting and caring,skills,True,False,False,False,1,80.0
esco_1671,http://data.europa.eu/esco/skill/d9013e0e-e937-43d5-ab71-0e917ee882b8,manage time,managing time,working efficiently,self-management skills and competences,transversal skills and competences,,False,False,False,False,72,93.88888888888889
esco_1672,http://data.europa.eu/esco/skill/d94e1143-3a3a-4f6a-a881-df93bf56cf23,analysing financial and economic data,,analysing and evaluating information and data,information skills,skills,,False,False,False,False,5,82.0
esco_1673,http://data.europa.eu/esco/skill/d96b6330-c73f-443f-9048-702b2226f62b,treat contaminated water,water treatment management,handling and disposing of hazardous materials,handling and disposing of waste and hazardous materials,handling and moving,skills,True,False,False,False,4,90.0
esco_1674,http://data.europa.eu/esco/skill/d9a3cb06-d6e0-4a64-88a6-9a8e11a99c93,labour market,labor  market,social work and counselling,welfare,health and welfare,knowledge,False,False,False,False,1,80.0
esco_1675,http://data.europa.eu/esco/skill/d9a9cb71-a62e-4800-a518-cfb61f8b15cd,category specific expertise,specialized knowledge on supplies,wholesale and retail sales,business and administration,"business, administration and law",knowledge,False,False,False,False,6,65.0
esco_1676,http://data.europa.eu/esco/skill/d9beab8e-1bd0-42a3-bf3e-58a8f647ad96,install water purity mechanism,,install water reservoir,installing plumbing or piping equipment or systems,installing interior or exterior infrastructure,constructing,True,False,False,False,1,50.0
esco_1677,http://data.europa.eu/esco/skill/d9e5349e-8791-49c2-8ba4-839fdd1606c2,define technical requirements,write technical specifications,developing operational policies and procedures,developing objectives and strategies,management skills,skills,False,False,False,False,10,74.0
esco_1678,http://data.europa.eu/esco/skill/da042121-959d-451b-b4d0-3bbf07c1bc67,analyse network bandwidth requirements,assess network bandwidth requirements,setting up computer systems,setting up and protecting computer systems,working with computers,skills,False,True,False,False,1,80.0
esco_1679,http://data.europa.eu/esco/skill/da1398ac-6955-4cf3-9225-67f16e41dbdc,collect financial data,Gather financial data,gathering information from physical or electronic sources,processing information,information skills,skills,False,False,False,False,2,80.0
esco_1680,http://data.europa.eu/esco/skill/da629999-d226-4ff3-9e1a-01788132664f,ensure compliance with disclosure criteria of accounting information,ensuring compliance with disclosure criteria of accounting information,analysing financial and economic data,analysing and evaluating information and data,information skills,skills,False,False,False,False,2,80.0
esco_1681,http://data.europa.eu/esco/skill/da6393d5-a53c-4863-abc7-51f36281d74e,lean project management,lean project management approach,ICT project management methodologies,management and administration,business and administration,"business, administration and law",False,True,False,False,10,76.0
esco_1682,http://data.europa.eu/esco/skill/dad7e408-162f-46a4-8567-db560e19e2fc,identify ICT system weaknesses,identify vulnerabilities of a cyber infrastructure,analyse ICT system,working with computers,working with computers,working with computers,False,True,False,False,1,80.0
esco_1683,http://data.europa.eu/esco/skill/dade132a-487b-40fb-9d8e-f20ce5e6c076,develop design concept,developing design concept,creating artistic designs or performances,"creating artistic, visual or instructive materials","communication, collaboration and creativity",skills,False,False,False,False,3,80.0
esco_1684,http://data.europa.eu/esco/skill/dae7b6eb-dea0-4298-9554-d951656e9389,design open spaces,open space design,designing structures or facilities,designing systems and products,"communication, collaboration and creativity",skills,False,False,False,False,2,100.0
esco_1685,http://data.europa.eu/esco/skill/db10b60e-efd2-4ba9-a873-d1e2ec37620f,court procedures,judicial processes,law,law,"business, administration and law",knowledge,False,False,False,False,10,75.0
esco_1686,http://data.europa.eu/esco/skill/db33c0f3-43ee-4ba3-ba47-9269ac837697,critically evaluate information and its sources,evaluate information,applying civic skills and competences,life skills and competences,transversal skills and competences,,False,False,False,False,2,80.0
esco_1687,http://data.europa.eu/esco/skill/db36f7f1-5900-45bd-9ffb-f2b19c4362ac,support ICT system users,user assistance,instruct others,supporting others,social and communication skills and competences,transversal skills and competences,False,True,False,False,3,86.66666666666667
esco_1688,http://data.europa.eu/esco/skill/db4f4689-8540-4577-bdfe-acecf2f31ec2,manage vehicle inventory,,lead others,leading others,social and communication skills and competences,transversal skills and competences,False,False,False,False,1,50.0
esco_1689,http://data.europa.eu/esco/skill/db9463b7-5c24-46d2-8419-002e03bae1dc,meet productivity targets,achieve productivity targets,show determination,taking a proactive approach,self-management skills and competences,transversal skills and competences,False,False,False,False,4,80.0
esco_1690,http://data.europa.eu/esco/skill/db99d662-4230-49b3-a9e9-b0043a70c3c3,operate drilling equipment,operation of drilling equipment,cutting materials and drilling holes,using hand tools,handling and moving,skills,False,False,False,False,2,90.0
esco_1691,http://data.europa.eu/esco/skill/dba46f87-0831-49cd-a1c7-340a653c0221,Agile development,,software and applications development and analysis,information and communication technologies (icts),information and communication technologies (icts),knowledge,False,True,False,False,5,96.0
esco_1692,http://data.europa.eu/esco/skill/dbdd03ec-f64f-4916-8a86-cc71d765cc20,advise on legislative acts,comment on legislative acts,"advising on legal, regulatory or procedural matters",advising and consulting,"communication, collaboration and creativity",skills,False,False,False,False,5,80.0
esco_1693,http://data.europa.eu/esco/skill/dbef5042-4b99-4e6f-b2ed-1d33b07b3ed6,advise on sustainability solutions,advise on environmentally friendly solutions,advising on environmental issues,advising and consulting,"communication, collaboration and creativity",skills,True,False,False,False,2,65.0
esco_1694,http://data.europa.eu/esco/skill/dc0e2b6b-1932-437d-b251-b808ebb09979,work in a water transport team,work as part of a water transportation team,working in teams,working with others,"communication, collaboration and creativity",skills,False,False,False,False,1,50.0
esco_1695,http://data.europa.eu/esco/skill/dc72ad0a-c5dc-4abd-bc0d-ca43e82162e1,build business relationships,,developing professional relationships or networks,liaising and networking,"communication, collaboration and creativity",skills,False,False,False,False,7,80.0
esco_1696,http://data.europa.eu/esco/skill/dc9a236c-c640-43c3-812f-269403591edb,customer relationship management,CRM,management and administration,business and administration,"business, administration and law",knowledge,False,False,False,False,9,91.11111111111111
esco_1697,http://data.europa.eu/esco/skill/dcc96a49-0bac-4a9c-8f8e-a32b4e47e6eb,apply health and safety standards,applying health and safety standards,complying with health and safety procedures,protecting and enforcing,assisting and caring,skills,False,False,False,False,32,80.625
esco_1698,http://data.europa.eu/esco/skill/dcc99418-d896-4b3b-8596-658093a17a8f,manage chronic health conditions,,applying health-related skills and competences,life skills and competences,transversal skills and competences,,False,False,False,False,2,80.0
esco_1699,http://data.europa.eu/esco/skill/dce16d2c-278a-4161-9847-8435e52c96d3,manage water flows and catchments,managing water flows and catchments,installing plumbing or piping equipment or systems,installing interior or exterior infrastructure,constructing,skills,False,False,False,False,13,80.0
esco_1700,http://data.europa.eu/esco/skill/dd9cbe6e-15bc-41fb-99d1-702c6c6cf6af,take affidavits,taking affidavits,recording legal information,documenting and recording information,information skills,skills,False,False,False,False,1,80.0
esco_1701,http://data.europa.eu/esco/skill/dda26251-7331-41fd-871f-1106ca468189,traffic engineering,traffic engineering analysis,building and civil engineering,architecture and construction,"engineering, manufacturing and construction",knowledge,False,False,False,False,5,82.0
esco_1702,http://data.europa.eu/esco/skill/dda69c90-2355-4ab5-b0ef-6ada47f74cc1,test computer hardware,,installing wooden and metal components,building and repairing structures,constructing,skills,False,True,False,False,1,80.0
esco_1703,http://data.europa.eu/esco/skill/ddc3119d-1d6e-4324-9125-a3380d299ac5,computer technology,IT,electronics and automation,engineering and engineering trades,"engineering, manufacturing and construction",knowledge,False,True,False,False,12,69.16666666666667
esco_1704,http://data.europa.eu/esco/skill/ddc8da70-b94f-43ef-88dc-aebc7bef4f7d,assume responsibility for the management of a business,be accountable for the management of a business,assume responsibility,taking a proactive approach,self-management skills and competences,transversal skills and competences,False,False,False,False,8,80.0
esco_1705,http://data.europa.eu/esco/skill/ddce2912-bc0f-4a47-aa2b-c1de48bc4b44,energy conservation,,environmental protection technology,engineering and engineering trades,"engineering, manufacturing and construction",knowledge,True,False,False,False,1,100.0
esco_1706,http://data.europa.eu/esco/skill/dddd229b-61e1-480d-80d6-d9d9ee9b5f54,managing information,,information skills,skills,,,False,False,False,False,3,60.0
esco_1707,http://data.europa.eu/esco/skill/ddfe79e2-c2e3-4ba7-9bdf-3820b4f75b54,identify ICT user needs,,perform customers’ needs analysis,engaging with others to identify needs,obtaining information verbally,"communication, collaboration and creativity",False,True,False,False,1,70.0
esco_1708,http://data.europa.eu/esco/skill/de2f0ce8-f8d6-48c5-a213-4d065251cecf,communicate by telephone,communicate by phone,liaising and networking,liaising and networking,"communication, collaboration and creativity",skills,False,False,False,False,17,94.11764705882354
esco_1709,http://data.europa.eu/esco/skill/de586dcf-d7e5-4340-bf5b-d59026f1b436,penetration testing tool,,software and applications development and analysis,information and communication technologies (icts),information and communication technologies (icts),knowledge,False,True,False,False,1,100.0
esco_1710,http://data.europa.eu/esco/skill/de5c97d3-ad28-49e8-bc97-fa5c7521d6f2,establish connections with young people,,counselling,counselling,assisting and caring,skills,False,False,False,False,2,80.0
esco_1711,http://data.europa.eu/esco/skill/de857fbb-91a6-4a3f-8a47-93a9c1a616c8,plan transport operations,plan transportation operations,planning production processes,"organising, planning and scheduling work and activities",management skills,skills,False,False,False,False,9,73.33333333333333
esco_1712,http://data.europa.eu/esco/skill/de884168-32e7-4500-a227-3f0966f962b6,presenting information,,presenting information,"communication, collaboration and creativity",skills,,False,False,False,False,63,96.82539682539682
esco_1713,http://data.europa.eu/esco/skill/de9f85ba-e77f-48fd-8c66-f5ebaf32d655,Oracle Relational Database,,database and network design and administration,information and communication technologies (icts),information and communication technologies (icts),knowledge,False,True,False,False,14,74.28571428571429
esco_1714,http://data.europa.eu/esco/skill/debef2fc-7af4-4bff-ac92-4d0317915a84,electronic communication,electronic communications,electronics and automation,engineering and engineering trades,"engineering, manufacturing and construction",knowledge,False,True,False,False,6,96.66666666666667
esco_1715,http://data.europa.eu/esco/skill/df08a4ae-4024-4460-8c92-eab78da1c94b,ensure material compliance,,monitoring quality of products,"monitoring, inspecting and testing",information skills,skills,False,False,False,False,1,80.0
esco_1716,http://data.europa.eu/esco/skill/df12fd50-55dc-4cfd-a021-818880668789,maintain control systems for automated equipment,repair control systems for automated equipment,"maintaining electrical, electronic and precision equipment","installing, maintaining and repairing electrical, electronic and precision equipment",working with machinery and specialised equipment,skills,False,True,False,False,3,80.0
esco_1717,http://data.europa.eu/esco/skill/df5e3d02-9f0f-44ee-91c2-85c62f161868,"promote ideas, products, services",influence others,communicating,social and communication skills and competences,transversal skills and competences,,False,False,False,False,1,100.0
esco_1718,http://data.europa.eu/esco/skill/df64a7cc-2e96-4304-95d3-56fe0ac2dd39,design thinking,creative problem solving solutions,marketing and advertising,business and administration,"business, administration and law",knowledge,False,False,False,False,14,77.14285714285714
esco_1719,http://data.europa.eu/esco/skill/dfae80db-cf29-41e1-a48c-2bee901afff1,building and developing teams,,building and developing teams,management skills,skills,,False,False,False,False,4,85.0
esco_1720,http://data.europa.eu/esco/skill/dfb7f3ac-9bb3-49c3-82c9-5bef79453047,participant observation,,sociology and cultural studies,social and behavioural sciences,"social sciences, journalism and information",knowledge,False,False,False,False,1,100.0
esco_1721,http://data.europa.eu/esco/skill/dfd158e3-dc56-4415-b24b-3d3554347863,foster dialogue in society,cultivate discussion in society,advocating for individual or community needs,liaising and networking,"communication, collaboration and creativity",skills,False,False,False,False,2,80.0
esco_1722,http://data.europa.eu/esco/skill/dffed0c4-0de5-437c-90d6-a1619eacc05e,speak about your work in public,speaking about your work in public,presenting research or technical information,presenting information,"communication, collaboration and creativity",skills,False,False,False,False,11,96.36363636363636
esco_1723,http://data.europa.eu/esco/skill/e05fccc8-0b53-43fc-81ee-9aa5a7229aa9,advocate for others,,advocating for individual or community needs,liaising and networking,"communication, collaboration and creativity",skills,False,False,False,False,3,93.33333333333333
esco_1724,http://data.europa.eu/esco/skill/e06f2d35-a160-46c2-89f1-9cae9c93c8b8,selling products or services,,"promoting, selling and purchasing","communication, collaboration and creativity",skills,,False,False,False,False,1,80.0
esco_1725,http://data.europa.eu/esco/skill/e0b04224-52b4-44c4-9fae-26e9272dfe04,maintain vessel engine room,maintain ship engines and equipment,installing wooden and metal components,building and repairing structures,constructing,skills,False,False,False,False,1,90.0
esco_1726,http://data.europa.eu/esco/skill/e0ded9a1-372d-46c8-80b5-ad994d606ef2,maintain electromechanical equipment,,maintain equipment,working with machinery and specialised equipment,working with machinery and specialised equipment,working with machinery and specialised equipment,False,False,False,False,1,80.0
esco_1727,http://data.europa.eu/esco/skill/e135f4ad-2eed-448c-8f39-beb44238177c,evaluate genetic data,,analysing scientific and medical data,analysing and evaluating information and data,information skills,skills,False,False,False,False,1,80.0
esco_1728,http://data.europa.eu/esco/skill/e13b734a-218c-434a-a7cc-febac6d24ef3,call-centre technologies,call-center  technologies,database and network design and administration,information and communication technologies (icts),information and communication technologies (icts),knowledge,False,True,False,False,2,90.0
esco_1729,http://data.europa.eu/esco/skill/e173eaf8-c99b-405a-b0ac-0e02ce3c268d,calculating and estimating,,information skills,skills,,,False,False,False,False,5,88.0
esco_1730,http://data.europa.eu/esco/skill/e1786b34-de65-46a7-8f53-b624140cd018,translate different types of texts,,translating and interpreting,using more than one language,"communication, collaboration and creativity",skills,False,False,False,False,1,100.0
esco_1731,http://data.europa.eu/esco/skill/e186976a-64f0-4052-a25b-297d19e1d0ec,think proactively,proactive thinking,show initiative,taking a proactive approach,self-management skills and competences,transversal skills and competences,False,False,False,False,4,85.0
esco_1732,http://data.europa.eu/esco/skill/e1dc3eab-4d66-4ae5-a089-b9d884fd4e5a,claims procedures,,"finance, banking and insurance",business and administration,"business, administration and law",knowledge,False,False,False,False,1,80.0
esco_1733,http://data.europa.eu/esco/skill/e207163b-7963-4c3e-9494-7a4bb000211b,estimate duration of work,time estimation of work,manage time,working efficiently,self-management skills and competences,transversal skills and competences,False,False,False,False,4,87.5
esco_1734,http://data.europa.eu/esco/skill/e2161b42-46f4-4b62-8136-c190edce56fc,keep track of expenses,keep expense tracking,"preparing financial documents, records, reports, or budgets",documenting and recording information,information skills,skills,False,False,False,False,1,100.0
esco_1735,http://data.europa.eu/esco/skill/e2887d71-8ff4-4188-9926-22bdaefa7713,develop predictive models,establish models,analysing financial and economic data,analysing and evaluating information and data,information skills,skills,False,False,False,False,2,90.0
esco_1736,http://data.europa.eu/esco/skill/e2bdf081-333a-414f-b8ac-93c76290f167,coaching and mentoring,,teaching and training,"communication, collaboration and creativity",skills,,False,False,False,False,11,100.0
esco_1737,http://data.europa.eu/esco/skill/e2d0daae-2aa1-40cc-99e2-b340b02f97d3,product data management,,management and administration,business and administration,"business, administration and law",knowledge,False,True,False,False,1,50.0
esco_1738,http://data.europa.eu/esco/skill/e2d44a9b-f28c-489e-9861-b654b5ded507,motivate others,motivating others,leading others,social and communication skills and competences,transversal skills and competences,,False,False,False,False,11,89.0909090909091
esco_1739,http://data.europa.eu/esco/skill/e2e15494-65b9-4af5-8b86-53fb51e7e022,manage accounts,oversee accounts,managing budgets or finances,allocating and controlling resources,management skills,skills,False,False,False,False,2,80.0
esco_1740,http://data.europa.eu/esco/skill/e2e5d534-bf89-466b-a2a7-ea1b1f26222d,determine child welfare,investigate child welfare,caring for children,providing general personal care,assisting and caring,skills,False,False,False,False,8,76.25
esco_1741,http://data.europa.eu/esco/skill/e3145bd7-7f35-44ec-a5dc-4417c5c9ab9a,instructional design models,,education science,education,education,knowledge,False,False,False,False,2,80.0
esco_1742,http://data.europa.eu/esco/skill/e3211ab2-18b5-49b4-90de-d395f3be2378,execute working instructions,execute work instructions,accepting feedback,working with others,"communication, collaboration and creativity",skills,False,False,False,False,1,80.0
esco_1743,http://data.europa.eu/esco/skill/e33f2942-c4e7-4cfa-8b5a-4e068ab5b1aa,writing style guides,write style guides,literature and linguistics,languages,arts and humanities,knowledge,False,False,False,False,1,80.0
esco_1744,http://data.europa.eu/esco/skill/e35a5936-091d-4e87-bafe-f264e55bd656,language skills and knowledge,,,,,,False,False,False,False,10,89.0
esco_1745,http://data.europa.eu/esco/skill/e360f126-5c8d-4398-a746-a53f9ec59b7f,driver's license structure,driving license structure,transport services,transport services,services,knowledge,False,False,False,False,60,91.0
esco_1746,http://data.europa.eu/esco/skill/e37d64dc-0f05-4ee8-b065-bf76f70d8f5c,respect confidentiality obligations,,following ethical code of conduct,social and communication skills and competences,transversal skills and competences,,False,False,False,False,1,100.0
esco_1747,http://data.europa.eu/esco/skill/e38cbdd2-cd6c-451a-a9bd-9bc6355dafe8,inform on government funding,government funding advising,report facts,communicating,social and communication skills and competences,transversal skills and competences,False,False,False,False,1,50.0
esco_1748,http://data.europa.eu/esco/skill/e3b4b533-cc4d-4c70-adb6-128120f40c88,handling of dangerous goods,procedures for safely handling hazardous goods,chemical engineering and processes,engineering and engineering trades,"engineering, manufacturing and construction",knowledge,False,False,False,False,1,100.0
esco_1749,http://data.europa.eu/esco/skill/e3e42d54-78bd-4337-aa87-bb31a7670c9a,issue sales invoices,prepare sales invoices,executing financial transactions,performing administrative activities,management skills,skills,False,False,False,False,2,80.0
esco_1750,http://data.europa.eu/esco/skill/e3fcd642-5f9c-48ee-be58-258dd895d281,collect biological data,collecting biological data,gathering information from physical or electronic sources,processing information,information skills,skills,True,False,False,False,1,80.0
esco_1751,http://data.europa.eu/esco/skill/e437eba1-3e22-41f2-8703-741e94785cba,human resource management,human resources management,management and administration,business and administration,"business, administration and law",knowledge,False,False,False,False,13,74.61538461538461
esco_1752,http://data.europa.eu/esco/skill/e439742d-558d-4f52-885e-afdc740b48cf,"browse, search and filter data, information and digital content","search, browse, and filter information and digital content",digital data processing,accessing and analysing digital data,accessing and analysing digital data,working with computers,False,True,False,False,10,84.0
esco_1753,http://data.europa.eu/esco/skill/e464363b-8346-421d-9035-52118b76d8c8,computational biology,biological computing,"inter-disciplinary programmes and qualifications involving natural sciences, mathematics and statistics","inter-disciplinary programmes and qualifications involving natural sciences, mathematics and statistics","natural sciences, mathematics and statistics",knowledge,False,True,False,False,1,100.0
esco_1754,http://data.europa.eu/esco/skill/e4698f9f-bb23-486e-a74a-c8f3a19c3132,investigate contamination,test for contamination,monitoring environmental conditions,"monitoring, inspecting and testing",information skills,skills,True,False,False,False,2,90.0
esco_1755,http://data.europa.eu/esco/skill/e49f4158-9d4c-425d-bf32-dfe89b19840a,plan,implement planning,planning and organising,thinking skills and competences,transversal skills and competences,,False,False,False,True,9,82.22222222222223
esco_1756,http://data.europa.eu/esco/skill/e4c205f6-55ba-4bed-9c5d-2032058300c0,financial jurisdiction,financial oversight,"finance, banking and insurance",business and administration,"business, administration and law",knowledge,False,False,False,False,1,100.0
esco_1757,http://data.europa.eu/esco/skill/e4c5a9f8-72f8-4282-aefa-0fa924cb3db6,inform on the risks of substance and alcohol abuse,educate on risks of substance and alcohol abuse,providing medical advice,advising and consulting,"communication, collaboration and creativity",skills,False,False,False,False,7,91.42857142857143
esco_1758,http://data.europa.eu/esco/skill/e4da156d-a6c4-4b29-935b-eff9c9553cf1,working in teams,,working with others,"communication, collaboration and creativity",skills,,False,False,False,False,32,92.5
esco_1759,http://data.europa.eu/esco/skill/e4ff825c-7376-4135-93cd-3892fd67b7c1,develop environmental remediation strategies,write environmental remediation strategies,developing policies and legislation,developing objectives and strategies,management skills,skills,True,False,False,False,3,80.0
esco_1760,http://data.europa.eu/esco/skill/e541c69c-ea80-4b17-87cb-4001d0b9d303,assess environmental impact,assess environmental risks,complying with environmental protection laws and standards,protecting and enforcing,assisting and caring,skills,True,False,False,False,6,80.0
esco_1761,http://data.europa.eu/esco/skill/e54ff029-1ce9-447d-a5b2-eb7283a23e6e,train employees,training employees,instruct others,supporting others,social and communication skills and competences,transversal skills and competences,False,False,False,False,5,92.0
esco_1762,http://data.europa.eu/esco/skill/e5a6e1e0-1b07-4432-83ba-77d593b2cb47,SAS Data Management,,database and network design and administration,information and communication technologies (icts),information and communication technologies (icts),knowledge,False,True,False,False,1,100.0
esco_1763,http://data.europa.eu/esco/skill/e5ad0cce-e3d5-4c60-8504-5d1c7e3b55b9,electrical equipment components,electrical wires,electricity and energy,engineering and engineering trades,"engineering, manufacturing and construction",knowledge,False,False,False,False,1,80.0
esco_1764,http://data.europa.eu/esco/skill/e5b5053e-0ef6-4c4e-a3f2-42f955f4322c,implement a firewall,,apply digital security measures,working with digital devices and applications,core skills and competences,transversal skills and competences,False,True,False,False,3,80.0
esco_1765,http://data.europa.eu/esco/skill/e5d1f825-60ed-4bdd-872a-e748c387f777,CSS,,database and network design and administration,information and communication technologies (icts),information and communication technologies (icts),knowledge,False,True,False,False,8,100.0
esco_1766,http://data.europa.eu/esco/skill/e5f77488-7561-475a-9888-decd2443d37a,train staff on waste management,waste management training for staff,manage waste,adopt ways to reduce negative impact of consumption,applying environmental skills and competences,life skills and competences,True,False,False,False,1,100.0
esco_1767,http://data.europa.eu/esco/skill/e6654c68-984b-42da-b337-592898354c8b,enforce safety procedures when working at heights,apply safety procedures when working at heights,follow safety precautions in work practices,complying with health and safety procedures,protecting and enforcing,assisting and caring,False,False,False,False,1,80.0
esco_1768,http://data.europa.eu/esco/skill/e665d919-f28d-4ac4-adf0-8903ac66540e,develop design plans,developing design plans,designing structures or facilities,designing systems and products,"communication, collaboration and creativity",skills,False,True,False,False,10,68.0
esco_1769,http://data.europa.eu/esco/skill/e71c6cee-7247-49f4-829a-141c880ae938,advice on security risk management,advise on security risks,advise on risk management,performing risk analysis and management,analysing and evaluating information and data,information skills,False,False,False,False,2,65.0
esco_1770,http://data.europa.eu/esco/skill/e7211c0c-e571-4d61-bfda-3bea3953151d,manage company fleet,perform fleet management,lead others,leading others,social and communication skills and competences,transversal skills and competences,False,False,False,False,2,90.0
esco_1771,http://data.europa.eu/esco/skill/e747e77e-0ea1-4001-8b07-1d11946b5f1b,French,competent in French,languages,language skills and knowledge,,,False,False,True,False,9,100.0
esco_1772,http://data.europa.eu/esco/skill/e77eab3f-ff23-4b93-9911-e6c86477f12d,provide healthcare services to patients in specialised medicine,provide healthcare services to patients in specialized medicine,"providing medical, dental and nursing care",providing health care or medical treatments,assisting and caring,skills,False,False,False,False,1,50.0
esco_1773,http://data.europa.eu/esco/skill/e7c81380-0d7f-45f6-ac99-3bbf1167b464,climbing equipment,,sports,personal services,services,knowledge,False,False,False,False,1,80.0
esco_1774,http://data.europa.eu/esco/skill/e80f9e50-71ff-4bb7-8b7d-eb232685d17f,perform water testing procedures,water testing,manage water quality testing,lead others,leading others,social and communication skills and competences,False,False,False,False,1,100.0
esco_1775,http://data.europa.eu/esco/skill/e83ec793-3fbc-42e0-9729-d4bd92d454b3,draw up professional texts,create professional texts,technical or academic writing,writing and composing,"communication, collaboration and creativity",skills,False,False,False,False,4,72.5
esco_1776,http://data.europa.eu/esco/skill/e843973c-23dd-416a-8a9c-9e89512542fb,logistics,,management and administration,business and administration,"business, administration and law",knowledge,False,False,False,False,9,100.0
esco_1777,http://data.europa.eu/esco/skill/e84d080a-ff6d-41a7-b7b9-133e97c7bf00,thinking creatively and innovatively,,thinking skills and competences,transversal skills and competences,,,False,False,False,False,35,97.42857142857143
esco_1778,http://data.europa.eu/esco/skill/e8cb0cff-c577-4395-8369-6bd469caff24,organise fire drills,coordinate fire drills,developing contingency and emergency response plans,developing objectives and strategies,management skills,skills,False,False,False,False,1,50.0
esco_1779,http://data.europa.eu/esco/skill/e8dd9cc1-c83d-45ec-a7b0-e3727ab90336,create moving images,create motion pictures,create digital images,creating visual displays and decorations,"creating artistic, visual or instructive materials","communication, collaboration and creativity",False,True,False,False,1,100.0
esco_1780,http://data.europa.eu/esco/skill/e8ef317f-c880-4c7a-929f-e08053f976bb,develop strategies for accessibility,,develop company strategies,"developing financial, business or marketing plans",developing objectives and strategies,management skills,False,False,False,False,3,80.0
esco_1781,http://data.europa.eu/esco/skill/e95058a6-e139-42e7-a470-72038a606649,assess financial viability,evaluate financial viability,analysing financial and economic data,analysing and evaluating information and data,information skills,skills,False,False,False,False,1,80.0
esco_1782,http://data.europa.eu/esco/skill/e97c0d89-2f81-4840-8602-e668a949482f,social justice,,political sciences and civics,social and behavioural sciences,"social sciences, journalism and information",knowledge,False,False,False,False,6,90.0
esco_1783,http://data.europa.eu/esco/skill/ea00877d-ac0f-4de0-bb76-f7bfa61d3d25,maintain technical equipment,technical equipment maintaining,maintaining operational records,documenting and recording information,information skills,skills,False,False,False,False,3,76.66666666666667
esco_1784,http://data.europa.eu/esco/skill/ea1bf5e5-e7f0-4d2c-a415-1c39c00512b1,document management,,"library, information and archival studies",journalism and information,"social sciences, journalism and information",knowledge,False,False,False,False,8,80.0
esco_1785,http://data.europa.eu/esco/skill/ea28ce13-e620-4191-95c3-3e0f0f867834,psychological healthcare services,psychological health care services,characteristics of services,wholesale and retail sales,business and administration,"business, administration and law",False,False,False,False,5,80.0
esco_1786,http://data.europa.eu/esco/skill/ea412de3-9d7a-4943-8d8c-c6d3c7495d0e,execute integration testing,,execute software tests,plan software testing,planning production processes,"organising, planning and scheduling work and activities",False,True,False,False,3,93.33333333333333
esco_1787,http://data.europa.eu/esco/skill/ea451251-71ab-4f89-8c0d-53344ef7004f,provide legal advice,,"advising on legal, regulatory or procedural matters",advising and consulting,"communication, collaboration and creativity",skills,False,False,False,False,2,90.0
esco_1788,http://data.europa.eu/esco/skill/ea99e1f2-ad03-4bb3-8960-1227fc76bb2a,interpret graphical communication interfaces,understand graphical communication programmes,interpreting technical documentation and diagrams,"conducting studies, investigations and examinations",information skills,skills,False,True,False,False,2,80.0
esco_1789,http://data.europa.eu/esco/skill/ea9fc9d9-c602-4430-a7fc-edac7429a6a8,review construction projects,reviewing construction projects,oversee construction project,"directing, supervising and coordinating projects","organising, planning and scheduling work and activities",management skills,False,False,False,False,4,57.5
esco_1790,http://data.europa.eu/esco/skill/eaa4cdc0-43e0-4388-9b8a-e2779218d10e,first response,,nursing and midwifery,health,health and welfare,knowledge,False,False,False,False,1,80.0
esco_1791,http://data.europa.eu/esco/skill/eab3bafa-eebb-47bf-85ce-e336c5019108,team building,,personal skills and development,personal skills and development,generic programmes and qualifications,knowledge,False,False,False,False,6,100.0
esco_1792,http://data.europa.eu/esco/skill/ead14c9a-9a19-4119-8303-5f5c78761c24,provide health counselling,provide health counseling,counsel clients,advising and consulting,advising and consulting,"communication, collaboration and creativity",False,False,False,False,1,100.0
esco_1793,http://data.europa.eu/esco/skill/eade4171-3d57-4fb2-9518-44d5a1da4ff5,build trust,,developing professional relationships or networks,liaising and networking,"communication, collaboration and creativity",skills,False,False,False,False,3,100.0
esco_1794,http://data.europa.eu/esco/skill/eb13f8c5-8300-4422-a51f-475a7edb09ef,conduct textile testing operations,perform tests on textiles,monitoring quality of products,"monitoring, inspecting and testing",information skills,skills,False,False,False,False,1,80.0
esco_1795,http://data.europa.eu/esco/skill/eb65ce8e-61bf-49d1-99bb-cb699ba1005b,radiation protection,radiation preservation,medical diagnostic and treatment technology,health,health and welfare,knowledge,True,False,False,False,1,50.0
esco_1796,http://data.europa.eu/esco/skill/eb6cc4ba-4bb8-4348-9a3b-dc419558f66a,advising on design or use of technologies,,advising and consulting,"communication, collaboration and creativity",skills,,False,False,False,False,1,80.0
esco_1797,http://data.europa.eu/esco/skill/eb9f8a48-4be4-434b-be9d-293ff5c07f97,refer healthcare users,,assisting people to access services,counselling,assisting and caring,skills,False,False,False,False,2,100.0
esco_1798,http://data.europa.eu/esco/skill/ebbf3488-7d1e-4603-b7d4-938d23bc1af1,review construction plans authorisations,review construction plans authorizations,"documenting technical designs, procedures, problems or activities",documenting and recording information,information skills,skills,False,False,False,False,1,80.0
esco_1799,http://data.europa.eu/esco/skill/ebf40cf9-5c98-4d84-9f01-b7ca74e90682,test concrete,,pour concrete,installing concrete components,building and repairing structures,constructing,False,False,False,False,1,80.0
esco_1800,http://data.europa.eu/esco/skill/ebfe7b18-1fad-463f-9509-8ef1a5736045,perform services in a flexible manner,be flexible,adapt to change,demonstrating willingness to learn,self-management skills and competences,transversal skills and competences,False,False,False,False,8,87.5
esco_1801,http://data.europa.eu/esco/skill/ec0401f1-f690-46be-934b-f6f5611085f5,"maintaining electrical, electronic and precision equipment",,"installing, maintaining and repairing electrical, electronic and precision equipment",working with machinery and specialised equipment,skills,,False,False,False,False,1,80.0
esco_1802,http://data.europa.eu/esco/skill/ec410a76-f890-4012-8863-b82f2c75527c,transportation engineering,transportation engineering analyses,building and civil engineering,architecture and construction,"engineering, manufacturing and construction",knowledge,False,False,False,False,3,76.66666666666667
esco_1803,http://data.europa.eu/esco/skill/ec85cc63-4e24-4631-bf92-8789db2605c0,maintain database security,,maintain freelance database,"managing, gathering and storing digital data",accessing and analysing digital data,working with computers,False,True,False,False,2,80.0
esco_1804,http://data.europa.eu/esco/skill/ecc18804-a466-40d9-98b4-fba5cd67dd4b,accounting,bookkeeping,accounting and taxation,business and administration,"business, administration and law",knowledge,False,False,False,False,9,95.55555555555556
esco_1805,http://data.europa.eu/esco/skill/eccd4313-c931-4e47-853e-76fdfac6e30b,classify insurance claims,analyze insurance claims,reporting incidents and defects,documenting and recording information,information skills,skills,False,False,False,False,1,80.0
esco_1806,http://data.europa.eu/esco/skill/ece25f2f-e91a-4186-a221-caa715195fd7,show diplomacy,showing diplomacy,listening and asking questions,obtaining information verbally,"communication, collaboration and creativity",skills,False,False,False,False,6,96.66666666666667
esco_1807,http://data.europa.eu/esco/skill/ecee574b-4332-4cb4-b81c-d7ac71a0e2e2,apply good clinical practices,employ good clinical practices,"providing medical, dental and nursing care",providing health care or medical treatments,assisting and caring,skills,False,False,False,False,1,80.0
esco_1808,http://data.europa.eu/esco/skill/ed008ded-ce2a-449c-89cc-c559cf66ed1f,review completed contracts,reviewing a completed contract,analysing and evaluating information and data,analysing and evaluating information and data,information skills,skills,False,False,False,False,58,82.75862068965517
esco_1809,http://data.europa.eu/esco/skill/ed21bd4a-ba91-42b4-a533-1d4bbcbf716a,ensure inspections of facilities,ensure inspection of facilities,set production facilities standards,manage quality,working efficiently,self-management skills and competences,False,False,False,False,3,86.66666666666667
esco_1810,http://data.europa.eu/esco/skill/ed39edd3-44d0-4a16-9796-bfb99f92baf3,ICT performance analysis methods,performance analysis techniques,software and applications development and analysis,information and communication technologies (icts),information and communication technologies (icts),knowledge,False,True,False,False,9,70.0
esco_1811,http://data.europa.eu/esco/skill/ed3f3dba-3a35-4ed5-b113-67f4d10ef4c8,scientific research methodology,methods of research,education science,education,education,knowledge,False,False,False,False,6,65.0
esco_1812,http://data.europa.eu/esco/skill/ed57378a-2b27-4d80-8701-124e559cf17d,liaise with educational staff,communicate with educational staff,collaborating and liaising,liaising and networking,"communication, collaboration and creativity",skills,False,False,False,False,1,100.0
esco_1813,http://data.europa.eu/esco/skill/ed5bbc64-7017-4e2e-b44e-65df88013a84,analyse information systems,analyze  information systems,"evaluating systems, programmes, equipment and products",analysing and evaluating information and data,information skills,skills,False,True,False,False,22,65.0
esco_1814,http://data.europa.eu/esco/skill/ed5fab0c-e68c-4205-adfb-34b578a7fbba,prepare shipments in time,arrange shipments in time,manage time,working efficiently,self-management skills and competences,transversal skills and competences,False,False,False,False,1,80.0
esco_1815,http://data.europa.eu/esco/skill/ed7b7841-4df9-4936-9415-f6067e1f3344,plan evaluation,plan work parameters for evaluation,"organising, planning and scheduling work and activities","organising, planning and scheduling work and activities",management skills,skills,False,False,False,False,3,80.0
esco_1816,http://data.europa.eu/esco/skill/ed8de897-adbe-4f0e-b4d2-534953e64c72,integrate system components,,setting up computer systems,setting up and protecting computer systems,working with computers,skills,False,True,False,False,2,75.0
esco_1817,http://data.europa.eu/esco/skill/edb9a54a-9d58-4269-ae59-72bc7cd0f9a5,produce customised products,build customised products,assembling and fabricating products,assembling and fabricating products,handling and moving,skills,False,False,False,False,4,72.5
esco_1818,http://data.europa.eu/esco/skill/edebd83d-35f6-4ed5-a940-6c203d178c01,data science,science of data,inter-disciplinary programmes and qualifications involving information and communication technologies (icts),inter-disciplinary programmes and qualifications involving information and communication technologies (icts),information and communication technologies (icts),knowledge,False,True,False,False,4,82.5
esco_1819,http://data.europa.eu/esco/skill/edf0690f-629d-4674-a9df-45fd89413e85,assess groundwater environmental impact,assessing environmental impact of groundwater,"make health, safety and environment assessments",follow safety precautions in work practices,complying with health and safety procedures,protecting and enforcing,True,False,False,False,1,80.0
esco_1820,http://data.europa.eu/esco/skill/ee3b1553-2dc5-434b-8dcf-4ae3a40b3a48,verify formal ICT specifications,verify formal IT specifications,testing electrical and mechanical systems or equipment ,"monitoring, inspecting and testing",information skills,skills,False,True,False,False,1,80.0
esco_1821,http://data.europa.eu/esco/skill/ee3c1d54-f46a-43c7-a0f9-0ba3648164d0,design enterprise architecture,,designing ict systems or applications,designing systems and products,"communication, collaboration and creativity",skills,False,False,False,False,2,65.0
esco_1822,http://data.europa.eu/esco/skill/ee7f90cc-922e-4da7-a7ae-83c2688fed10,align efforts towards business development,align efforts towards business growth,collaborating and liaising,liaising and networking,"communication, collaboration and creativity",skills,False,False,False,False,1,90.0
esco_1823,http://data.europa.eu/esco/skill/ef1d031a-33f1-4778-934c-080545315686,investigate road accidents,,carrying out forensic and police investigations,"conducting studies, investigations and examinations",information skills,skills,False,False,False,False,2,80.0
esco_1824,http://data.europa.eu/esco/skill/ef250dbf-2f98-4895-8e4b-fdc804e71555,venereology,diagnosis and treatment of sexually transmitted diseases,medicine,health,health and welfare,knowledge,False,False,False,False,4,90.0
esco_1825,http://data.europa.eu/esco/skill/ef3b0fe7-236f-4910-994a-5cf8f126cb9d,types of evaluation,methods of evaluation,economics,social and behavioural sciences,"social sciences, journalism and information",knowledge,False,False,False,False,5,74.0
esco_1826,http://data.europa.eu/esco/skill/efb523d0-c998-440d-8639-cd14ba841c4c,public law,public regulations,law,law,"business, administration and law",knowledge,False,False,False,False,4,72.5
esco_1827,http://data.europa.eu/esco/skill/efb60300-0d55-4b2c-8038-8409587a4727,"promoting products, services, or programs",,"promoting, selling and purchasing","communication, collaboration and creativity",skills,,False,False,False,False,1,80.0
esco_1828,http://data.europa.eu/esco/skill/efbb3d3b-a41c-4e0a-90a8-8e611eb1db9f,"advising on legal, regulatory or procedural matters",,advising and consulting,"communication, collaboration and creativity",skills,,False,False,False,False,2,90.0
esco_1829,http://data.europa.eu/esco/skill/efc5534d-3631-4564-a7b0-f6ae558f3c03,ensure conformity to specifications,ensure conformity to specification,complying with operational procedures,protecting and enforcing,assisting and caring,skills,False,False,False,False,28,76.42857142857143
esco_1830,http://data.europa.eu/esco/skill/efe801a5-8704-4def-8a96-c32f7a6cb9fb,maintain relations with children's parents,stay in contact with children's parents,collaborating and liaising,liaising and networking,"communication, collaboration and creativity",skills,False,False,False,False,1,80.0
esco_1831,http://data.europa.eu/esco/skill/f00b56a7-0160-4af4-bb7c-e6ef02d06a4f,pharmacotherapy,drug therapy,pharmacy,health,health and welfare,knowledge,False,False,False,False,1,80.0
esco_1832,http://data.europa.eu/esco/skill/f0153530-9ff3-4fe6-8f9e-012d06ac5b89,ensure law application,,ensuring compliance with legislation,protecting and enforcing,assisting and caring,skills,False,False,False,False,2,50.0
esco_1833,http://data.europa.eu/esco/skill/f01fe651-4270-47e8-bb85-e74c8084bd83,measure water flow,,measuring dimensions and related properties,measuring physical properties,information skills,skills,False,False,False,False,2,90.0
esco_1834,http://data.europa.eu/esco/skill/f0393af3-bcd9-41af-a36e-0cfb83b60081,manage standard enterprise resource planning system,managing standard enterprise resource planning system,"managing, gathering and storing digital data",accessing and analysing digital data,working with computers,skills,False,True,False,False,1,80.0
esco_1835,http://data.europa.eu/esco/skill/f03a3387-c4a7-41e3-a5d4-dd4577147940,integrated design,integrated design approach,architecture and town planning,architecture and construction,"engineering, manufacturing and construction",knowledge,True,False,False,False,1,80.0
esco_1836,http://data.europa.eu/esco/skill/f0529a12-48bc-4176-949b-5b43aee207bd,develop non-formal educational activities,,teaching and training,teaching and training,"communication, collaboration and creativity",skills,False,False,False,False,1,80.0
esco_1837,http://data.europa.eu/esco/skill/f058bf62-70d1-4f5e-be2a-8b26fac24a96,design graphics,,creating visual displays and decorations,"creating artistic, visual or instructive materials","communication, collaboration and creativity",skills,False,False,False,False,7,82.85714285714286
esco_1838,http://data.europa.eu/esco/skill/f08e2bd6-0366-4948-a670-1f03f130126f,create new concepts,,creating artistic designs or performances,"creating artistic, visual or instructive materials","communication, collaboration and creativity",skills,False,False,False,False,1,50.0
esco_1839,http://data.europa.eu/esco/skill/f0a84d52-91fd-45ec-9fe9-e363d9318b9e,have emotional intelligence,,"counselling on personal, family or social issues",counselling,assisting and caring,skills,False,False,False,False,3,93.33333333333333
esco_1840,http://data.europa.eu/esco/skill/f0b45409-42ca-42bc-a701-041e594d0657,ensure gender equality in the workplace,,promote the principles of democracy and rule of law,applying civic skills and competences,life skills and competences,transversal skills and competences,False,False,False,False,1,80.0
esco_1841,http://data.europa.eu/esco/skill/f0c3839a-e295-42b5-b986-b3960c90c79f,test production input materials,testing production input materials,ensuring compliance with legislation,protecting and enforcing,assisting and caring,skills,False,False,False,False,1,50.0
esco_1842,http://data.europa.eu/esco/skill/f0d4e3d4-2fb0-4ee2-bfee-f06416f7097a,lay sewer pipe,construct sewerage system,lay pipe installation,installing plumbing or piping equipment or systems,installing interior or exterior infrastructure,constructing,False,False,False,False,3,80.0
esco_1843,http://data.europa.eu/esco/skill/f0de4973-0a70-4644-8fd4-3a97080476f4,DevOps,,software and applications development and analysis,information and communication technologies (icts),information and communication technologies (icts),knowledge,False,True,False,False,18,93.33333333333333
esco_1844,http://data.europa.eu/esco/skill/f0fc8821-3b60-487d-9905-6228842ba259,create definitions,creating definitions,writing and composing,writing and composing,"communication, collaboration and creativity",skills,False,False,False,False,2,90.0
esco_1845,http://data.europa.eu/esco/skill/f10142ce-d522-49c3-9fd1-054fb63529d4,develop test procedures,developing test procedures,developing operational policies and procedures,developing objectives and strategies,management skills,skills,False,False,False,False,4,85.0
esco_1846,http://data.europa.eu/esco/skill/f1155d3f-fbca-4298-a31c-f6955653bacf,shape organisational teams based on competencies,shape organisational teams based on competency,building and developing teams,building and developing teams,management skills,skills,False,False,False,False,1,80.0
esco_1847,http://data.europa.eu/esco/skill/f12f094b-492f-4e88-b36b-50b8e58b7500,conduct environmental site assessments,environmental site assessments conduct,assessing land or real estate,analysing and evaluating information and data,information skills,skills,True,False,False,False,4,77.5
esco_1848,http://data.europa.eu/esco/skill/f143bbc9-cc9d-4629-87d5-4d747838ddb3,strategies for handling cases of sexual assault,,psychology,social and behavioural sciences,"social sciences, journalism and information",knowledge,False,False,False,False,1,80.0
esco_1849,http://data.europa.eu/esco/skill/f14ff4b7-be1e-4b55-b39b-520005f8a97e,liaise with managers,work with managers,collaborating and liaising,liaising and networking,"communication, collaboration and creativity",skills,False,False,False,False,3,80.0
esco_1850,http://data.europa.eu/esco/skill/f150e743-1313-48e5-9948-4179a3c7ad95,movement techniques,ways of movement,therapy and rehabilitation,health,health and welfare,knowledge,False,False,False,False,1,50.0
esco_1851,http://data.europa.eu/esco/skill/f1612d7a-0338-4b0f-a2a4-86b5168e2596,collecting and preparing specimens or materials for testing,,transforming and blending materials,handling and moving,skills,,False,False,False,False,5,92.0
esco_1852,http://data.europa.eu/esco/skill/f17f94f1-88cb-4815-873a-2a9639f10729,draft project documentation,formulate project documents,technical or academic writing,writing and composing,"communication, collaboration and creativity",skills,False,False,False,False,3,66.66666666666667
esco_1853,http://data.europa.eu/esco/skill/f1a56786-e6d7-4b2e-a39c-23e09024d473,concepts of telecommunications,,electronics and automation,engineering and engineering trades,"engineering, manufacturing and construction",knowledge,False,True,False,False,1,80.0
esco_1854,http://data.europa.eu/esco/skill/f1b5800e-b763-4740-9586-3fef30568e81,analyse production processes for improvement,investigate production processes for improvement,analysing business operations,analysing and evaluating information and data,information skills,skills,False,False,False,False,1,80.0
esco_1855,http://data.europa.eu/esco/skill/f1f5093b-0b26-4d59-984b-0531c6ccf205,define evaluation objectives and scope,define evaluation scope,developing objectives and strategies,developing objectives and strategies,management skills,skills,False,False,False,False,3,60.0
esco_1856,http://data.europa.eu/esco/skill/f206e732-110c-47ce-a53f-f00c9d97c90d,talent management strategies,talent management,management and administration,business and administration,"business, administration and law",knowledge,False,False,False,False,1,80.0
esco_1857,http://data.europa.eu/esco/skill/f21c2b32-83e0-46b2-99b1-c277e3d27f2f,plan geotechnical investigations in the field,,conduct field work,conducting academic or market research,"conducting studies, investigations and examinations",information skills,False,False,False,False,1,80.0
esco_1858,http://data.europa.eu/esco/skill/f2412a5c-8072-4cd7-8fa1-806864f91276,by-products,byproducts,community sanitation,hygiene and occupational health services,services,knowledge,True,False,False,False,1,100.0
esco_1859,http://data.europa.eu/esco/skill/f263da7f-0708-42c2-b1a9-39083416f632,communicate analytical insights,communicate analytical findings,communicating with colleagues and clients,liaising and networking,"communication, collaboration and creativity",skills,False,False,False,False,12,83.33333333333333
esco_1860,http://data.europa.eu/esco/skill/f28617ad-afdd-4041-814c-216153a38998,analyse software specifications,examine software requirements,programming computer systems,programming computer systems,working with computers,skills,False,True,False,False,1,100.0
esco_1861,http://data.europa.eu/esco/skill/f2c63b7a-ed6c-4890-9f8c-7685d172624c,implement corporate governance,,implementing new procedures or processes,solving problems,"communication, collaboration and creativity",skills,False,False,False,False,2,80.0
esco_1862,http://data.europa.eu/esco/skill/f2d57f41-43b4-4f5b-8100-3df5c21eda50,process data,handle data,entering and transforming information,processing information,information skills,skills,False,True,False,False,24,83.75
esco_1863,http://data.europa.eu/esco/skill/f2d63656-169c-4110-99fe-33914f902466,child protection,child protective services,protection of persons and property,security services,services,knowledge,False,False,False,False,6,83.33333333333333
esco_1864,http://data.europa.eu/esco/skill/f2f463e5-2382-49cb-8199-e7e043d868df,health and safety regulations,application of health and safety regulations,occupational health and safety,hygiene and occupational health services,services,knowledge,True,False,False,False,14,96.42857142857143
esco_1865,http://data.europa.eu/esco/skill/f2fdd2db-8755-4540-8af8-b46f2c0de95f,facilitate access to information,provide access to information,managing information,managing information,information skills,skills,False,False,False,False,4,65.0
esco_1866,http://data.europa.eu/esco/skill/f306bf2a-271d-4059-ba7b-e83849cb8960,performing administrative activities,,management skills,skills,,,False,False,False,False,1,100.0
esco_1867,http://data.europa.eu/esco/skill/f37e7d5e-fe95-4662-98d4-9f64675532e9,interpret floor plans,interpreting floor plans,interpreting technical documentation and diagrams,"conducting studies, investigations and examinations",information skills,skills,False,False,False,False,1,70.0
esco_1868,http://data.europa.eu/esco/skill/f3934441-4bff-4076-9945-e6c51a01c467,use cooking techniques,,preparing food and drinks,preparing and serving food and drinks,assisting and caring,skills,False,False,False,False,1,100.0
esco_1869,http://data.europa.eu/esco/skill/f399a9c1-be41-4117-bf86-a64b503c4cfd,supervise data entry,supervising data entry,use databases,"managing, gathering and storing digital data",accessing and analysing digital data,working with computers,False,True,False,False,1,100.0
esco_1870,http://data.europa.eu/esco/skill/f3a313b1-315b-490c-8f4c-35e8d2d07e3e,national road network,national road system,transport services,transport services,services,knowledge,False,False,False,False,5,50.0
esco_1871,http://data.europa.eu/esco/skill/f3c38c0f-eef5-443f-be68-14d74eaa695b,prioritise emergencies,perform emergency prioritisation,developing contingency and emergency response plans,developing objectives and strategies,management skills,skills,False,False,False,False,1,50.0
esco_1872,http://data.europa.eu/esco/skill/f3c5fae0-c0e3-4410-bc09-62bd82d4cecc,support employability of people with disabilities,integrate people with disabilities in the workplace,developing operational policies and procedures,developing objectives and strategies,management skills,skills,False,False,False,False,1,80.0
esco_1873,http://data.europa.eu/esco/skill/f414dc08-35bd-4bc7-846d-88a3844d057c,trendwatching,trend-watching,political sciences and civics,social and behavioural sciences,"social sciences, journalism and information",knowledge,False,False,False,False,1,80.0
esco_1874,http://data.europa.eu/esco/skill/f41d4cd2-58ed-4ad6-b9c1-a5175c88d392,manage facilities services,,lead others,leading others,social and communication skills and competences,transversal skills and competences,False,False,False,False,1,80.0
esco_1875,http://data.europa.eu/esco/skill/f41f8ff8-b3c6-4f83-9e17-bfa857a01c94,examine legislative drafts,,giving feedback,working with others,"communication, collaboration and creativity",skills,False,False,False,False,1,50.0
esco_1876,http://data.europa.eu/esco/skill/f4346299-e22a-4686-8e61-2c9b0cd51c7d,apply digital security measures,implement digital security measures,working with digital devices and applications,core skills and competences,transversal skills and competences,,False,True,False,False,2,90.0
esco_1877,http://data.europa.eu/esco/skill/f43ee9cc-7284-406f-b23f-3eedb0581141,identify clients' needs,,keep an open mind,demonstrating willingness to learn,self-management skills and competences,transversal skills and competences,False,False,False,False,1,80.0
esco_1878,http://data.europa.eu/esco/skill/f47a1998-0beb-43be-9f46-380aa4d183da,Jenkins (tools for software configuration management),Jenkins,software and applications development and analysis,information and communication technologies (icts),information and communication technologies (icts),knowledge,False,True,False,False,1,100.0
esco_1879,http://data.europa.eu/esco/skill/f4a6e9f7-5cff-46c0-894c-59c20bb78694,automation technology,technologies of automation,electronics and automation,engineering and engineering trades,"engineering, manufacturing and construction",knowledge,False,True,False,False,19,82.63157894736842
esco_1880,http://data.europa.eu/esco/skill/f4a85869-1855-45d5-a43c-7ee8cd451996,perform ICT security testing,,identify ICT security risks,implement ICT risk management,performing risk analysis and management,analysing and evaluating information and data,False,True,False,False,7,80.0
esco_1881,http://data.europa.eu/esco/skill/f4aeba43-dab5-47fa-89ba-f957ecc86657,level earth surface,grading earth surface,operating earthmoving equipment,operating mobile plant,working with machinery and specialised equipment,skills,False,False,False,False,2,90.0
esco_1882,http://data.europa.eu/esco/skill/f4cb64be-4215-4dbf-8649-70ae33228802,analyse issues,investigate issues,analysing and evaluating information and data,analysing and evaluating information and data,information skills,skills,False,False,False,False,8,76.25
esco_1883,http://data.europa.eu/esco/skill/f5084a43-42c9-4bbb-b47c-b3029cf8381d,machine tools,machine equipment,mechanics and metal trades,engineering and engineering trades,"engineering, manufacturing and construction",knowledge,False,False,False,False,2,100.0
esco_1884,http://data.europa.eu/esco/skill/f524f72e-d3d0-4691-9c57-d19756d8b847,support migrants to integrate in the receiving country,help migrants in their integration process in the host country,assisting people to access services,counselling,assisting and caring,skills,False,False,False,False,2,80.0
esco_1885,http://data.europa.eu/esco/skill/f54c10e4-630d-4e50-95e9-4e9e268e8f12,approve engineering design,develop engineering design,designing systems and products,designing systems and products,"communication, collaboration and creativity",skills,False,False,False,False,4,65.0
esco_1886,http://data.europa.eu/esco/skill/f5ac9226-0ace-4d34-a1c3-7b3845834a98,maintain ICT server,,maintain ICT system,use ICT systems,accessing and analysing digital data,accessing and analysing digital data,False,True,False,False,7,71.42857142857143
esco_1887,http://data.europa.eu/esco/skill/f5b33464-4df9-4cf3-b468-b0a2d6b3ee85,operate 3D computer graphics software,,creating visual displays and decorations,"creating artistic, visual or instructive materials","communication, collaboration and creativity",skills,False,True,False,False,1,50.0
esco_1888,http://data.europa.eu/esco/skill/f5bf985b-ac78-4d23-881a-18a359234528,corporate sustainability,,business and administration not further defined,business and administration,"business, administration and law",knowledge,True,False,False,False,3,50.0
esco_1889,http://data.europa.eu/esco/skill/f5c9eef3-0495-4747-9519-d71a58d252bd,demonstrating willingness to learn,,self-management skills and competences,transversal skills and competences,,,False,False,False,False,1,90.0
esco_1890,http://data.europa.eu/esco/skill/f5dd06b8-5d17-4932-9d03-957d0c4f5051,perform resource planning,,estimating resource needs,calculating and estimating,information skills,skills,False,False,False,False,6,93.33333333333333
esco_1891,http://data.europa.eu/esco/skill/f5f15f9c-6334-4728-8dc5-3a20a00dfc37,performing calculations,,calculating and estimating,information skills,skills,,False,False,False,False,6,100.0
esco_1892,http://data.europa.eu/esco/skill/f5f53b80-29b5-4a7e-b876-803d8a07f60a,design press kit for media,,developing instructive or promotional materials,"creating artistic, visual or instructive materials","communication, collaboration and creativity",skills,False,False,False,False,1,80.0
esco_1893,http://data.europa.eu/esco/skill/f5f72523-3e48-47ae-825b-fa49a33cd94b,public housing legislation,public housing rules,law,law,"business, administration and law",knowledge,False,False,False,False,2,90.0
esco_1894,http://data.europa.eu/esco/skill/f6100198-9398-4c31-9003-d976c37d5022,monitor security measures,oversee security measures,monitoring safety or security,"monitoring, inspecting and testing",information skills,skills,False,False,False,False,9,78.88888888888889
esco_1895,http://data.europa.eu/esco/skill/f632251a-4078-4546-b19f-7ef528d08325,use IT tools,utilize IT tools,accessing and analysing digital data,accessing and analysing digital data,working with computers,skills,False,True,False,False,8,63.75
esco_1896,http://data.europa.eu/esco/skill/f642d7ed-e8d7-4355-a747-b85094d4e2e3,prioritise requests,prioritising requests,planning events and programmes,"organising, planning and scheduling work and activities",management skills,skills,False,False,False,False,6,68.33333333333333
esco_1897,http://data.europa.eu/esco/skill/f683ae1d-cb7c-4aa1-b9fe-205e1bd23535,use microsoft office,possess proficiency in microsoft office,using digital tools for collaboration and productivity,"using digital tools for collaboration, content creation and problem solving",working with computers,skills,False,True,False,False,175,94.17142857142858
esco_1898,http://data.europa.eu/esco/skill/f698f8df-b473-40aa-a5c9-033cd892467a,keep up-to-date with regulations,,monitoring developments in area of expertise,monitoring developments in area of expertise,information skills,skills,False,False,False,False,2,80.0
esco_1899,http://data.europa.eu/esco/skill/f6ac6241-adb2-4ce2-b35f-09832cbb11ea,empirical analysis,,personal skills and development,personal skills and development,generic programmes and qualifications,knowledge,False,False,False,False,1,100.0
esco_1900,http://data.europa.eu/esco/skill/f715be1d-5fc4-49d3-82a5-0b8090d12849,synthesise information,synthesise complex information,process qualitative information,analysing and evaluating information and data,analysing and evaluating information and data,information skills,False,False,False,True,9,94.44444444444444
esco_1901,http://data.europa.eu/esco/skill/f7464f30-662b-4177-85a0-3df9693e9e58,first aid,,nursing and midwifery,health,health and welfare,knowledge,False,False,False,False,1,100.0
esco_1902,http://data.europa.eu/esco/skill/f7626ae8-eecf-41f4-bc4f-de9e57ed30a6,rainwater management,management of rainwater,architecture and town planning,architecture and construction,"engineering, manufacturing and construction",knowledge,False,False,False,False,11,80.0
esco_1903,http://data.europa.eu/esco/skill/f77b73f0-8c65-4389-a3ae-3a57a73ad148,develop employee retention programs,developing employee retention programs,managing and administering human resources,allocating and controlling resources,management skills,skills,False,False,False,False,1,100.0
esco_1904,http://data.europa.eu/esco/skill/f780a6ad-b01e-4c35-9746-af8fc0c5ad06,apply crisis management,utilise crisis management,developing contingency and emergency response plans,developing objectives and strategies,management skills,skills,False,False,False,False,6,84.16666666666667
esco_1905,http://data.europa.eu/esco/skill/f79e4715-5776-485c-ab7d-631c9b8d70ad,manage contract disputes,,resolve conflicts,communicating,social and communication skills and competences,transversal skills and competences,False,False,False,False,2,80.0
esco_1906,http://data.europa.eu/esco/skill/f7b071bf-4882-4cfc-ae0a-7e0e0ab94c61,conduct research across disciplines,conduct interdisciplinary research,conducting academic or market research,"conducting studies, investigations and examinations",information skills,skills,False,False,False,True,64,81.5625
esco_1907,http://data.europa.eu/esco/skill/f7b5d916-52f0-4865-b6a6-e1a3b711cb5e,implement strategic planning,,implementing new procedures or processes,solving problems,"communication, collaboration and creativity",skills,False,False,False,False,6,78.33333333333333
esco_1908,http://data.europa.eu/esco/skill/f7c70392-a261-42e9-86a6-fccf3709ac81,driving vehicles,,driving vehicles,working with machinery and specialised equipment,skills,,False,False,False,False,1,50.0
esco_1909,http://data.europa.eu/esco/skill/f7e2eb04-3e50-4561-bce1-7e51a1fec308,define software architecture,define application architecture,designing ict systems or applications,designing systems and products,"communication, collaboration and creativity",skills,False,True,False,False,3,86.66666666666667
esco_1910,http://data.europa.eu/esco/skill/f7e7ccb6-fadc-4c35-935d-e1040be40dfe,handle financial transactions,process financial transactions,executing financial transactions,performing administrative activities,management skills,skills,False,False,False,False,2,80.0
esco_1911,http://data.europa.eu/esco/skill/f7fc7bf8-f41d-44af-81e3-09b88e9779e6,testing electrical and mechanical systems or equipment,,"monitoring, inspecting and testing",information skills,skills,,False,False,False,False,1,80.0
esco_1912,http://data.europa.eu/esco/skill/f8413360-6114-40de-a276-c59b764b9913,renewable energy,,energy,electricity and energy,engineering and engineering trades,"engineering, manufacturing and construction",True,False,False,False,1,80.0
esco_1913,http://data.europa.eu/esco/skill/f84a433f-34f1-4083-b0a3-24802623509c,web services,,software and applications development and analysis,information and communication technologies (icts),information and communication technologies (icts),knowledge,False,True,False,False,8,95.0
esco_1914,http://data.europa.eu/esco/skill/f85bb847-febe-4853-9dbf-7d25424e5921,civil process order,civil handling order,law,law,"business, administration and law",knowledge,False,False,False,False,1,50.0
esco_1915,http://data.europa.eu/esco/skill/f88cb903-83a2-44a3-98a8-e72180ec37a9,plan research process,,conducting academic or market research,"conducting studies, investigations and examinations",information skills,skills,False,False,False,False,2,90.0
esco_1916,http://data.europa.eu/esco/skill/f8b05146-5ffc-44a9-846b-63e3ad1fe187,provide power distribution,supply with power outlets,operating energy production or distribution equipment,operating machinery for the extraction and processing of raw materials,working with machinery and specialised equipment,skills,False,False,False,False,1,50.0
esco_1917,http://data.europa.eu/esco/skill/f8bf9a84-d60b-4edc-bfa0-b0ece9bf8954,create documented procedures,creating documented procedures,"documenting technical designs, procedures, problems or activities",documenting and recording information,information skills,skills,False,False,False,False,5,92.0
esco_1918,http://data.europa.eu/esco/skill/f8e5f1fd-82ee-45c0-b179-399d8e9a22aa,deal with challenging people,,maintaining and enforcing physical security,protecting and enforcing,assisting and caring,skills,False,False,False,False,1,100.0
esco_1919,http://data.europa.eu/esco/skill/f90d4810-8bac-4e5e-b870-3e35a4138ff7,accept own accountability,recognise own accountability,accepting feedback,working with others,"communication, collaboration and creativity",skills,False,False,False,False,2,100.0
esco_1920,http://data.europa.eu/esco/skill/f91ad7eb-f4dd-400f-b69e-6a4e23024741,asphalt mixes,mix of asphalt,building and civil engineering,architecture and construction,"engineering, manufacturing and construction",knowledge,False,False,False,False,2,80.0
esco_1921,http://data.europa.eu/esco/skill/f929c89e-c363-4132-a918-e021d57b307c,supply chain management,management of a supply chain,management and administration,business and administration,"business, administration and law",knowledge,False,False,False,False,1,100.0
esco_1922,http://data.europa.eu/esco/skill/f9670490-8aa4-4540-b121-d440a8294aab,develop data processing applications,,programming computer systems,programming computer systems,working with computers,skills,False,True,False,False,1,80.0
esco_1923,http://data.europa.eu/esco/skill/f96f5aa5-6ed7-40dc-a431-68b0a09d6d4b,design automation components,design automation systems,design engineering components,designing electrical or electronic systems or equipment,designing systems and products,"communication, collaboration and creativity",False,True,False,False,1,50.0
esco_1924,http://data.europa.eu/esco/skill/f975091a-e5a5-4472-ac17-11680e53e98f,seek innovation in current practices,identify innovation,monitoring developments in area of expertise,monitoring developments in area of expertise,information skills,skills,False,False,False,False,5,88.0
esco_1925,http://data.europa.eu/esco/skill/f9a6f35b-01a7-40c9-8b61-b6ee46f97272,operating systems,,software and applications development and analysis,information and communication technologies (icts),information and communication technologies (icts),knowledge,False,True,False,False,10,82.0
esco_1926,http://data.europa.eu/esco/skill/f9bc2890-d1f2-4a83-bd7b-b150a7679c79,Korean,competent in Korean,languages,language skills and knowledge,,,False,False,True,False,1,100.0
esco_1927,http://data.europa.eu/esco/skill/f9d70f2a-c3f0-475d-ac55-dc2e2ba856e8,lead inspections,lead inspection processes,lead others,leading others,social and communication skills and competences,transversal skills and competences,False,False,False,False,4,95.0
esco_1928,http://data.europa.eu/esco/skill/f9e42732-d143-465d-bc9e-b27758537725,set safety and security standards,set standards for safety and security,complying with health and safety procedures,protecting and enforcing,assisting and caring,skills,False,False,False,False,1,80.0
esco_1929,http://data.europa.eu/esco/skill/f9e788df-d68a-4f92-92c7-80e135fc35ff,ICT networking hardware,ICT networking devices,database and network design and administration,information and communication technologies (icts),information and communication technologies (icts),knowledge,False,True,False,False,5,86.0
esco_1930,http://data.europa.eu/esco/skill/fa3e5cec-703e-4d46-b3bb-e8a89540ab54,manage digital archives,managing digital archives,store digital data and systems,"managing, gathering and storing digital data",accessing and analysing digital data,working with computers,False,True,False,False,1,80.0
esco_1931,http://data.europa.eu/esco/skill/fa465db3-56e8-4b5d-a781-e2a313a4ed2d,conduct qualitative research,,conducting academic or market research,"conducting studies, investigations and examinations",information skills,skills,False,False,False,False,7,88.57142857142857
esco_1932,http://data.europa.eu/esco/skill/fa46ff13-5ad7-4a11-85d6-4b0614e411de,food safety standards,,occupational health and safety,hygiene and occupational health services,services,knowledge,False,False,False,False,1,80.0
esco_1933,http://data.europa.eu/esco/skill/fa6acfc3-0a4f-4192-b77d-80e94d0faf2a,manage financial aspects of a company,regulate financial aspects of a company,managing budgets or finances,allocating and controlling resources,management skills,skills,False,False,False,False,4,95.0
esco_1934,http://data.europa.eu/esco/skill/fae27053-8924-4bfd-b565-c9fe502044c9,system design,system architecture design,software and applications development and analysis,information and communication technologies (icts),information and communication technologies (icts),knowledge,False,True,False,False,7,77.14285714285714
esco_1935,http://data.europa.eu/esco/skill/fae7e545-5114-43cc-8e83-178e2549ecb9,building information modelling,BIM,building and civil engineering,architecture and construction,"engineering, manufacturing and construction",knowledge,False,True,False,False,3,83.33333333333333
esco_1936,http://data.europa.eu/esco/skill/faf8943c-72ff-4736-a587-25508695d6f0,maintain financial records,maintaining financial records,"preparing financial documents, records, reports, or budgets",documenting and recording information,information skills,skills,False,False,False,False,2,80.0
esco_1937,http://data.europa.eu/esco/skill/fafbb75f-ec35-4cc2-996a-20c85ef6c266,follow safety procedures when working at heights,,follow safety precautions in work practices,complying with health and safety procedures,protecting and enforcing,assisting and caring,False,False,False,False,1,80.0
esco_1938,http://data.europa.eu/esco/skill/fafe0b9d-dbd9-46bd-b770-26299539ce66,ICT process quality models,software process quality,software and applications development and analysis,information and communication technologies (icts),information and communication technologies (icts),knowledge,False,True,False,False,2,65.0
esco_1939,http://data.europa.eu/esco/skill/fb15ca73-68fb-41db-a235-0b61d7d9021e,participate in medical records' auditing activities,assist in medical records' auditing activities,think critically,"processing information, ideas and concepts",thinking skills and competences,transversal skills and competences,False,False,False,False,1,80.0
esco_1940,http://data.europa.eu/esco/skill/fb3bc9b5-2297-4bba-85b1-60f696a92db8,characteristics of services,service characteristics,wholesale and retail sales,business and administration,"business, administration and law",knowledge,False,False,False,False,1,50.0
esco_1941,http://data.europa.eu/esco/skill/fb40d2c6-fe3c-4e49-9289-49e98900b315,ensure compliance with maintenance legislation,,ensuring compliance with legislation,protecting and enforcing,assisting and caring,skills,False,False,False,False,1,80.0
esco_1942,http://data.europa.eu/esco/skill/fb82ae25-b59f-43fd-aacf-a8308afbe85e,health informatics,use of health information technology,medical diagnostic and treatment technology,health,health and welfare,knowledge,False,True,False,False,4,62.5
esco_1943,http://data.europa.eu/esco/skill/fba826dc-c801-446b-9bde-b989cea1b1c3,liaise with transportation services,,collaborating and liaising,liaising and networking,"communication, collaboration and creativity",skills,False,False,False,False,1,50.0
esco_1944,http://data.europa.eu/esco/skill/fbafa41f-cd05-4109-a649-8b44d306d779,create data models,,manage data,managing information,managing information,information skills,False,True,False,False,10,93.0
esco_1945,http://data.europa.eu/esco/skill/fbbcb9ab-4b95-4e57-a756-30d08b7da7a5,maintain ICT system,,use ICT systems,accessing and analysing digital data,accessing and analysing digital data,working with computers,False,True,False,False,5,74.0
esco_1946,http://data.europa.eu/esco/skill/fbca4e43-3816-44cf-81a5-d7b5ae320c00,guide staff,direct staff,lead others,leading others,social and communication skills and competences,transversal skills and competences,False,False,False,False,11,80.0
esco_1947,http://data.europa.eu/esco/skill/fbe6232a-e2b2-4830-a5e6-ed6415f01e85,analyse community needs,,advocating for individual or community needs,liaising and networking,"communication, collaboration and creativity",skills,False,False,False,False,2,80.0
esco_1948,http://data.europa.eu/esco/skill/fc2eea22-5bd1-4b78-aafe-4eb117c6bdd3,repair alarm system,,program home alarm systems,manage alarm system,"installing and repairing electrical, electronic and precision equipment","installing, maintaining and repairing electrical, electronic and precision equipment",False,False,False,False,1,100.0
esco_1949,http://data.europa.eu/esco/skill/fc4fcb4b-993f-4f2c-b158-c2171ec18ed8,draw design sketches,,create sketches,developing instructive or promotional materials,"creating artistic, visual or instructive materials","communication, collaboration and creativity",False,False,False,False,2,100.0
esco_1950,http://data.europa.eu/esco/skill/fc511e12-fe90-40a0-bec8-227abb5e4255,follow verbal instructions,follow spoken directions,following instructions and procedures,working with others,"communication, collaboration and creativity",skills,False,False,False,False,3,96.66666666666667
esco_1951,http://data.europa.eu/esco/skill/fc54bd7f-0c03-4fdd-af8c-5eb4021e716d,identify with the company's goals,understand and pursue the company's goals,complying with operational procedures,protecting and enforcing,assisting and caring,skills,False,False,False,False,1,80.0
esco_1952,http://data.europa.eu/esco/skill/fc67df93-0a32-4a87-95d9-cb210531929e,edit scripts,copyedit scripts,technical or academic writing,writing and composing,"communication, collaboration and creativity",skills,False,False,False,False,1,80.0
esco_1953,http://data.europa.eu/esco/skill/fca5849d-f92a-4a1b-a8c1-af6836200caf,conduct security screenings,carry out security screenings,maintaining and enforcing physical security,protecting and enforcing,assisting and caring,skills,False,False,False,False,2,50.0
esco_1954,http://data.europa.eu/esco/skill/fca765cf-69ae-4023-aa0d-689a7d731d34,prevent communicable diseases' outbreaks,,advocating for individual or community needs,liaising and networking,"communication, collaboration and creativity",skills,False,False,False,False,2,80.0
esco_1955,http://data.europa.eu/esco/skill/fcb2b5f4-3a64-42f2-987a-073bea986104,business knowledge,knowledge of business,management and administration,business and administration,"business, administration and law",knowledge,False,False,False,False,4,50.0
esco_1956,http://data.europa.eu/esco/skill/fcffe2a5-6253-4848-92e7-749304aca647,develop innovative mobility solutions,determine innovative mobility concepts,designing ict systems or applications,designing systems and products,"communication, collaboration and creativity",skills,False,False,False,False,2,80.0
esco_1957,http://data.europa.eu/esco/skill/fd311456-d8d2-43ca-b6be-a66bbff90302,handle tasks independently,operate tasks independently,work independently,working efficiently,self-management skills and competences,transversal skills and competences,False,False,False,False,11,82.72727272727273
esco_1958,http://data.europa.eu/esco/skill/fd33c66c-70c4-40e6-b87c-5495bd3bf26e,design user interface,,designing ict systems or applications,designing systems and products,"communication, collaboration and creativity",skills,False,True,False,False,7,72.85714285714286
esco_1959,http://data.europa.eu/esco/skill/fd4386c5-96f0-4c6e-970c-c08729ae0cc6,develop product design,develop product designs,designing systems and products,designing systems and products,"communication, collaboration and creativity",skills,False,False,False,False,2,100.0
esco_1960,http://data.europa.eu/esco/skill/fd446407-b08e-49da-b8e3-7e7c79618c3f,conduct public presentations,conducting public presentations,presenting general information,presenting information,"communication, collaboration and creativity",skills,False,False,False,False,30,96.0
esco_1961,http://data.europa.eu/esco/skill/fd60bbcc-c3b6-4fa5-936c-eef5ae0a2d44,install low voltage wiring,install ethernet cables,"installing and repairing electrical, electronic and precision equipment","installing, maintaining and repairing electrical, electronic and precision equipment",working with machinery and specialised equipment,skills,False,False,False,False,2,80.0
esco_1962,http://data.europa.eu/esco/skill/fd61cec0-cfab-4a4a-9157-e8f21e612116,principles of landscape construction,,building and civil engineering,architecture and construction,"engineering, manufacturing and construction",knowledge,False,False,False,False,1,80.0
esco_1963,http://data.europa.eu/esco/skill/fd6d2981-3d4a-4ce2-9741-cfc98c5b74bd,implement data warehousing techniques,,"managing, gathering and storing digital data",accessing and analysing digital data,working with computers,skills,False,True,False,False,2,80.0
esco_1964,http://data.europa.eu/esco/skill/fd89f784-88dc-4d35-abd7-86aa073cab12,keep an open mind,take on new ideas and experiences,demonstrating willingness to learn,self-management skills and competences,transversal skills and competences,,False,False,False,False,2,90.0
esco_1965,http://data.europa.eu/esco/skill/fdf15b35-9028-4acb-bfd2-43f00a015cd9,use personal organization software,Outlook Time,use communication and collaboration software,working with digital devices and applications,core skills and competences,transversal skills and competences,False,True,False,False,19,91.57894736842105
esco_1966,http://data.europa.eu/esco/skill/fe1ec582-d63b-466c-9149-e7fc4fe93e22,supplier management,,management and administration,business and administration,"business, administration and law",knowledge,False,False,False,False,6,60.0
esco_1967,http://data.europa.eu/esco/skill/fe30a4b0-1a99-4fc7-afff-b162b8c834ba,communication principles,principles of communication,personal skills and development,personal skills and development,generic programmes and qualifications,knowledge,False,False,False,False,12,75.0
esco_1968,http://data.europa.eu/esco/skill/fe317a4c-e4e0-45ee-8b0d-204a68014f9e,protecting and enforcing,,protecting and enforcing,assisting and caring,skills,,False,False,False,False,1,80.0
esco_1969,http://data.europa.eu/esco/skill/fe39d4db-4cb5-4299-bb9f-896c8fd6ab13,perform market research,performing market research,conducting academic or market research,"conducting studies, investigations and examinations",information skills,skills,False,False,False,False,1,100.0
esco_1970,http://data.europa.eu/esco/skill/fe5eabaa-63f6-4c44-b405-fc3ded8d56cb,leading others,,social and communication skills and competences,transversal skills and competences,,,False,False,False,False,32,98.75
esco_1971,http://data.europa.eu/esco/skill/fe77f9ca-7bd2-4a68-98f4-8463a4fb8301,construction industry,the construction industry,building and civil engineering,architecture and construction,"engineering, manufacturing and construction",knowledge,False,False,False,False,5,50.0
esco_1972,http://data.europa.eu/esco/skill/fec07ca8-9421-4dfd-b1b4-d82f934ed3c1,manage on-board water systems,manage water systems on board,operating pumping systems or equipment,operating machinery for the extraction and processing of raw materials,working with machinery and specialised equipment,skills,False,False,False,False,1,50.0
esco_1973,http://data.europa.eu/esco/skill/fecf8a0d-62c4-4e71-9b03-0f4fc2ad7bf5,data models,,database and network design and administration,information and communication technologies (icts),information and communication technologies (icts),knowledge,False,True,False,False,7,90.0
esco_1974,http://data.europa.eu/esco/skill/ff599c4c-f7bc-44fc-b75f-eea4b7178692,management systems standards,management systems principles,management and administration,business and administration,"business, administration and law",knowledge,False,False,False,False,7,80.0
esco_1975,http://data.europa.eu/esco/skill/ff64e9fc-36dd-4035-872a-83aa41dc1ad9,communicate with a non-scientific audience,,presenting research or technical information,presenting information,"communication, collaboration and creativity",skills,False,False,False,True,18,98.88888888888889
esco_1976,http://data.europa.eu/esco/skill/ff862044-d49e-4417-bf65-1ae2c0a47e5a,analyse work-related written reports,analyze  work-related written reports,analysing business operations,analysing and evaluating information and data,information skills,skills,False,False,False,False,2,90.0
esco_1977,http://data.europa.eu/esco/skill/ff8bd17c-77e9-4d4e-929a-a0cf86f3ed34,surveillance methods,surveillance approaches,electronics and automation,engineering and engineering trades,"engineering, manufacturing and construction",knowledge,False,False,False,False,2,75.0
esco_1978,http://data.europa.eu/esco/skill/ff9ed77c-f19c-41d8-8b11-a382c6819e8d,preserve samples,,collecting and preparing specimens or materials for testing,transforming and blending materials,handling and moving,skills,False,False,False,False,1,100.0
esco_1979,http://data.europa.eu/esco/skill/ffa1d58b-ba09-49bd-a982-e743b2237006,perform energy simulations,,analysing and evaluating information and data,analysing and evaluating information and data,information skills,skills,True,True,False,False,1,80.0
esco_1980,http://data.europa.eu/esco/skill/fff5bc45-b506-4466-8977-4869079c1cb2,coordinate construction activities,coordinating construction activities,collaborating and liaising,liaising and networking,"communication, collaboration and creativity",skills,False,False,False,False,8,80.0
